Customer_ID,Loyalty_Tier,Region
CUST-00001,None,North
CUST-00002,None,East
CUST-00003,None,West
CUST-00004,None,East
CUST-00005,None,East
CUST-00006,None,North
CUST-00007,Silver,North
CUST-00008,None,East
CUST-00009,None,West
CUST-00010,None,South
CUST-00011,Gold,South
CUST-00012,None,West
CUST-00013,Gold,East
CUST-00014,None,South
CUST-00015,None,East
CUST-00016,Silver,North
CUST-00017,None,North
CUST-00018,None,North
CUST-00019,None,North
CUST-00020,None,North
CUST-00021,Gold,West
CUST-00022,None,North
CUST-00023,Silver,South
CUST-00024,None,South
CUST-00025,Silver,North
CUST-00026,Silver,South
CUST-00027,Gold,East
CUST-00028,Silver,West
CUST-00029,None,North
CUST-00030,None,North
CUST-00031,None,West
CUST-00032,None,West
CUST-00033,None,West
CUST-00034,None,West
CUST-00035,Silver,South
CUST-00036,None,East
CUST-00037,None,South
CUST-00038,None,South
CUST-00039,None,West
CUST-00040,None,East
CUST-00041,Gold,East
CUST-00042,None,West
CUST-00043,Silver,West
CUST-00044,None,South
CUST-00045,None,West
CUST-00046,None,North
CUST-00047,Silver,South
CUST-00048,Gold,North
CUST-00049,None,East
CUST-00050,None,West
CUST-00051,None,East
CUST-00052,None,North
CUST-00053,None,West
CUST-00054,None,South
CUST-00055,Silver,West
CUST-00056,None,East
CUST-00057,Gold,East
CUST-00058,Silver,West
CUST-00059,Silver,West
CUST-00060,Gold,South
CUST-00061,None,South
CUST-00062,None,South
CUST-00063,None,North
CUST-00064,None,West
CUST-00065,None,North
CUST-00066,None,North
CUST-00067,None,West
CUST-00068,None,South
CUST-00069,Gold,South
CUST-00070,None,East
CUST-00071,Silver,West
CUST-00072,None,North
CUST-00073,None,East
CUST-00074,Silver,South
CUST-00075,None,East
CUST-00076,Silver,West
CUST-00077,Silver,North
CUST-00078,Silver,East
CUST-00079,Gold,North
CUST-00080,None,South
CUST-00081,Silver,West
CUST-00082,None,West
CUST-00083,Silver,East
CUST-00084,None,North
CUST-00085,Silver,East
CUST-00086,None,West
CUST-00087,Silver,North
CUST-00088,None,South
CUST-00089,None,South
CUST-00090,None,West
CUST-00091,Silver,West
CUST-00092,None,East
CUST-00093,None,South
CUST-00094,None,West
CUST-00095,None,North
CUST-00096,Silver,North
CUST-00097,Silver,West
CUST-00098,None,East
CUST-00099,Silver,North
CUST-00100,Silver,East
CUST-00101,None,East
CUST-00102,None,West
CUST-00103,None,North
CUST-00104,Gold,South
CUST-00105,None,East
CUST-00106,Silver,South
CUST-00107,None,East
CUST-00108,None,West
CUST-00109,None,South
CUST-00110,None,South
CUST-00111,None,South
CUST-00112,None,North
CUST-00113,Gold,North
CUST-00114,Silver,East
CUST-00115,Silver,South
CUST-00116,None,West
CUST-00117,None,East
CUST-00118,Silver,South
CUST-00119,Silver,South
CUST-00120,Silver,North
CUST-00121,Silver,West
CUST-00122,None,North
CUST-00123,Silver,East
CUST-00124,None,East
CUST-00125,None,South
CUST-00126,Silver,West
CUST-00127,Silver,East
CUST-00128,Silver,East
CUST-00129,None,North
CUST-00130,None,East
CUST-00131,None,West
CUST-00132,Gold,South
CUST-00133,None,South
CUST-00134,Silver,North
CUST-00135,Gold,South
CUST-00136,Gold,East
CUST-00137,None,East
CUST-00138,None,South
CUST-00139,None,West
CUST-00140,Gold,East
CUST-00141,None,South
CUST-00142,None,East
CUST-00143,None,South
CUST-00144,Silver,West
CUST-00145,None,North
CUST-00146,Silver,South
CUST-00147,None,West
CUST-00148,None,South
CUST-00149,None,South
CUST-00150,Gold,West
CUST-00151,None,North
CUST-00152,None,South
CUST-00153,None,East
CUST-00154,Silver,South
CUST-00155,None,West
CUST-00156,Silver,South
CUST-00157,None,North
CUST-00158,None,East
CUST-00159,None,North
CUST-00160,None,East
CUST-00161,Silver,West
CUST-00162,Gold,North
CUST-00163,None,North
CUST-00164,None,West
CUST-00165,None,North
CUST-00166,None,East
CUST-00167,Silver,East
CUST-00168,None,South
CUST-00169,Silver,West
CUST-00170,None,East
CUST-00171,None,East
CUST-00172,Silver,West
CUST-00173,None,North
CUST-00174,None,East
CUST-00175,Silver,East
CUST-00176,None,North
CUST-00177,None,East
CUST-00178,None,West
CUST-00179,None,South
CUST-00180,None,West
CUST-00181,None,South
CUST-00182,None,East
CUST-00183,None,South
CUST-00184,None,North
CUST-00185,None,South
CUST-00186,None,North
CUST-00187,Silver,East
CUST-00188,None,East
CUST-00189,None,North
CUST-00190,None,West
CUST-00191,None,West
CUST-00192,None,South
CUST-00193,Silver,South
CUST-00194,Silver,West
CUST-00195,Silver,East
CUST-00196,Silver,South
CUST-00197,None,North
CUST-00198,None,West
CUST-00199,Silver,North
CUST-00200,None,North
CUST-00201,Silver,South
CUST-00202,Silver,East
CUST-00203,None,North
CUST-00204,Silver,South
CUST-00205,Silver,North
CUST-00206,Silver,North
CUST-00207,Silver,West
CUST-00208,None,West
CUST-00209,Silver,West
CUST-00210,Silver,East
CUST-00211,Silver,West
CUST-00212,None,West
CUST-00213,Silver,West
CUST-00214,None,South
CUST-00215,Silver,South
CUST-00216,Gold,West
CUST-00217,Silver,North
CUST-00218,Gold,North
CUST-00219,None,East
CUST-00220,None,South
CUST-00221,None,East
CUST-00222,Silver,South
CUST-00223,None,East
CUST-00224,None,South
CUST-00225,None,East
CUST-00226,Silver,East
CUST-00227,None,West
CUST-00228,Silver,West
CUST-00229,None,East
CUST-00230,None,West
CUST-00231,Silver,North
CUST-00232,None,West
CUST-00233,Silver,North
CUST-00234,None,East
CUST-00235,Silver,South
CUST-00236,None,South
CUST-00237,Silver,North
CUST-00238,None,South
CUST-00239,Silver,West
CUST-00240,None,West
CUST-00241,Silver,West
CUST-00242,Silver,West
CUST-00243,Silver,West
CUST-00244,None,East
CUST-00245,None,West
CUST-00246,None,South
CUST-00247,None,West
CUST-00248,Silver,North
CUST-00249,None,South
CUST-00250,Silver,North
CUST-00251,Silver,South
CUST-00252,Silver,East
CUST-00253,Silver,South
CUST-00254,Gold,North
CUST-00255,Silver,West
CUST-00256,Silver,East
CUST-00257,Silver,South
CUST-00258,Silver,West
CUST-00259,None,North
CUST-00260,None,West
CUST-00261,Silver,South
CUST-00262,Silver,North
CUST-00263,None,South
CUST-00264,None,West
CUST-00265,None,West
CUST-00266,None,South
CUST-00267,Silver,West
CUST-00268,None,West
CUST-00269,None,South
CUST-00270,None,South
CUST-00271,None,North
CUST-00272,None,East
CUST-00273,Gold,South
CUST-00274,None,West
CUST-00275,Silver,West
CUST-00276,None,North
CUST-00277,Silver,East
CUST-00278,None,South
CUST-00279,None,North
CUST-00280,None,West
CUST-00281,None,East
CUST-00282,None,West
CUST-00283,Silver,South
CUST-00284,None,South
CUST-00285,None,North
CUST-00286,None,North
CUST-00287,None,West
CUST-00288,Silver,South
CUST-00289,Gold,East
CUST-00290,None,North
CUST-00291,None,South
CUST-00292,None,West
CUST-00293,Silver,South
CUST-00294,Silver,North
CUST-00295,None,West
CUST-00296,None,West
CUST-00297,None,East
CUST-00298,Silver,South
CUST-00299,None,East
CUST-00300,None,South
CUST-00301,Silver,South
CUST-00302,Silver,South
CUST-00303,Silver,North
CUST-00304,None,East
CUST-00305,Gold,West
CUST-00306,Silver,West
CUST-00307,None,West
CUST-00308,Gold,East
CUST-00309,None,South
CUST-00310,Silver,North
CUST-00311,None,South
CUST-00312,None,North
CUST-00313,None,North
CUST-00314,None,East
CUST-00315,Silver,East
CUST-00316,None,South
CUST-00317,Gold,West
CUST-00318,None,West
CUST-00319,Silver,West
CUST-00320,Silver,North
CUST-00321,Silver,North
CUST-00322,Gold,South
CUST-00323,None,East
CUST-00324,Silver,South
CUST-00325,None,North
CUST-00326,Silver,South
CUST-00327,Silver,South
CUST-00328,Silver,South
CUST-00329,None,South
CUST-00330,None,West
CUST-00331,None,North
CUST-00332,None,South
CUST-00333,Gold,South
CUST-00334,None,East
CUST-00335,None,South
CUST-00336,None,South
CUST-00337,Silver,North
CUST-00338,Silver,North
CUST-00339,Silver,South
CUST-00340,None,East
CUST-00341,None,South
CUST-00342,None,East
CUST-00343,None,West
CUST-00344,None,North
CUST-00345,None,East
CUST-00346,Silver,South
CUST-00347,Silver,North
CUST-00348,None,North
CUST-00349,None,East
CUST-00350,Gold,East
CUST-00351,None,West
CUST-00352,None,South
CUST-00353,Gold,West
CUST-00354,None,West
CUST-00355,None,East
CUST-00356,None,West
CUST-00357,Silver,West
CUST-00358,Silver,South
CUST-00359,Silver,South
CUST-00360,None,South
CUST-00361,Silver,West
CUST-00362,Silver,North
CUST-00363,None,West
CUST-00364,None,North
CUST-00365,None,West
CUST-00366,None,West
CUST-00367,Silver,South
CUST-00368,Silver,North
CUST-00369,None,East
CUST-00370,None,South
CUST-00371,None,West
CUST-00372,Silver,East
CUST-00373,None,South
CUST-00374,None,East
CUST-00375,Silver,West
CUST-00376,Gold,East
CUST-00377,Silver,West
CUST-00378,Gold,South
CUST-00379,Silver,North
CUST-00380,Silver,South
CUST-00381,None,South
CUST-00382,None,North
CUST-00383,Silver,East
CUST-00384,Silver,North
CUST-00385,None,North
CUST-00386,None,East
CUST-00387,None,North
CUST-00388,None,South
CUST-00389,Silver,East
CUST-00390,Gold,South
CUST-00391,Silver,East
CUST-00392,Gold,South
CUST-00393,Silver,South
CUST-00394,Gold,West
CUST-00395,Silver,West
CUST-00396,None,South
CUST-00397,None,West
CUST-00398,None,South
CUST-00399,Silver,North
CUST-00400,None,East
CUST-00401,None,East
CUST-00402,None,North
CUST-00403,None,South
CUST-00404,Silver,West
CUST-00405,None,East
CUST-00406,None,South
CUST-00407,None,East
CUST-00408,None,East
CUST-00409,Silver,East
CUST-00410,None,South
CUST-00411,Silver,South
CUST-00412,None,East
CUST-00413,Gold,East
CUST-00414,None,West
CUST-00415,Silver,East
CUST-00416,None,East
CUST-00417,Silver,East
CUST-00418,None,North
CUST-00419,None,East
CUST-00420,Silver,West
CUST-00421,None,East
CUST-00422,None,East
CUST-00423,Gold,East
CUST-00424,None,South
CUST-00425,Silver,North
CUST-00426,None,North
CUST-00427,Silver,East
CUST-00428,None,North
CUST-00429,None,West
CUST-00430,None,South
CUST-00431,Silver,West
CUST-00432,None,South
CUST-00433,Silver,East
CUST-00434,None,South
CUST-00435,None,North
CUST-00436,Gold,West
CUST-00437,None,South
CUST-00438,None,North
CUST-00439,None,West
CUST-00440,None,South
CUST-00441,None,East
CUST-00442,None,East
CUST-00443,None,South
CUST-00444,None,North
CUST-00445,Gold,South
CUST-00446,None,East
CUST-00447,None,South
CUST-00448,Silver,South
CUST-00449,None,North
CUST-00450,None,West
CUST-00451,None,South
CUST-00452,None,North
CUST-00453,Silver,East
CUST-00454,Gold,West
CUST-00455,None,East
CUST-00456,None,North
CUST-00457,Silver,East
CUST-00458,None,East
CUST-00459,Silver,South
CUST-00460,None,North
CUST-00461,None,East
CUST-00462,None,West
CUST-00463,Gold,South
CUST-00464,Gold,South
CUST-00465,Silver,South
CUST-00466,Silver,West
CUST-00467,Silver,West
CUST-00468,None,West
CUST-00469,None,South
CUST-00470,None,South
CUST-00471,None,North
CUST-00472,Silver,East
CUST-00473,Silver,West
CUST-00474,Silver,North
CUST-00475,Silver,East
CUST-00476,None,South
CUST-00477,None,South
CUST-00478,None,East
CUST-00479,None,West
CUST-00480,None,East
CUST-00481,None,East
CUST-00482,None,South
CUST-00483,Silver,North
CUST-00484,None,East
CUST-00485,None,West
CUST-00486,None,West
CUST-00487,None,South
CUST-00488,None,West
CUST-00489,None,North
CUST-00490,None,East
CUST-00491,None,East
CUST-00492,None,East
CUST-00493,None,East
CUST-00494,None,North
CUST-00495,Silver,East
CUST-00496,None,West
CUST-00497,Silver,East
CUST-00498,Silver,South
CUST-00499,None,South
CUST-00500,None,West
CUST-00501,Silver,East
CUST-00502,None,South
CUST-00503,Gold,South
CUST-00504,Silver,North
CUST-00505,None,East
CUST-00506,Silver,South
CUST-00507,None,North
CUST-00508,None,North
CUST-00509,Silver,South
CUST-00510,None,West
CUST-00511,Silver,East
CUST-00512,Gold,South
CUST-00513,None,North
CUST-00514,None,East
CUST-00515,None,North
CUST-00516,None,South
CUST-00517,None,West
CUST-00518,None,East
CUST-00519,Silver,South
CUST-00520,Silver,North
CUST-00521,None,West
CUST-00522,Gold,West
CUST-00523,None,South
CUST-00524,None,East
CUST-00525,Gold,East
CUST-00526,None,West
CUST-00527,None,South
CUST-00528,None,East
CUST-00529,Silver,North
CUST-00530,None,North
CUST-00531,None,South
CUST-00532,Gold,West
CUST-00533,None,North
CUST-00534,Silver,South
CUST-00535,Silver,North
CUST-00536,None,West
CUST-00537,Silver,West
CUST-00538,None,South
CUST-00539,None,North
CUST-00540,None,South
CUST-00541,Silver,North
CUST-00542,Gold,South
CUST-00543,Gold,West
CUST-00544,None,West
CUST-00545,None,South
CUST-00546,None,West
CUST-00547,None,West
CUST-00548,Gold,North
CUST-00549,Silver,West
CUST-00550,None,East
CUST-00551,Gold,North
CUST-00552,None,North
CUST-00553,None,West
CUST-00554,None,West
CUST-00555,Silver,North
CUST-00556,None,West
CUST-00557,Silver,East
CUST-00558,None,South
CUST-00559,None,North
CUST-00560,None,North
CUST-00561,None,South
CUST-00562,None,South
CUST-00563,None,South
CUST-00564,Silver,West
CUST-00565,None,East
CUST-00566,None,West
CUST-00567,Silver,North
CUST-00568,None,West
CUST-00569,None,East
CUST-00570,Silver,South
CUST-00571,Gold,North
CUST-00572,None,East
CUST-00573,Silver,South
CUST-00574,Silver,East
CUST-00575,None,North
CUST-00576,Silver,East
CUST-00577,Gold,North
CUST-00578,None,North
CUST-00579,None,South
CUST-00580,None,East
CUST-00581,None,West
CUST-00582,None,South
CUST-00583,None,North
CUST-00584,None,East
CUST-00585,Silver,West
CUST-00586,None,East
CUST-00587,None,South
CUST-00588,None,North
CUST-00589,None,South
CUST-00590,None,East
CUST-00591,Gold,West
CUST-00592,None,West
CUST-00593,Silver,South
CUST-00594,None,South
CUST-00595,None,North
CUST-00596,Silver,West
CUST-00597,None,West
CUST-00598,None,South
CUST-00599,Gold,North
CUST-00600,None,South
CUST-00601,None,East
CUST-00602,Silver,South
CUST-00603,None,West
CUST-00604,None,East
CUST-00605,Gold,East
CUST-00606,Silver,West
CUST-00607,None,East
CUST-00608,Silver,West
CUST-00609,Gold,North
CUST-00610,Gold,West
CUST-00611,Gold,West
CUST-00612,Silver,West
CUST-00613,Gold,South
CUST-00614,Gold,North
CUST-00615,Gold,North
CUST-00616,Silver,North
CUST-00617,None,South
CUST-00618,None,East
CUST-00619,Silver,South
CUST-00620,None,South
CUST-00621,None,South
CUST-00622,Silver,East
CUST-00623,Silver,West
CUST-00624,None,North
CUST-00625,Silver,North
CUST-00626,None,North
CUST-00627,None,South
CUST-00628,Silver,South
CUST-00629,Silver,East
CUST-00630,Gold,West
CUST-00631,None,South
CUST-00632,None,North
CUST-00633,None,North
CUST-00634,Silver,East
CUST-00635,None,South
CUST-00636,None,East
CUST-00637,None,South
CUST-00638,None,South
CUST-00639,Silver,North
CUST-00640,Silver,North
CUST-00641,Silver,East
CUST-00642,None,West
CUST-00643,Silver,South
CUST-00644,Silver,East
CUST-00645,None,North
CUST-00646,Gold,West
CUST-00647,None,North
CUST-00648,None,South
CUST-00649,None,North
CUST-00650,Gold,North
CUST-00651,None,North
CUST-00652,None,West
CUST-00653,Silver,South
CUST-00654,None,North
CUST-00655,None,West
CUST-00656,Silver,East
CUST-00657,Gold,North
CUST-00658,None,East
CUST-00659,None,West
CUST-00660,Silver,South
CUST-00661,None,South
CUST-00662,Gold,North
CUST-00663,None,North
CUST-00664,None,North
CUST-00665,None,North
CUST-00666,Gold,South
CUST-00667,Silver,East
CUST-00668,None,North
CUST-00669,None,West
CUST-00670,None,South
CUST-00671,Silver,South
CUST-00672,None,South
CUST-00673,None,East
CUST-00674,Silver,North
CUST-00675,Gold,West
CUST-00676,None,East
CUST-00677,None,South
CUST-00678,None,East
CUST-00679,Silver,East
CUST-00680,Silver,North
CUST-00681,None,South
CUST-00682,None,West
CUST-00683,None,West
CUST-00684,None,South
CUST-00685,Gold,North
CUST-00686,Silver,East
CUST-00687,Silver,East
CUST-00688,Silver,North
CUST-00689,Silver,North
CUST-00690,None,East
CUST-00691,None,West
CUST-00692,Silver,West
CUST-00693,Silver,West
CUST-00694,Gold,North
CUST-00695,None,South
CUST-00696,None,West
CUST-00697,None,East
CUST-00698,None,North
CUST-00699,Silver,North
CUST-00700,None,North
CUST-00701,None,West
CUST-00702,Silver,North
CUST-00703,None,South
CUST-00704,Gold,North
CUST-00705,None,South
CUST-00706,None,North
CUST-00707,Silver,South
CUST-00708,Silver,East
CUST-00709,Silver,South
CUST-00710,None,East
CUST-00711,None,East
CUST-00712,Silver,South
CUST-00713,None,South
CUST-00714,None,East
CUST-00715,Silver,South
CUST-00716,Silver,North
CUST-00717,Silver,North
CUST-00718,None,East
CUST-00719,None,East
CUST-00720,None,North
CUST-00721,None,North
CUST-00722,None,West
CUST-00723,None,West
CUST-00724,None,East
CUST-00725,Silver,South
CUST-00726,None,South
CUST-00727,Gold,East
CUST-00728,None,West
CUST-00729,None,West
CUST-00730,None,West
CUST-00731,Silver,East
CUST-00732,None,North
CUST-00733,Silver,North
CUST-00734,None,East
CUST-00735,None,East
CUST-00736,Silver,West
CUST-00737,None,West
CUST-00738,None,North
CUST-00739,Silver,West
CUST-00740,None,South
CUST-00741,None,East
CUST-00742,None,East
CUST-00743,None,West
CUST-00744,None,North
CUST-00745,None,South
CUST-00746,None,East
CUST-00747,None,West
CUST-00748,Silver,North
CUST-00749,Gold,West
CUST-00750,None,West
CUST-00751,None,South
CUST-00752,None,East
CUST-00753,None,East
CUST-00754,None,West
CUST-00755,None,South
CUST-00756,None,East
CUST-00757,None,East
CUST-00758,None,South
CUST-00759,None,West
CUST-00760,None,East
CUST-00761,None,North
CUST-00762,Gold,East
CUST-00763,None,South
CUST-00764,None,North
CUST-00765,None,South
CUST-00766,None,North
CUST-00767,Silver,East
CUST-00768,None,North
CUST-00769,None,East
CUST-00770,Gold,North
CUST-00771,Silver,West
CUST-00772,None,South
CUST-00773,Silver,South
CUST-00774,Gold,East
CUST-00775,None,East
CUST-00776,Gold,East
CUST-00777,None,East
CUST-00778,None,West
CUST-00779,Gold,South
CUST-00780,None,West
CUST-00781,Silver,North
CUST-00782,None,South
CUST-00783,None,South
CUST-00784,Silver,West
CUST-00785,None,South
CUST-00786,None,South
CUST-00787,Silver,North
CUST-00788,None,West
CUST-00789,Gold,East
CUST-00790,None,North
CUST-00791,None,East
CUST-00792,None,South
CUST-00793,Silver,South
CUST-00794,Silver,West
CUST-00795,None,West
CUST-00796,Silver,West
CUST-00797,None,North
CUST-00798,None,South
CUST-00799,None,West
CUST-00800,None,South
CUST-00801,Silver,North
CUST-00802,Silver,North
CUST-00803,None,North
CUST-00804,None,North
CUST-00805,Gold,West
CUST-00806,None,South
CUST-00807,None,South
CUST-00808,None,South
CUST-00809,Silver,North
CUST-00810,None,East
CUST-00811,Silver,South
CUST-00812,None,North
CUST-00813,None,West
CUST-00814,None,West
CUST-00815,Silver,South
CUST-00816,Silver,East
CUST-00817,Silver,South
CUST-00818,Gold,North
CUST-00819,None,North
CUST-00820,None,East
CUST-00821,Silver,North
CUST-00822,Silver,North
CUST-00823,Silver,East
CUST-00824,Gold,North
CUST-00825,Gold,West
CUST-00826,None,East
CUST-00827,Gold,South
CUST-00828,Silver,East
CUST-00829,Silver,North
CUST-00830,None,East
CUST-00831,None,North
CUST-00832,None,North
CUST-00833,Silver,South
CUST-00834,Silver,North
CUST-00835,None,East
CUST-00836,Gold,North
CUST-00837,None,West
CUST-00838,None,East
CUST-00839,Silver,West
CUST-00840,Silver,South
CUST-00841,Gold,North
CUST-00842,None,South
CUST-00843,None,North
CUST-00844,Gold,West
CUST-00845,None,East
CUST-00846,None,East
CUST-00847,Silver,South
CUST-00848,Silver,North
CUST-00849,Gold,South
CUST-00850,Silver,North
CUST-00851,Silver,West
CUST-00852,None,South
CUST-00853,None,West
CUST-00854,None,North
CUST-00855,Silver,East
CUST-00856,None,South
CUST-00857,Silver,East
CUST-00858,Silver,North
CUST-00859,None,South
CUST-00860,Silver,West
CUST-00861,None,North
CUST-00862,None,North
CUST-00863,None,South
CUST-00864,None,North
CUST-00865,None,East
CUST-00866,None,South
CUST-00867,None,South
CUST-00868,Gold,North
CUST-00869,Silver,West
CUST-00870,Silver,North
CUST-00871,None,South
CUST-00872,Silver,North
CUST-00873,None,South
CUST-00874,None,North
CUST-00875,Silver,East
CUST-00876,None,North
CUST-00877,None,North
CUST-00878,None,East
CUST-00879,None,South
CUST-00880,Silver,West
CUST-00881,None,West
CUST-00882,Silver,East
CUST-00883,Silver,South
CUST-00884,None,West
CUST-00885,None,West
CUST-00886,None,East
CUST-00887,Silver,East
CUST-00888,Silver,East
CUST-00889,None,West
CUST-00890,None,South
CUST-00891,Silver,East
CUST-00892,None,East
CUST-00893,None,North
CUST-00894,Gold,North
CUST-00895,None,South
CUST-00896,None,East
CUST-00897,Gold,East
CUST-00898,None,North
CUST-00899,None,West
CUST-00900,Gold,East
CUST-00901,Gold,North
CUST-00902,None,West
CUST-00903,Silver,East
CUST-00904,None,South
CUST-00905,None,South
CUST-00906,None,South
CUST-00907,Silver,South
CUST-00908,Gold,South
CUST-00909,None,South
CUST-00910,Gold,South
CUST-00911,None,South
CUST-00912,None,North
CUST-00913,Silver,West
CUST-00914,None,South
CUST-00915,None,North
CUST-00916,Silver,West
CUST-00917,None,South
CUST-00918,None,North
CUST-00919,None,South
CUST-00920,None,West
CUST-00921,None,East
CUST-00922,Silver,West
CUST-00923,Gold,East
CUST-00924,None,East
CUST-00925,None,West
CUST-00926,Gold,East
CUST-00927,Silver,North
CUST-00928,Silver,East
CUST-00929,None,North
CUST-00930,None,East
CUST-00931,Silver,West
CUST-00932,None,East
CUST-00933,None,West
CUST-00934,Silver,North
CUST-00935,None,North
CUST-00936,None,West
CUST-00937,None,South
CUST-00938,None,East
CUST-00939,None,South
CUST-00940,None,West
CUST-00941,None,South
CUST-00942,None,South
CUST-00943,Silver,East
CUST-00944,Silver,North
CUST-00945,Gold,West
CUST-00946,None,West
CUST-00947,Silver,North
CUST-00948,None,East
CUST-00949,None,North
CUST-00950,None,South
CUST-00951,Silver,South
CUST-00952,None,West
CUST-00953,Silver,East
CUST-00954,Gold,East
CUST-00955,None,North
CUST-00956,None,West
CUST-00957,None,North
CUST-00958,None,South
CUST-00959,Gold,West
CUST-00960,None,East
CUST-00961,None,West
CUST-00962,Silver,West
CUST-00963,None,North
CUST-00964,Gold,South
CUST-00965,Silver,South
CUST-00966,Silver,South
CUST-00967,None,West
CUST-00968,Silver,West
CUST-00969,Silver,South
CUST-00970,None,North
CUST-00971,None,West
CUST-00972,Silver,North
CUST-00973,None,South
CUST-00974,Gold,North
CUST-00975,None,South
CUST-00976,Silver,South
CUST-00977,None,North
CUST-00978,None,South
CUST-00979,Silver,East
CUST-00980,Silver,East
CUST-00981,None,West
CUST-00982,None,North
CUST-00983,None,West
CUST-00984,Silver,West
CUST-00985,Silver,South
CUST-00986,Silver,North
CUST-00987,Silver,South
CUST-00988,None,East
CUST-00989,Silver,East
CUST-00990,None,North
CUST-00991,None,North
CUST-00992,Silver,West
CUST-00993,Gold,West
CUST-00994,None,West
CUST-00995,Silver,West
CUST-00996,None,South
CUST-00997,Silver,South
CUST-00998,None,East
CUST-00999,None,East
CUST-01000,None,South
CUST-01001,None,West
CUST-01002,None,South
CUST-01003,None,West
CUST-01004,None,North
CUST-01005,Silver,West
CUST-01006,Silver,East
CUST-01007,None,East
CUST-01008,None,North
CUST-01009,Silver,South
CUST-01010,None,West
CUST-01011,None,West
CUST-01012,None,North
CUST-01013,Gold,North
CUST-01014,None,North
CUST-01015,None,West
CUST-01016,None,North
CUST-01017,Silver,East
CUST-01018,None,East
CUST-01019,None,West
CUST-01020,Silver,East
CUST-01021,None,South
CUST-01022,None,West
CUST-01023,Gold,East
CUST-01024,None,West
CUST-01025,Silver,East
CUST-01026,None,East
CUST-01027,None,East
CUST-01028,None,North
CUST-01029,Silver,West
CUST-01030,Gold,West
CUST-01031,Silver,North
CUST-01032,None,East
CUST-01033,None,South
CUST-01034,None,West
CUST-01035,Gold,South
CUST-01036,None,West
CUST-01037,None,West
CUST-01038,None,West
CUST-01039,None,West
CUST-01040,Gold,East
CUST-01041,Silver,South
CUST-01042,Silver,South
CUST-01043,Silver,North
CUST-01044,Silver,North
CUST-01045,Silver,North
CUST-01046,None,North
CUST-01047,None,West
CUST-01048,None,East
CUST-01049,None,West
CUST-01050,None,South
CUST-01051,None,West
CUST-01052,Silver,South
CUST-01053,Silver,South
CUST-01054,None,West
CUST-01055,None,East
CUST-01056,None,South
CUST-01057,Silver,East
CUST-01058,None,North
CUST-01059,None,North
CUST-01060,Gold,South
CUST-01061,None,East
CUST-01062,None,North
CUST-01063,None,South
CUST-01064,None,East
CUST-01065,None,North
CUST-01066,None,West
CUST-01067,None,East
CUST-01068,None,South
CUST-01069,Silver,East
CUST-01070,Silver,South
CUST-01071,None,North
CUST-01072,Gold,West
CUST-01073,None,West
CUST-01074,None,West
CUST-01075,Silver,South
CUST-01076,Silver,West
CUST-01077,None,South
CUST-01078,Silver,East
CUST-01079,Silver,North
CUST-01080,None,North
CUST-01081,Silver,North
CUST-01082,Gold,West
CUST-01083,Silver,North
CUST-01084,Silver,West
CUST-01085,None,West
CUST-01086,Gold,North
CUST-01087,Silver,South
CUST-01088,None,North
CUST-01089,Silver,East
CUST-01090,Silver,East
CUST-01091,None,East
CUST-01092,Silver,South
CUST-01093,Silver,South
CUST-01094,Silver,North
CUST-01095,None,East
CUST-01096,Silver,East
CUST-01097,None,South
CUST-01098,None,South
CUST-01099,None,West
CUST-01100,None,North
CUST-01101,None,South
CUST-01102,None,North
CUST-01103,None,North
CUST-01104,None,North
CUST-01105,Silver,South
CUST-01106,None,North
CUST-01107,Silver,East
CUST-01108,Silver,North
CUST-01109,None,West
CUST-01110,None,North
CUST-01111,None,North
CUST-01112,None,South
CUST-01113,None,East
CUST-01114,Silver,West
CUST-01115,None,East
CUST-01116,Silver,South
CUST-01117,Gold,West
CUST-01118,None,South
CUST-01119,None,South
CUST-01120,Silver,West
CUST-01121,None,South
CUST-01122,Silver,North
CUST-01123,Silver,West
CUST-01124,None,South
CUST-01125,Silver,South
CUST-01126,None,South
CUST-01127,Silver,West
CUST-01128,Silver,West
CUST-01129,None,West
CUST-01130,None,West
CUST-01131,None,East
CUST-01132,None,South
CUST-01133,None,North
CUST-01134,None,South
CUST-01135,None,West
CUST-01136,Silver,South
CUST-01137,None,North
CUST-01138,None,West
CUST-01139,None,East
CUST-01140,Silver,North
CUST-01141,None,East
CUST-01142,None,South
CUST-01143,Gold,West
CUST-01144,None,West
CUST-01145,Gold,South
CUST-01146,Silver,North
CUST-01147,None,East
CUST-01148,Gold,East
CUST-01149,None,North
CUST-01150,Silver,North
CUST-01151,None,East
CUST-01152,None,West
CUST-01153,None,East
CUST-01154,None,North
CUST-01155,None,West
CUST-01156,None,East
CUST-01157,None,North
CUST-01158,None,South
CUST-01159,Gold,North
CUST-01160,None,North
CUST-01161,None,East
CUST-01162,None,West
CUST-01163,None,North
CUST-01164,Silver,South
CUST-01165,None,East
CUST-01166,Silver,South
CUST-01167,Gold,East
CUST-01168,None,East
CUST-01169,None,West
CUST-01170,None,South
CUST-01171,Silver,West
CUST-01172,None,North
CUST-01173,None,North
CUST-01174,Gold,East
CUST-01175,None,North
CUST-01176,Silver,East
CUST-01177,None,South
CUST-01178,Silver,South
CUST-01179,None,North
CUST-01180,None,South
CUST-01181,None,East
CUST-01182,None,West
CUST-01183,Silver,West
CUST-01184,None,West
CUST-01185,Silver,West
CUST-01186,None,West
CUST-01187,None,West
CUST-01188,Gold,East
CUST-01189,Gold,West
CUST-01190,None,East
CUST-01191,None,West
CUST-01192,None,West
CUST-01193,Silver,North
CUST-01194,Silver,West
CUST-01195,Silver,West
CUST-01196,None,South
CUST-01197,Silver,South
CUST-01198,None,North
CUST-01199,None,North
CUST-01200,Silver,South
CUST-01201,None,West
CUST-01202,Silver,West
CUST-01203,Silver,West
CUST-01204,None,South
CUST-01205,Silver,West
CUST-01206,Silver,East
CUST-01207,Silver,West
CUST-01208,None,South
CUST-01209,None,East
CUST-01210,None,East
CUST-01211,None,South
CUST-01212,Silver,East
CUST-01213,None,East
CUST-01214,None,East
CUST-01215,None,West
CUST-01216,None,West
CUST-01217,None,East
CUST-01218,Silver,North
CUST-01219,None,North
CUST-01220,None,West
CUST-01221,None,North
CUST-01222,None,South
CUST-01223,None,West
CUST-01224,None,West
CUST-01225,None,South
CUST-01226,None,South
CUST-01227,None,East
CUST-01228,None,North
CUST-01229,None,West
CUST-01230,None,South
CUST-01231,None,East
CUST-01232,Silver,North
CUST-01233,None,West
CUST-01234,None,North
CUST-01235,Gold,East
CUST-01236,None,North
CUST-01237,None,South
CUST-01238,None,North
CUST-01239,None,West
CUST-01240,Silver,North
CUST-01241,Silver,West
CUST-01242,None,East
CUST-01243,None,West
CUST-01244,None,East
CUST-01245,Gold,South
CUST-01246,None,South
CUST-01247,Silver,West
CUST-01248,None,North
CUST-01249,Gold,North
CUST-01250,None,West
CUST-01251,None,North
CUST-01252,Silver,South
CUST-01253,None,West
CUST-01254,None,North
CUST-01255,None,South
CUST-01256,Gold,East
CUST-01257,None,West
CUST-01258,Silver,East
CUST-01259,None,West
CUST-01260,Silver,South
CUST-01261,Silver,South
CUST-01262,Gold,West
CUST-01263,None,South
CUST-01264,Silver,South
CUST-01265,None,South
CUST-01266,Silver,West
CUST-01267,Silver,West
CUST-01268,None,West
CUST-01269,Gold,West
CUST-01270,None,West
CUST-01271,Silver,South
CUST-01272,Silver,West
CUST-01273,None,South
CUST-01274,Silver,South
CUST-01275,None,South
CUST-01276,None,South
CUST-01277,Silver,North
CUST-01278,None,East
CUST-01279,None,West
CUST-01280,Silver,South
CUST-01281,None,East
CUST-01282,None,South
CUST-01283,Gold,West
CUST-01284,Silver,North
CUST-01285,None,South
CUST-01286,None,North
CUST-01287,Silver,South
CUST-01288,None,East
CUST-01289,Gold,East
CUST-01290,None,East
CUST-01291,None,West
CUST-01292,None,East
CUST-01293,None,West
CUST-01294,None,West
CUST-01295,None,South
CUST-01296,Gold,West
CUST-01297,None,South
CUST-01298,None,East
CUST-01299,None,East
CUST-01300,None,West
CUST-01301,None,West
CUST-01302,None,South
CUST-01303,Silver,West
CUST-01304,None,South
CUST-01305,None,North
CUST-01306,Silver,North
CUST-01307,Silver,East
CUST-01308,None,South
CUST-01309,Silver,North
CUST-01310,Silver,South
CUST-01311,None,East
CUST-01312,None,West
CUST-01313,None,West
CUST-01314,Silver,West
CUST-01315,None,East
CUST-01316,Silver,North
CUST-01317,Gold,East
CUST-01318,None,North
CUST-01319,Silver,East
CUST-01320,Silver,West
CUST-01321,Silver,West
CUST-01322,Silver,North
CUST-01323,None,West
CUST-01324,Silver,East
CUST-01325,None,East
CUST-01326,Silver,East
CUST-01327,None,North
CUST-01328,None,North
CUST-01329,None,West
CUST-01330,None,West
CUST-01331,Gold,West
CUST-01332,None,West
CUST-01333,Silver,West
CUST-01334,None,East
CUST-01335,Gold,West
CUST-01336,None,North
CUST-01337,None,North
CUST-01338,None,South
CUST-01339,None,South
CUST-01340,None,South
CUST-01341,Gold,East
CUST-01342,None,East
CUST-01343,None,West
CUST-01344,None,North
CUST-01345,None,West
CUST-01346,Silver,West
CUST-01347,Silver,North
CUST-01348,None,West
CUST-01349,Silver,North
CUST-01350,Silver,East
CUST-01351,Silver,North
CUST-01352,Silver,East
CUST-01353,Silver,North
CUST-01354,Silver,East
CUST-01355,None,North
CUST-01356,Gold,East
CUST-01357,None,North
CUST-01358,Silver,East
CUST-01359,None,East
CUST-01360,None,South
CUST-01361,None,East
CUST-01362,None,West
CUST-01363,None,East
CUST-01364,None,South
CUST-01365,None,West
CUST-01366,None,East
CUST-01367,Gold,East
CUST-01368,None,East
CUST-01369,None,South
CUST-01370,None,South
CUST-01371,None,South
CUST-01372,None,East
CUST-01373,Gold,South
CUST-01374,Silver,North
CUST-01375,None,West
CUST-01376,None,North
CUST-01377,Silver,East
CUST-01378,Silver,East
CUST-01379,None,North
CUST-01380,None,North
CUST-01381,Gold,South
CUST-01382,None,East
CUST-01383,Silver,West
CUST-01384,Silver,East
CUST-01385,None,South
CUST-01386,Silver,West
CUST-01387,Silver,North
CUST-01388,Gold,North
CUST-01389,None,West
CUST-01390,None,West
CUST-01391,None,South
CUST-01392,None,East
CUST-01393,Silver,South
CUST-01394,None,South
CUST-01395,Silver,West
CUST-01396,Gold,East
CUST-01397,None,North
CUST-01398,None,South
CUST-01399,None,South
CUST-01400,None,North
CUST-01401,None,South
CUST-01402,None,West
CUST-01403,Silver,West
CUST-01404,Silver,North
CUST-01405,None,South
CUST-01406,None,West
CUST-01407,None,South
CUST-01408,None,East
CUST-01409,Silver,South
CUST-01410,None,West
CUST-01411,Silver,North
CUST-01412,None,West
CUST-01413,None,East
CUST-01414,Gold,North
CUST-01415,Silver,East
CUST-01416,None,South
CUST-01417,None,East
CUST-01418,Silver,West
CUST-01419,None,West
CUST-01420,None,West
CUST-01421,Silver,East
CUST-01422,Silver,West
CUST-01423,Silver,West
CUST-01424,None,West
CUST-01425,None,South
CUST-01426,None,North
CUST-01427,None,South
CUST-01428,None,North
CUST-01429,None,North
CUST-01430,None,South
CUST-01431,None,South
CUST-01432,Gold,East
CUST-01433,Silver,South
CUST-01434,None,North
CUST-01435,Silver,West
CUST-01436,None,West
CUST-01437,None,West
CUST-01438,Gold,South
CUST-01439,Silver,South
CUST-01440,Silver,North
CUST-01441,None,East
CUST-01442,None,West
CUST-01443,None,North
CUST-01444,None,South
CUST-01445,None,North
CUST-01446,None,South
CUST-01447,None,West
CUST-01448,None,South
CUST-01449,None,South
CUST-01450,Silver,East
CUST-01451,None,South
CUST-01452,Silver,East
CUST-01453,None,West
CUST-01454,None,North
CUST-01455,Silver,East
CUST-01456,Silver,North
CUST-01457,Silver,West
CUST-01458,None,North
CUST-01459,Silver,East
CUST-01460,None,West
CUST-01461,None,West
CUST-01462,None,East
CUST-01463,Gold,West
CUST-01464,None,South
CUST-01465,None,South
CUST-01466,None,South
CUST-01467,Silver,East
CUST-01468,Silver,West
CUST-01469,None,West
CUST-01470,None,West
CUST-01471,None,West
CUST-01472,None,South
CUST-01473,Silver,South
CUST-01474,None,East
CUST-01475,Silver,East
CUST-01476,None,North
CUST-01477,None,North
CUST-01478,None,West
CUST-01479,Silver,South
CUST-01480,None,South
CUST-01481,None,North
CUST-01482,Silver,West
CUST-01483,Gold,West
CUST-01484,Silver,North
CUST-01485,None,North
CUST-01486,None,East
CUST-01487,None,East
CUST-01488,None,West
CUST-01489,None,East
CUST-01490,None,East
CUST-01491,Silver,North
CUST-01492,None,South
CUST-01493,None,North
CUST-01494,None,North
CUST-01495,None,North
CUST-01496,None,South
CUST-01497,Gold,North
CUST-01498,None,South
CUST-01499,None,North
CUST-01500,Silver,South
CUST-01501,Gold,East
CUST-01502,Silver,West
CUST-01503,Silver,South
CUST-01504,None,North
CUST-01505,Silver,North
CUST-01506,Silver,West
CUST-01507,None,North
CUST-01508,None,West
CUST-01509,None,South
CUST-01510,Silver,North
CUST-01511,Silver,West
CUST-01512,None,West
CUST-01513,None,West
CUST-01514,Gold,North
CUST-01515,None,East
CUST-01516,Silver,South
CUST-01517,Gold,North
CUST-01518,None,West
CUST-01519,None,North
CUST-01520,None,East
CUST-01521,Gold,East
CUST-01522,None,West
CUST-01523,Silver,North
CUST-01524,None,South
CUST-01525,Silver,East
CUST-01526,Silver,North
CUST-01527,None,North
CUST-01528,Gold,South
CUST-01529,None,South
CUST-01530,None,East
CUST-01531,None,South
CUST-01532,Silver,North
CUST-01533,Silver,East
CUST-01534,None,West
CUST-01535,None,West
CUST-01536,None,East
CUST-01537,Silver,West
CUST-01538,Silver,East
CUST-01539,None,North
CUST-01540,None,North
CUST-01541,Silver,West
CUST-01542,None,West
CUST-01543,Silver,West
CUST-01544,None,South
CUST-01545,Silver,North
CUST-01546,None,East
CUST-01547,None,East
CUST-01548,None,North
CUST-01549,None,North
CUST-01550,Silver,West
CUST-01551,None,East
CUST-01552,None,North
CUST-01553,None,North
CUST-01554,None,West
CUST-01555,Silver,South
CUST-01556,None,South
CUST-01557,Silver,East
CUST-01558,Silver,West
CUST-01559,Silver,West
CUST-01560,Silver,South
CUST-01561,Silver,South
CUST-01562,None,North
CUST-01563,None,East
CUST-01564,None,West
CUST-01565,Gold,North
CUST-01566,Gold,North
CUST-01567,None,West
CUST-01568,None,North
CUST-01569,None,South
CUST-01570,None,East
CUST-01571,None,South
CUST-01572,None,North
CUST-01573,Silver,West
CUST-01574,None,South
CUST-01575,None,South
CUST-01576,None,South
CUST-01577,None,North
CUST-01578,None,East
CUST-01579,Silver,North
CUST-01580,Silver,East
CUST-01581,None,North
CUST-01582,None,East
CUST-01583,Gold,West
CUST-01584,Silver,North
CUST-01585,Gold,South
CUST-01586,None,West
CUST-01587,None,South
CUST-01588,None,South
CUST-01589,Silver,East
CUST-01590,None,East
CUST-01591,Silver,West
CUST-01592,None,North
CUST-01593,None,South
CUST-01594,None,West
CUST-01595,None,West
CUST-01596,None,West
CUST-01597,None,East
CUST-01598,None,South
CUST-01599,None,South
CUST-01600,None,South
CUST-01601,None,South
CUST-01602,Silver,North
CUST-01603,Gold,North
CUST-01604,None,North
CUST-01605,None,West
CUST-01606,None,North
CUST-01607,None,West
CUST-01608,Silver,North
CUST-01609,Silver,North
CUST-01610,Silver,North
CUST-01611,Silver,North
CUST-01612,None,East
CUST-01613,None,West
CUST-01614,None,East
CUST-01615,None,North
CUST-01616,Silver,West
CUST-01617,Silver,East
CUST-01618,Silver,West
CUST-01619,Silver,West
CUST-01620,None,East
CUST-01621,None,North
CUST-01622,None,East
CUST-01623,Gold,North
CUST-01624,Gold,West
CUST-01625,None,East
CUST-01626,None,South
CUST-01627,None,West
CUST-01628,None,West
CUST-01629,None,North
CUST-01630,None,South
CUST-01631,None,South
CUST-01632,None,North
CUST-01633,Silver,South
CUST-01634,None,South
CUST-01635,Silver,East
CUST-01636,Silver,North
CUST-01637,None,South
CUST-01638,None,West
CUST-01639,None,South
CUST-01640,Silver,South
CUST-01641,None,East
CUST-01642,Silver,West
CUST-01643,None,North
CUST-01644,None,West
CUST-01645,Silver,North
CUST-01646,None,North
CUST-01647,Gold,South
CUST-01648,None,North
CUST-01649,None,South
CUST-01650,None,South
CUST-01651,None,South
CUST-01652,Silver,North
CUST-01653,None,East
CUST-01654,None,East
CUST-01655,None,East
CUST-01656,None,North
CUST-01657,Gold,South
CUST-01658,None,North
CUST-01659,None,North
CUST-01660,None,East
CUST-01661,None,West
CUST-01662,Silver,East
CUST-01663,Silver,South
CUST-01664,Silver,South
CUST-01665,None,North
CUST-01666,None,North
CUST-01667,None,West
CUST-01668,None,West
CUST-01669,None,South
CUST-01670,Gold,West
CUST-01671,None,North
CUST-01672,Silver,South
CUST-01673,None,North
CUST-01674,Gold,West
CUST-01675,None,North
CUST-01676,None,South
CUST-01677,Silver,South
CUST-01678,None,East
CUST-01679,None,North
CUST-01680,None,South
CUST-01681,Gold,South
CUST-01682,Silver,West
CUST-01683,None,South
CUST-01684,None,South
CUST-01685,Gold,North
CUST-01686,None,North
CUST-01687,None,West
CUST-01688,None,East
CUST-01689,None,West
CUST-01690,Silver,East
CUST-01691,None,West
CUST-01692,Gold,West
CUST-01693,Gold,East
CUST-01694,Silver,East
CUST-01695,None,West
CUST-01696,None,North
CUST-01697,None,West
CUST-01698,Gold,South
CUST-01699,None,North
CUST-01700,None,South
CUST-01701,None,North
CUST-01702,None,East
CUST-01703,None,East
CUST-01704,None,West
CUST-01705,None,North
CUST-01706,None,North
CUST-01707,None,West
CUST-01708,Silver,East
CUST-01709,None,North
CUST-01710,None,South
CUST-01711,Silver,South
CUST-01712,Silver,North
CUST-01713,None,North
CUST-01714,Silver,West
CUST-01715,Silver,East
CUST-01716,None,South
CUST-01717,None,West
CUST-01718,Gold,East
CUST-01719,Silver,North
CUST-01720,None,West
CUST-01721,Gold,East
CUST-01722,Gold,South
CUST-01723,Silver,West
CUST-01724,None,West
CUST-01725,None,West
CUST-01726,Silver,North
CUST-01727,Gold,East
CUST-01728,Silver,South
CUST-01729,Gold,South
CUST-01730,Silver,South
CUST-01731,None,East
CUST-01732,None,East
CUST-01733,None,South
CUST-01734,None,East
CUST-01735,None,East
CUST-01736,Silver,South
CUST-01737,None,East
CUST-01738,None,South
CUST-01739,None,West
CUST-01740,None,West
CUST-01741,None,East
CUST-01742,Silver,West
CUST-01743,None,East
CUST-01744,None,South
CUST-01745,Silver,South
CUST-01746,None,South
CUST-01747,Silver,East
CUST-01748,Silver,North
CUST-01749,Silver,West
CUST-01750,None,West
CUST-01751,Silver,South
CUST-01752,None,West
CUST-01753,Silver,South
CUST-01754,Silver,North
CUST-01755,None,South
CUST-01756,None,North
CUST-01757,None,South
CUST-01758,None,North
CUST-01759,Silver,South
CUST-01760,None,North
CUST-01761,None,West
CUST-01762,Silver,East
CUST-01763,None,North
CUST-01764,Silver,West
CUST-01765,Gold,West
CUST-01766,Silver,West
CUST-01767,Silver,North
CUST-01768,None,South
CUST-01769,Silver,East
CUST-01770,Silver,South
CUST-01771,None,South
CUST-01772,Silver,West
CUST-01773,None,South
CUST-01774,Silver,South
CUST-01775,Gold,West
CUST-01776,None,North
CUST-01777,None,South
CUST-01778,None,North
CUST-01779,Silver,West
CUST-01780,Gold,West
CUST-01781,Silver,West
CUST-01782,None,West
CUST-01783,None,East
CUST-01784,None,East
CUST-01785,None,North
CUST-01786,None,West
CUST-01787,None,West
CUST-01788,None,South
CUST-01789,None,North
CUST-01790,Silver,North
CUST-01791,Silver,East
CUST-01792,Gold,East
CUST-01793,Silver,East
CUST-01794,None,South
CUST-01795,Silver,South
CUST-01796,None,North
CUST-01797,None,South
CUST-01798,None,East
CUST-01799,None,South
CUST-01800,Gold,West
CUST-01801,None,West
CUST-01802,Silver,West
CUST-01803,Silver,West
CUST-01804,Silver,East
CUST-01805,Silver,South
CUST-01806,None,South
CUST-01807,None,East
CUST-01808,None,South
CUST-01809,Silver,South
CUST-01810,None,South
CUST-01811,None,South
CUST-01812,Silver,East
CUST-01813,Silver,North
CUST-01814,None,South
CUST-01815,None,North
CUST-01816,Silver,West
CUST-01817,Gold,West
CUST-01818,None,North
CUST-01819,None,North
CUST-01820,None,West
CUST-01821,None,East
CUST-01822,Gold,South
CUST-01823,Silver,East
CUST-01824,None,East
CUST-01825,None,West
CUST-01826,None,West
CUST-01827,Silver,South
CUST-01828,Silver,West
CUST-01829,None,West
CUST-01830,None,South
CUST-01831,Silver,North
CUST-01832,Silver,South
CUST-01833,None,South
CUST-01834,Silver,East
CUST-01835,None,West
CUST-01836,Silver,North
CUST-01837,None,North
CUST-01838,Silver,South
CUST-01839,None,East
CUST-01840,Gold,West
CUST-01841,None,South
CUST-01842,None,South
CUST-01843,Silver,West
CUST-01844,None,East
CUST-01845,Gold,East
CUST-01846,None,East
CUST-01847,Silver,North
CUST-01848,None,South
CUST-01849,Silver,South
CUST-01850,None,West
CUST-01851,None,South
CUST-01852,Silver,North
CUST-01853,Silver,North
CUST-01854,None,South
CUST-01855,None,North
CUST-01856,None,North
CUST-01857,None,East
CUST-01858,None,North
CUST-01859,Gold,East
CUST-01860,None,East
CUST-01861,Silver,North
CUST-01862,None,East
CUST-01863,None,North
CUST-01864,Silver,West
CUST-01865,Silver,South
CUST-01866,Gold,West
CUST-01867,None,West
CUST-01868,None,North
CUST-01869,None,East
CUST-01870,None,East
CUST-01871,Silver,West
CUST-01872,None,East
CUST-01873,None,North
CUST-01874,None,South
CUST-01875,Gold,South
CUST-01876,None,North
CUST-01877,None,North
CUST-01878,None,North
CUST-01879,Silver,North
CUST-01880,None,East
CUST-01881,Gold,East
CUST-01882,Gold,South
CUST-01883,Silver,West
CUST-01884,Gold,South
CUST-01885,None,West
CUST-01886,None,South
CUST-01887,None,North
CUST-01888,None,West
CUST-01889,None,North
CUST-01890,Silver,North
CUST-01891,Silver,West
CUST-01892,Silver,East
CUST-01893,Silver,West
CUST-01894,Silver,West
CUST-01895,None,West
CUST-01896,Silver,South
CUST-01897,None,East
CUST-01898,None,South
CUST-01899,None,North
CUST-01900,None,East
CUST-01901,None,East
CUST-01902,None,East
CUST-01903,None,North
CUST-01904,None,West
CUST-01905,Silver,North
CUST-01906,Gold,West
CUST-01907,None,North
CUST-01908,None,North
CUST-01909,Silver,South
CUST-01910,Gold,South
CUST-01911,Silver,South
CUST-01912,Silver,West
CUST-01913,None,South
CUST-01914,None,North
CUST-01915,Gold,West
CUST-01916,None,East
CUST-01917,None,East
CUST-01918,None,South
CUST-01919,None,South
CUST-01920,Gold,West
CUST-01921,None,North
CUST-01922,None,South
CUST-01923,None,East
CUST-01924,None,South
CUST-01925,None,North
CUST-01926,None,South
CUST-01927,Silver,South
CUST-01928,None,North
CUST-01929,Silver,West
CUST-01930,None,East
CUST-01931,None,West
CUST-01932,Silver,West
CUST-01933,None,West
CUST-01934,None,East
CUST-01935,None,West
CUST-01936,None,East
CUST-01937,None,East
CUST-01938,None,East
CUST-01939,Silver,West
CUST-01940,None,North
CUST-01941,Silver,East
CUST-01942,None,West
CUST-01943,Silver,East
CUST-01944,None,East
CUST-01945,None,North
CUST-01946,None,North
CUST-01947,None,West
CUST-01948,Silver,West
CUST-01949,Silver,West
CUST-01950,None,West
CUST-01951,None,South
CUST-01952,Silver,West
CUST-01953,Silver,North
CUST-01954,None,West
CUST-01955,None,West
CUST-01956,None,North
CUST-01957,None,East
CUST-01958,None,South
CUST-01959,Silver,North
CUST-01960,None,South
CUST-01961,Gold,South
CUST-01962,Silver,North
CUST-01963,Silver,West
CUST-01964,None,East
CUST-01965,None,West
CUST-01966,None,West
CUST-01967,Silver,East
CUST-01968,None,South
CUST-01969,Silver,North
CUST-01970,Silver,North
CUST-01971,Silver,West
CUST-01972,None,South
CUST-01973,None,East
CUST-01974,None,South
CUST-01975,None,West
CUST-01976,None,West
CUST-01977,Gold,East
CUST-01978,Gold,North
CUST-01979,None,West
CUST-01980,Gold,North
CUST-01981,Silver,West
CUST-01982,None,South
CUST-01983,None,West
CUST-01984,None,West
CUST-01985,None,South
CUST-01986,Silver,West
CUST-01987,Silver,East
CUST-01988,None,North
CUST-01989,Gold,South
CUST-01990,Silver,East
CUST-01991,Silver,North
CUST-01992,None,North
CUST-01993,None,North
CUST-01994,None,East
CUST-01995,None,South
CUST-01996,Silver,North
CUST-01997,None,North
CUST-01998,Gold,East
CUST-01999,None,North
CUST-02000,Silver,North
CUST-02001,None,East
CUST-02002,None,South
CUST-02003,Silver,West
CUST-02004,None,East
CUST-02005,None,South
CUST-02006,None,North
CUST-02007,None,West
CUST-02008,Gold,South
CUST-02009,Gold,East
CUST-02010,None,West
CUST-02011,Silver,South
CUST-02012,None,East
CUST-02013,None,East
CUST-02014,Silver,West
CUST-02015,None,East
CUST-02016,Gold,North
CUST-02017,None,South
CUST-02018,Gold,West
CUST-02019,Silver,East
CUST-02020,None,South
CUST-02021,Silver,South
CUST-02022,Silver,North
CUST-02023,None,South
CUST-02024,None,South
CUST-02025,None,South
CUST-02026,None,West
CUST-02027,None,North
CUST-02028,None,East
CUST-02029,Silver,South
CUST-02030,None,South
CUST-02031,None,East
CUST-02032,None,North
CUST-02033,Silver,South
CUST-02034,None,West
CUST-02035,Silver,West
CUST-02036,None,East
CUST-02037,Silver,North
CUST-02038,Gold,South
CUST-02039,Silver,North
CUST-02040,None,West
CUST-02041,Silver,East
CUST-02042,Silver,West
CUST-02043,Silver,West
CUST-02044,None,South
CUST-02045,None,East
CUST-02046,None,South
CUST-02047,Silver,South
CUST-02048,None,East
CUST-02049,Silver,East
CUST-02050,None,South
CUST-02051,None,South
CUST-02052,None,South
CUST-02053,None,West
CUST-02054,None,South
CUST-02055,Silver,South
CUST-02056,None,South
CUST-02057,None,East
CUST-02058,None,South
CUST-02059,Gold,West
CUST-02060,Silver,South
CUST-02061,None,East
CUST-02062,None,South
CUST-02063,None,East
CUST-02064,None,West
CUST-02065,None,North
CUST-02066,Gold,East
CUST-02067,Silver,East
CUST-02068,None,East
CUST-02069,None,North
CUST-02070,None,West
CUST-02071,Silver,West
CUST-02072,None,East
CUST-02073,Gold,East
CUST-02074,None,North
CUST-02075,Gold,North
CUST-02076,None,North
CUST-02077,None,South
CUST-02078,None,North
CUST-02079,None,East
CUST-02080,None,West
CUST-02081,Silver,West
CUST-02082,None,East
CUST-02083,None,North
CUST-02084,Silver,East
CUST-02085,None,West
CUST-02086,Silver,North
CUST-02087,None,West
CUST-02088,None,East
CUST-02089,Silver,North
CUST-02090,Silver,North
CUST-02091,None,North
CUST-02092,None,East
CUST-02093,None,East
CUST-02094,Silver,South
CUST-02095,Gold,West
CUST-02096,None,East
CUST-02097,Gold,East
CUST-02098,None,East
CUST-02099,None,West
CUST-02100,None,East
CUST-02101,Gold,West
CUST-02102,None,East
CUST-02103,None,South
CUST-02104,None,East
CUST-02105,None,West
CUST-02106,Gold,East
CUST-02107,Gold,East
CUST-02108,Gold,South
CUST-02109,Silver,South
CUST-02110,Silver,West
CUST-02111,None,South
CUST-02112,None,North
CUST-02113,None,East
CUST-02114,None,South
CUST-02115,None,South
CUST-02116,None,South
CUST-02117,None,East
CUST-02118,None,West
CUST-02119,None,South
CUST-02120,None,West
CUST-02121,Gold,South
CUST-02122,None,South
CUST-02123,Silver,North
CUST-02124,None,East
CUST-02125,None,West
CUST-02126,Silver,East
CUST-02127,None,South
CUST-02128,Silver,South
CUST-02129,None,East
CUST-02130,None,North
CUST-02131,None,South
CUST-02132,Gold,South
CUST-02133,Silver,North
CUST-02134,None,North
CUST-02135,None,East
CUST-02136,Silver,South
CUST-02137,None,South
CUST-02138,None,North
CUST-02139,None,West
CUST-02140,Silver,North
CUST-02141,None,South
CUST-02142,None,East
CUST-02143,None,West
CUST-02144,None,West
CUST-02145,None,South
CUST-02146,None,West
CUST-02147,None,East
CUST-02148,Silver,North
CUST-02149,None,East
CUST-02150,Gold,West
CUST-02151,None,East
CUST-02152,None,South
CUST-02153,Silver,North
CUST-02154,None,North
CUST-02155,None,West
CUST-02156,None,West
CUST-02157,None,North
CUST-02158,None,South
CUST-02159,None,East
CUST-02160,Silver,North
CUST-02161,Silver,East
CUST-02162,None,West
CUST-02163,Silver,South
CUST-02164,None,South
CUST-02165,Silver,West
CUST-02166,Gold,West
CUST-02167,Silver,North
CUST-02168,None,West
CUST-02169,None,North
CUST-02170,None,West
CUST-02171,None,West
CUST-02172,Silver,North
CUST-02173,None,West
CUST-02174,Silver,South
CUST-02175,Silver,West
CUST-02176,None,East
CUST-02177,None,North
CUST-02178,None,South
CUST-02179,None,South
CUST-02180,None,North
CUST-02181,Silver,West
CUST-02182,None,East
CUST-02183,None,East
CUST-02184,None,East
CUST-02185,None,West
CUST-02186,None,North
CUST-02187,None,East
CUST-02188,None,East
CUST-02189,None,North
CUST-02190,None,South
CUST-02191,None,East
CUST-02192,None,South
CUST-02193,None,North
CUST-02194,None,North
CUST-02195,Silver,South
CUST-02196,None,North
CUST-02197,None,East
CUST-02198,None,South
CUST-02199,Silver,North
CUST-02200,None,East
CUST-02201,Silver,West
CUST-02202,Silver,West
CUST-02203,None,West
CUST-02204,Silver,West
CUST-02205,Silver,South
CUST-02206,Silver,West
CUST-02207,None,North
CUST-02208,None,West
CUST-02209,Silver,East
CUST-02210,None,South
CUST-02211,None,North
CUST-02212,None,South
CUST-02213,Silver,South
CUST-02214,None,South
CUST-02215,None,East
CUST-02216,None,South
CUST-02217,None,North
CUST-02218,Gold,North
CUST-02219,Gold,South
CUST-02220,Silver,East
CUST-02221,None,East
CUST-02222,Silver,South
CUST-02223,Gold,West
CUST-02224,Silver,North
CUST-02225,None,North
CUST-02226,None,North
CUST-02227,Silver,North
CUST-02228,None,South
CUST-02229,None,West
CUST-02230,None,North
CUST-02231,None,South
CUST-02232,None,South
CUST-02233,Silver,South
CUST-02234,None,North
CUST-02235,Gold,West
CUST-02236,None,South
CUST-02237,None,West
CUST-02238,None,West
CUST-02239,Silver,North
CUST-02240,Silver,East
CUST-02241,Silver,North
CUST-02242,None,North
CUST-02243,Gold,East
CUST-02244,None,West
CUST-02245,None,South
CUST-02246,Silver,North
CUST-02247,None,West
CUST-02248,Silver,North
CUST-02249,None,South
CUST-02250,None,North
CUST-02251,Silver,South
CUST-02252,Silver,North
CUST-02253,None,North
CUST-02254,Silver,West
CUST-02255,Silver,North
CUST-02256,Silver,North
CUST-02257,Silver,West
CUST-02258,Gold,South
CUST-02259,None,South
CUST-02260,Silver,North
CUST-02261,None,East
CUST-02262,Silver,South
CUST-02263,None,East
CUST-02264,None,West
CUST-02265,None,East
CUST-02266,Silver,East
CUST-02267,None,West
CUST-02268,Silver,West
CUST-02269,Gold,East
CUST-02270,None,North
CUST-02271,Gold,West
CUST-02272,None,North
CUST-02273,Silver,North
CUST-02274,None,North
CUST-02275,Silver,South
CUST-02276,Gold,North
CUST-02277,None,East
CUST-02278,Gold,West
CUST-02279,Gold,East
CUST-02280,None,East
CUST-02281,None,North
CUST-02282,Silver,West
CUST-02283,None,North
CUST-02284,None,West
CUST-02285,Silver,North
CUST-02286,Gold,North
CUST-02287,None,West
CUST-02288,Silver,West
CUST-02289,None,North
CUST-02290,None,North
CUST-02291,Silver,South
CUST-02292,None,East
CUST-02293,None,East
CUST-02294,None,North
CUST-02295,Silver,West
CUST-02296,None,East
CUST-02297,None,South
CUST-02298,Silver,West
CUST-02299,Gold,North
CUST-02300,Silver,East
CUST-02301,None,North
CUST-02302,None,North
CUST-02303,None,South
CUST-02304,None,East
CUST-02305,Silver,South
CUST-02306,Silver,East
CUST-02307,Silver,South
CUST-02308,None,East
CUST-02309,Silver,East
CUST-02310,Silver,West
CUST-02311,None,West
CUST-02312,Gold,South
CUST-02313,None,North
CUST-02314,None,East
CUST-02315,Gold,South
CUST-02316,Silver,East
CUST-02317,Silver,East
CUST-02318,None,South
CUST-02319,None,North
CUST-02320,Silver,South
CUST-02321,Silver,West
CUST-02322,None,East
CUST-02323,None,South
CUST-02324,Silver,North
CUST-02325,None,West
CUST-02326,None,West
CUST-02327,None,South
CUST-02328,None,East
CUST-02329,Silver,South
CUST-02330,None,East
CUST-02331,None,West
CUST-02332,None,West
CUST-02333,None,North
CUST-02334,None,East
CUST-02335,None,South
CUST-02336,Silver,North
CUST-02337,None,East
CUST-02338,None,North
CUST-02339,None,South
CUST-02340,None,North
CUST-02341,Silver,East
CUST-02342,None,South
CUST-02343,Silver,East
CUST-02344,None,East
CUST-02345,None,West
CUST-02346,Silver,West
CUST-02347,Silver,East
CUST-02348,None,West
CUST-02349,None,South
CUST-02350,None,North
CUST-02351,None,South
CUST-02352,Silver,West
CUST-02353,Silver,West
CUST-02354,Silver,South
CUST-02355,None,West
CUST-02356,Gold,North
CUST-02357,None,West
CUST-02358,None,North
CUST-02359,None,East
CUST-02360,Silver,East
CUST-02361,Silver,North
CUST-02362,None,South
CUST-02363,None,North
CUST-02364,None,North
CUST-02365,None,West
CUST-02366,None,South
CUST-02367,Silver,East
CUST-02368,Silver,East
CUST-02369,None,West
CUST-02370,None,North
CUST-02371,Gold,West
CUST-02372,None,North
CUST-02373,Silver,East
CUST-02374,None,East
CUST-02375,Gold,West
CUST-02376,None,East
CUST-02377,Silver,South
CUST-02378,None,West
CUST-02379,Silver,South
CUST-02380,None,South
CUST-02381,Silver,South
CUST-02382,Silver,North
CUST-02383,None,West
CUST-02384,None,North
CUST-02385,Silver,South
CUST-02386,None,North
CUST-02387,None,North
CUST-02388,None,South
CUST-02389,None,West
CUST-02390,None,West
CUST-02391,Gold,East
CUST-02392,Gold,North
CUST-02393,None,South
CUST-02394,Silver,East
CUST-02395,None,South
CUST-02396,None,East
CUST-02397,Silver,North
CUST-02398,Silver,West
CUST-02399,Silver,South
CUST-02400,Silver,North
CUST-02401,Silver,West
CUST-02402,None,West
CUST-02403,None,West
CUST-02404,Silver,North
CUST-02405,Silver,North
CUST-02406,None,West
CUST-02407,None,North
CUST-02408,None,East
CUST-02409,None,North
CUST-02410,Gold,North
CUST-02411,None,South
CUST-02412,None,North
CUST-02413,Silver,East
CUST-02414,Silver,North
CUST-02415,Silver,West
CUST-02416,Silver,East
CUST-02417,None,West
CUST-02418,None,West
CUST-02419,None,West
CUST-02420,Silver,North
CUST-02421,None,South
CUST-02422,None,West
CUST-02423,None,South
CUST-02424,Gold,North
CUST-02425,None,West
CUST-02426,None,East
CUST-02427,None,West
CUST-02428,Silver,East
CUST-02429,Gold,West
CUST-02430,None,North
CUST-02431,Silver,West
CUST-02432,None,West
CUST-02433,Silver,West
CUST-02434,Silver,East
CUST-02435,Silver,South
CUST-02436,None,West
CUST-02437,Silver,North
CUST-02438,Gold,West
CUST-02439,None,North
CUST-02440,None,North
CUST-02441,None,North
CUST-02442,Silver,West
CUST-02443,Silver,North
CUST-02444,Silver,West
CUST-02445,None,West
CUST-02446,None,South
CUST-02447,None,North
CUST-02448,None,East
CUST-02449,None,East
CUST-02450,Silver,South
CUST-02451,None,North
CUST-02452,None,North
CUST-02453,None,North
CUST-02454,Silver,West
CUST-02455,Gold,South
CUST-02456,None,West
CUST-02457,None,South
CUST-02458,Silver,South
CUST-02459,None,West
CUST-02460,None,North
CUST-02461,Silver,South
CUST-02462,None,South
CUST-02463,Silver,West
CUST-02464,None,West
CUST-02465,Silver,South
CUST-02466,None,North
CUST-02467,Gold,South
CUST-02468,Gold,South
CUST-02469,Silver,South
CUST-02470,None,North
CUST-02471,None,East
CUST-02472,None,West
CUST-02473,None,South
CUST-02474,Silver,North
CUST-02475,None,East
CUST-02476,Gold,East
CUST-02477,None,East
CUST-02478,None,West
CUST-02479,None,East
CUST-02480,Gold,East
CUST-02481,Gold,North
CUST-02482,None,North
CUST-02483,Silver,North
CUST-02484,Silver,East
CUST-02485,None,North
CUST-02486,None,North
CUST-02487,Silver,East
CUST-02488,None,North
CUST-02489,Silver,West
CUST-02490,None,East
CUST-02491,Silver,West
CUST-02492,None,North
CUST-02493,None,North
CUST-02494,None,North
CUST-02495,None,North
CUST-02496,Silver,North
CUST-02497,None,South
CUST-02498,None,North
CUST-02499,Silver,West
CUST-02500,None,West
CUST-02501,Gold,West
CUST-02502,Silver,North
CUST-02503,None,South
CUST-02504,None,North
CUST-02505,Silver,East
CUST-02506,Gold,East
CUST-02507,Gold,North
CUST-02508,Silver,West
CUST-02509,None,South
CUST-02510,None,North
CUST-02511,None,North
CUST-02512,None,East
CUST-02513,None,East
CUST-02514,Silver,West
CUST-02515,Silver,North
CUST-02516,Silver,North
CUST-02517,None,North
CUST-02518,None,West
CUST-02519,None,West
CUST-02520,Silver,West
CUST-02521,Silver,North
CUST-02522,None,North
CUST-02523,Gold,East
CUST-02524,Gold,North
CUST-02525,None,West
CUST-02526,None,West
CUST-02527,None,West
CUST-02528,Silver,South
CUST-02529,None,North
CUST-02530,None,West
CUST-02531,None,East
CUST-02532,None,North
CUST-02533,None,West
CUST-02534,Gold,South
CUST-02535,None,West
CUST-02536,None,South
CUST-02537,None,North
CUST-02538,None,North
CUST-02539,Silver,South
CUST-02540,None,South
CUST-02541,None,South
CUST-02542,None,East
CUST-02543,None,North
CUST-02544,Gold,North
CUST-02545,Gold,West
CUST-02546,Silver,East
CUST-02547,None,North
CUST-02548,Gold,North
CUST-02549,None,North
CUST-02550,Silver,South
CUST-02551,Silver,East
CUST-02552,None,North
CUST-02553,Silver,East
CUST-02554,None,East
CUST-02555,None,North
CUST-02556,None,South
CUST-02557,None,North
CUST-02558,None,East
CUST-02559,None,South
CUST-02560,None,North
CUST-02561,None,East
CUST-02562,Gold,South
CUST-02563,None,East
CUST-02564,Silver,West
CUST-02565,Gold,West
CUST-02566,None,West
CUST-02567,Silver,South
CUST-02568,Gold,East
CUST-02569,None,East
CUST-02570,Silver,West
CUST-02571,Silver,West
CUST-02572,None,South
CUST-02573,Silver,South
CUST-02574,None,South
CUST-02575,Silver,East
CUST-02576,None,South
CUST-02577,None,South
CUST-02578,None,North
CUST-02579,None,South
CUST-02580,None,South
CUST-02581,None,West
CUST-02582,None,North
CUST-02583,None,East
CUST-02584,Silver,South
CUST-02585,None,East
CUST-02586,Silver,West
CUST-02587,None,West
CUST-02588,None,East
CUST-02589,None,East
CUST-02590,None,North
CUST-02591,None,East
CUST-02592,Silver,East
CUST-02593,None,East
CUST-02594,None,North
CUST-02595,Silver,North
CUST-02596,None,South
CUST-02597,None,North
CUST-02598,None,West
CUST-02599,None,South
CUST-02600,Gold,West
CUST-02601,None,North
CUST-02602,None,West
CUST-02603,Gold,East
CUST-02604,None,West
CUST-02605,Silver,South
CUST-02606,Gold,East
CUST-02607,None,North
CUST-02608,None,East
CUST-02609,None,East
CUST-02610,Gold,South
CUST-02611,None,West
CUST-02612,Silver,West
CUST-02613,None,South
CUST-02614,Gold,North
CUST-02615,Gold,South
CUST-02616,None,East
CUST-02617,Gold,East
CUST-02618,Gold,South
CUST-02619,Silver,South
CUST-02620,None,North
CUST-02621,None,East
CUST-02622,Silver,East
CUST-02623,None,South
CUST-02624,None,South
CUST-02625,None,North
CUST-02626,Silver,North
CUST-02627,None,East
CUST-02628,Silver,West
CUST-02629,None,West
CUST-02630,None,North
CUST-02631,None,South
CUST-02632,Gold,West
CUST-02633,Silver,West
CUST-02634,None,South
CUST-02635,None,South
CUST-02636,Silver,South
CUST-02637,Silver,North
CUST-02638,None,North
CUST-02639,None,East
CUST-02640,None,South
CUST-02641,None,East
CUST-02642,Gold,West
CUST-02643,Silver,North
CUST-02644,Silver,West
CUST-02645,None,East
CUST-02646,None,West
CUST-02647,None,East
CUST-02648,None,North
CUST-02649,Silver,West
CUST-02650,None,East
CUST-02651,None,East
CUST-02652,None,North
CUST-02653,None,East
CUST-02654,None,West
CUST-02655,None,West
CUST-02656,None,South
CUST-02657,None,West
CUST-02658,None,South
CUST-02659,None,West
CUST-02660,None,West
CUST-02661,None,West
CUST-02662,None,North
CUST-02663,None,South
CUST-02664,None,East
CUST-02665,Silver,East
CUST-02666,None,North
CUST-02667,None,East
CUST-02668,None,West
CUST-02669,None,East
CUST-02670,None,North
CUST-02671,None,West
CUST-02672,None,North
CUST-02673,None,South
CUST-02674,None,West
CUST-02675,Gold,South
CUST-02676,None,South
CUST-02677,Silver,West
CUST-02678,Silver,North
CUST-02679,Silver,North
CUST-02680,Silver,South
CUST-02681,Silver,South
CUST-02682,Silver,West
CUST-02683,Silver,North
CUST-02684,Silver,West
CUST-02685,Silver,North
CUST-02686,None,West
CUST-02687,None,North
CUST-02688,None,South
CUST-02689,None,East
CUST-02690,Silver,West
CUST-02691,Gold,North
CUST-02692,Silver,West
CUST-02693,None,East
CUST-02694,Silver,East
CUST-02695,None,South
CUST-02696,None,North
CUST-02697,Silver,West
CUST-02698,None,South
CUST-02699,Gold,West
CUST-02700,Gold,North
CUST-02701,None,West
CUST-02702,Silver,North
CUST-02703,None,North
CUST-02704,Silver,East
CUST-02705,Silver,West
CUST-02706,None,East
CUST-02707,None,North
CUST-02708,Gold,North
CUST-02709,Silver,West
CUST-02710,None,East
CUST-02711,None,East
CUST-02712,Silver,West
CUST-02713,None,East
CUST-02714,None,North
CUST-02715,Silver,South
CUST-02716,None,East
CUST-02717,Gold,South
CUST-02718,Gold,East
CUST-02719,None,East
CUST-02720,None,South
CUST-02721,None,East
CUST-02722,Silver,West
CUST-02723,None,West
CUST-02724,Silver,East
CUST-02725,Gold,East
CUST-02726,None,West
CUST-02727,Silver,South
CUST-02728,None,North
CUST-02729,None,East
CUST-02730,None,South
CUST-02731,None,West
CUST-02732,Silver,South
CUST-02733,None,West
CUST-02734,None,South
CUST-02735,None,South
CUST-02736,None,North
CUST-02737,Silver,North
CUST-02738,Silver,West
CUST-02739,None,South
CUST-02740,None,West
CUST-02741,Silver,East
CUST-02742,Silver,West
CUST-02743,None,West
CUST-02744,None,West
CUST-02745,None,South
CUST-02746,None,South
CUST-02747,None,West
CUST-02748,None,West
CUST-02749,Silver,East
CUST-02750,None,West
CUST-02751,Gold,South
CUST-02752,None,North
CUST-02753,None,North
CUST-02754,None,South
CUST-02755,Gold,West
CUST-02756,None,West
CUST-02757,None,South
CUST-02758,None,South
CUST-02759,Silver,North
CUST-02760,None,West
CUST-02761,Gold,East
CUST-02762,Gold,East
CUST-02763,Gold,West
CUST-02764,None,South
CUST-02765,None,South
CUST-02766,Silver,South
CUST-02767,None,West
CUST-02768,None,North
CUST-02769,Silver,West
CUST-02770,None,East
CUST-02771,Silver,South
CUST-02772,Silver,North
CUST-02773,Silver,West
CUST-02774,Silver,East
CUST-02775,None,West
CUST-02776,None,North
CUST-02777,None,East
CUST-02778,Silver,South
CUST-02779,Gold,North
CUST-02780,None,North
CUST-02781,None,North
CUST-02782,Silver,South
CUST-02783,None,East
CUST-02784,None,South
CUST-02785,None,South
CUST-02786,Silver,South
CUST-02787,None,East
CUST-02788,None,South
CUST-02789,None,North
CUST-02790,Silver,East
CUST-02791,None,East
CUST-02792,Silver,South
CUST-02793,None,North
CUST-02794,None,East
CUST-02795,None,East
CUST-02796,Gold,South
CUST-02797,Gold,West
CUST-02798,None,North
CUST-02799,Silver,East
CUST-02800,Silver,West
CUST-02801,None,East
CUST-02802,None,North
CUST-02803,Silver,West
CUST-02804,None,East
CUST-02805,Silver,South
CUST-02806,Silver,South
CUST-02807,None,West
CUST-02808,Silver,East
CUST-02809,None,South
CUST-02810,None,North
CUST-02811,None,West
CUST-02812,Silver,East
CUST-02813,Silver,North
CUST-02814,None,South
CUST-02815,Gold,West
CUST-02816,Gold,South
CUST-02817,None,East
CUST-02818,Gold,East
CUST-02819,None,North
CUST-02820,None,East
CUST-02821,None,West
CUST-02822,None,West
CUST-02823,Silver,North
CUST-02824,Silver,West
CUST-02825,None,North
CUST-02826,None,North
CUST-02827,Silver,North
CUST-02828,None,North
CUST-02829,Gold,East
CUST-02830,None,East
CUST-02831,Silver,East
CUST-02832,None,East
CUST-02833,Silver,North
CUST-02834,Silver,East
CUST-02835,None,North
CUST-02836,None,East
CUST-02837,None,South
CUST-02838,Silver,West
CUST-02839,Silver,East
CUST-02840,Gold,North
CUST-02841,None,North
CUST-02842,None,East
CUST-02843,Gold,South
CUST-02844,Silver,South
CUST-02845,None,South
CUST-02846,None,West
CUST-02847,None,West
CUST-02848,None,South
CUST-02849,Silver,North
CUST-02850,Gold,South
CUST-02851,None,West
CUST-02852,Gold,East
CUST-02853,None,South
CUST-02854,None,East
CUST-02855,Silver,North
CUST-02856,None,West
CUST-02857,Gold,East
CUST-02858,None,South
CUST-02859,None,East
CUST-02860,None,East
CUST-02861,Silver,North
CUST-02862,None,North
CUST-02863,None,East
CUST-02864,None,West
CUST-02865,None,East
CUST-02866,Silver,South
CUST-02867,Silver,South
CUST-02868,None,East
CUST-02869,None,South
CUST-02870,Silver,South
CUST-02871,Silver,North
CUST-02872,None,South
CUST-02873,Gold,West
CUST-02874,None,South
CUST-02875,Silver,South
CUST-02876,Silver,North
CUST-02877,Gold,West
CUST-02878,None,North
CUST-02879,None,East
CUST-02880,None,North
CUST-02881,Silver,West
CUST-02882,None,South
CUST-02883,Silver,West
CUST-02884,None,North
CUST-02885,Gold,North
CUST-02886,Silver,South
CUST-02887,None,North
CUST-02888,None,South
CUST-02889,None,South
CUST-02890,None,West
CUST-02891,Silver,South
CUST-02892,Silver,East
CUST-02893,None,West
CUST-02894,None,East
CUST-02895,None,West
CUST-02896,None,South
CUST-02897,Silver,West
CUST-02898,Silver,West
CUST-02899,None,South
CUST-02900,None,East
CUST-02901,Gold,South
CUST-02902,Silver,North
CUST-02903,Silver,North
CUST-02904,Silver,South
CUST-02905,None,West
CUST-02906,None,North
CUST-02907,Silver,East
CUST-02908,Silver,North
CUST-02909,None,South
CUST-02910,None,East
CUST-02911,Silver,North
CUST-02912,None,South
CUST-02913,Silver,North
CUST-02914,Silver,South
CUST-02915,None,West
CUST-02916,None,North
CUST-02917,None,North
CUST-02918,None,North
CUST-02919,None,West
CUST-02920,None,East
CUST-02921,None,East
CUST-02922,Silver,North
CUST-02923,None,South
CUST-02924,None,South
CUST-02925,Silver,North
CUST-02926,None,North
CUST-02927,None,South
CUST-02928,None,East
CUST-02929,None,South
CUST-02930,Gold,East
CUST-02931,None,North
CUST-02932,Silver,West
CUST-02933,None,North
CUST-02934,Silver,West
CUST-02935,None,South
CUST-02936,None,South
CUST-02937,None,South
CUST-02938,None,South
CUST-02939,Silver,South
CUST-02940,None,South
CUST-02941,None,East
CUST-02942,Silver,East
CUST-02943,Gold,South
CUST-02944,None,East
CUST-02945,None,South
CUST-02946,Silver,South
CUST-02947,None,North
CUST-02948,Gold,South
CUST-02949,Silver,East
CUST-02950,Silver,North
CUST-02951,Silver,South
CUST-02952,Silver,South
CUST-02953,None,West
CUST-02954,Silver,North
CUST-02955,None,West
CUST-02956,None,North
CUST-02957,Silver,East
CUST-02958,None,North
CUST-02959,None,North
CUST-02960,Silver,East
CUST-02961,Silver,East
CUST-02962,Silver,West
CUST-02963,None,East
CUST-02964,Silver,East
CUST-02965,None,North
CUST-02966,Silver,West
CUST-02967,None,West
CUST-02968,None,East
CUST-02969,None,West
CUST-02970,None,South
CUST-02971,None,West
CUST-02972,Gold,West
CUST-02973,Gold,North
CUST-02974,None,South
CUST-02975,Silver,South
CUST-02976,None,South
CUST-02977,None,North
CUST-02978,None,South
CUST-02979,None,South
CUST-02980,Silver,East
CUST-02981,Silver,West
CUST-02982,Silver,West
CUST-02983,None,West
CUST-02984,None,South
CUST-02985,None,West
CUST-02986,Gold,West
CUST-02987,None,South
CUST-02988,None,South
CUST-02989,None,West
CUST-02990,Silver,West
CUST-02991,None,West
CUST-02992,Silver,East
CUST-02993,None,East
CUST-02994,Silver,West
CUST-02995,None,East
CUST-02996,None,North
CUST-02997,Silver,East
CUST-02998,Silver,North
CUST-02999,Silver,East
CUST-03000,Silver,North
CUST-03001,Gold,South
CUST-03002,None,East
CUST-03003,None,East
CUST-03004,None,South
CUST-03005,None,East
CUST-03006,None,West
CUST-03007,None,North
CUST-03008,Gold,West
CUST-03009,None,South
CUST-03010,None,West
CUST-03011,None,South
CUST-03012,None,East
CUST-03013,None,West
CUST-03014,Silver,South
CUST-03015,Gold,South
CUST-03016,Silver,East
CUST-03017,None,South
CUST-03018,Gold,South
CUST-03019,None,North
CUST-03020,None,South
CUST-03021,None,North
CUST-03022,None,East
CUST-03023,Silver,North
CUST-03024,Silver,South
CUST-03025,None,East
CUST-03026,None,South
CUST-03027,None,East
CUST-03028,Silver,West
CUST-03029,Silver,West
CUST-03030,None,South
CUST-03031,None,South
CUST-03032,None,South
CUST-03033,None,South
CUST-03034,None,South
CUST-03035,None,South
CUST-03036,None,South
CUST-03037,None,North
CUST-03038,Gold,South
CUST-03039,Silver,South
CUST-03040,Silver,North
CUST-03041,Silver,East
CUST-03042,Silver,West
CUST-03043,Silver,West
CUST-03044,Silver,South
CUST-03045,None,South
CUST-03046,Gold,South
CUST-03047,None,South
CUST-03048,Silver,West
CUST-03049,Silver,East
CUST-03050,None,West
CUST-03051,None,West
CUST-03052,Gold,West
CUST-03053,None,East
CUST-03054,None,South
CUST-03055,None,East
CUST-03056,Gold,North
CUST-03057,Gold,South
CUST-03058,None,East
CUST-03059,None,North
CUST-03060,None,South
CUST-03061,None,West
CUST-03062,None,West
CUST-03063,None,East
CUST-03064,None,North
CUST-03065,None,South
CUST-03066,None,North
CUST-03067,None,East
CUST-03068,None,North
CUST-03069,Silver,North
CUST-03070,None,East
CUST-03071,None,North
CUST-03072,None,North
CUST-03073,None,South
CUST-03074,Silver,East
CUST-03075,None,East
CUST-03076,Gold,North
CUST-03077,Silver,South
CUST-03078,Silver,South
CUST-03079,None,East
CUST-03080,Silver,South
CUST-03081,Silver,South
CUST-03082,None,East
CUST-03083,None,East
CUST-03084,Silver,West
CUST-03085,None,South
CUST-03086,Silver,East
CUST-03087,Silver,South
CUST-03088,None,North
CUST-03089,Silver,West
CUST-03090,Silver,East
CUST-03091,None,East
CUST-03092,Silver,East
CUST-03093,Silver,West
CUST-03094,Silver,East
CUST-03095,Silver,South
CUST-03096,Silver,South
CUST-03097,None,West
CUST-03098,None,North
CUST-03099,Silver,South
CUST-03100,Silver,West
CUST-03101,Silver,West
CUST-03102,Silver,North
CUST-03103,None,South
CUST-03104,Gold,North
CUST-03105,None,South
CUST-03106,None,South
CUST-03107,Silver,North
CUST-03108,None,East
CUST-03109,None,South
CUST-03110,None,South
CUST-03111,None,South
CUST-03112,None,North
CUST-03113,None,South
CUST-03114,Gold,East
CUST-03115,None,East
CUST-03116,None,South
CUST-03117,Gold,South
CUST-03118,Silver,West
CUST-03119,Silver,East
CUST-03120,None,West
CUST-03121,None,North
CUST-03122,Silver,East
CUST-03123,Silver,West
CUST-03124,Silver,West
CUST-03125,Silver,East
CUST-03126,None,South
CUST-03127,None,West
CUST-03128,Silver,North
CUST-03129,None,South
CUST-03130,None,West
CUST-03131,Silver,South
CUST-03132,Silver,North
CUST-03133,None,East
CUST-03134,Silver,North
CUST-03135,Silver,East
CUST-03136,None,South
CUST-03137,Gold,West
CUST-03138,None,East
CUST-03139,None,East
CUST-03140,Silver,South
CUST-03141,None,North
CUST-03142,Silver,East
CUST-03143,None,East
CUST-03144,None,South
CUST-03145,None,South
CUST-03146,None,East
CUST-03147,None,South
CUST-03148,None,North
CUST-03149,None,West
CUST-03150,Gold,East
CUST-03151,Silver,North
CUST-03152,None,South
CUST-03153,None,South
CUST-03154,None,East
CUST-03155,Silver,North
CUST-03156,None,South
CUST-03157,None,South
CUST-03158,Silver,East
CUST-03159,Silver,East
CUST-03160,Silver,South
CUST-03161,Silver,East
CUST-03162,None,South
CUST-03163,Gold,West
CUST-03164,None,West
CUST-03165,Silver,West
CUST-03166,None,North
CUST-03167,Silver,West
CUST-03168,Silver,East
CUST-03169,Silver,South
CUST-03170,None,West
CUST-03171,None,East
CUST-03172,None,East
CUST-03173,None,West
CUST-03174,None,West
CUST-03175,Silver,South
CUST-03176,None,North
CUST-03177,None,South
CUST-03178,None,West
CUST-03179,Gold,South
CUST-03180,None,South
CUST-03181,None,West
CUST-03182,None,West
CUST-03183,Silver,North
CUST-03184,Gold,South
CUST-03185,Gold,North
CUST-03186,Silver,North
CUST-03187,None,East
CUST-03188,Gold,North
CUST-03189,None,West
CUST-03190,None,South
CUST-03191,Silver,South
CUST-03192,None,East
CUST-03193,Gold,South
CUST-03194,Silver,West
CUST-03195,Silver,East
CUST-03196,Silver,South
CUST-03197,Silver,East
CUST-03198,None,North
CUST-03199,None,West
CUST-03200,None,East
CUST-03201,None,West
CUST-03202,Silver,North
CUST-03203,Silver,North
CUST-03204,Silver,North
CUST-03205,Gold,West
CUST-03206,None,South
CUST-03207,None,South
CUST-03208,Gold,East
CUST-03209,Silver,East
CUST-03210,None,South
CUST-03211,None,West
CUST-03212,None,West
CUST-03213,Gold,South
CUST-03214,None,East
CUST-03215,None,North
CUST-03216,Silver,North
CUST-03217,Silver,West
CUST-03218,Silver,South
CUST-03219,None,West
CUST-03220,None,East
CUST-03221,None,South
CUST-03222,Gold,East
CUST-03223,None,North
CUST-03224,Silver,South
CUST-03225,None,East
CUST-03226,None,West
CUST-03227,None,South
CUST-03228,None,East
CUST-03229,None,West
CUST-03230,None,East
CUST-03231,None,East
CUST-03232,None,East
CUST-03233,Silver,South
CUST-03234,None,North
CUST-03235,None,North
CUST-03236,None,East
CUST-03237,None,South
CUST-03238,None,North
CUST-03239,None,South
CUST-03240,None,West
CUST-03241,None,West
CUST-03242,None,South
CUST-03243,Silver,North
CUST-03244,None,North
CUST-03245,Silver,East
CUST-03246,None,North
CUST-03247,Silver,East
CUST-03248,Silver,East
CUST-03249,None,North
CUST-03250,None,East
CUST-03251,None,South
CUST-03252,Silver,East
CUST-03253,Silver,East
CUST-03254,None,East
CUST-03255,None,West
CUST-03256,None,East
CUST-03257,None,East
CUST-03258,None,South
CUST-03259,None,West
CUST-03260,Silver,North
CUST-03261,Silver,South
CUST-03262,Gold,West
CUST-03263,None,West
CUST-03264,None,West
CUST-03265,Silver,East
CUST-03266,Silver,North
CUST-03267,Gold,East
CUST-03268,None,South
CUST-03269,Silver,North
CUST-03270,Silver,North
CUST-03271,Gold,East
CUST-03272,None,North
CUST-03273,Silver,South
CUST-03274,Silver,South
CUST-03275,Gold,South
CUST-03276,None,South
CUST-03277,Silver,East
CUST-03278,Gold,South
CUST-03279,Silver,North
CUST-03280,None,East
CUST-03281,Silver,East
CUST-03282,None,South
CUST-03283,Silver,South
CUST-03284,None,North
CUST-03285,Silver,South
CUST-03286,Silver,East
CUST-03287,Silver,East
CUST-03288,Gold,North
CUST-03289,Silver,East
CUST-03290,None,West
CUST-03291,None,East
CUST-03292,None,North
CUST-03293,None,South
CUST-03294,Silver,West
CUST-03295,None,East
CUST-03296,Silver,South
CUST-03297,None,North
CUST-03298,None,North
CUST-03299,None,West
CUST-03300,Silver,West
CUST-03301,Silver,East
CUST-03302,None,West
CUST-03303,None,West
CUST-03304,Gold,East
CUST-03305,None,South
CUST-03306,None,North
CUST-03307,None,North
CUST-03308,Silver,West
CUST-03309,None,East
CUST-03310,None,West
CUST-03311,None,West
CUST-03312,Silver,East
CUST-03313,Silver,East
CUST-03314,Silver,South
CUST-03315,None,East
CUST-03316,Silver,North
CUST-03317,None,South
CUST-03318,None,East
CUST-03319,None,South
CUST-03320,Silver,North
CUST-03321,Silver,West
CUST-03322,None,North
CUST-03323,None,South
CUST-03324,Silver,East
CUST-03325,None,South
CUST-03326,None,South
CUST-03327,None,North
CUST-03328,Silver,South
CUST-03329,None,South
CUST-03330,None,West
CUST-03331,Silver,West
CUST-03332,None,South
CUST-03333,None,South
CUST-03334,Silver,South
CUST-03335,None,West
CUST-03336,Silver,East
CUST-03337,None,East
CUST-03338,None,West
CUST-03339,None,East
CUST-03340,None,North
CUST-03341,Silver,East
CUST-03342,Silver,North
CUST-03343,None,South
CUST-03344,None,East
CUST-03345,None,West
CUST-03346,Silver,East
CUST-03347,None,South
CUST-03348,None,South
CUST-03349,Gold,South
CUST-03350,None,West
CUST-03351,None,North
CUST-03352,None,North
CUST-03353,None,South
CUST-03354,Silver,West
CUST-03355,None,South
CUST-03356,Silver,West
CUST-03357,None,East
CUST-03358,None,North
CUST-03359,Silver,South
CUST-03360,None,North
CUST-03361,Silver,North
CUST-03362,None,West
CUST-03363,None,South
CUST-03364,None,North
CUST-03365,None,West
CUST-03366,Silver,East
CUST-03367,Silver,North
CUST-03368,None,East
CUST-03369,None,East
CUST-03370,Silver,North
CUST-03371,Silver,East
CUST-03372,Silver,West
CUST-03373,None,South
CUST-03374,None,West
CUST-03375,None,West
CUST-03376,None,West
CUST-03377,None,South
CUST-03378,None,North
CUST-03379,Gold,West
CUST-03380,Silver,North
CUST-03381,None,East
CUST-03382,Silver,North
CUST-03383,Silver,East
CUST-03384,Silver,West
CUST-03385,None,East
CUST-03386,None,East
CUST-03387,Silver,West
CUST-03388,None,North
CUST-03389,Silver,West
CUST-03390,Silver,West
CUST-03391,Silver,South
CUST-03392,None,West
CUST-03393,None,East
CUST-03394,None,West
CUST-03395,None,North
CUST-03396,Gold,West
CUST-03397,Gold,East
CUST-03398,None,North
CUST-03399,None,East
CUST-03400,None,West
CUST-03401,Silver,West
CUST-03402,Gold,West
CUST-03403,Gold,South
CUST-03404,None,North
CUST-03405,None,North
CUST-03406,None,South
CUST-03407,Silver,North
CUST-03408,None,East
CUST-03409,Silver,North
CUST-03410,Silver,South
CUST-03411,Gold,South
CUST-03412,None,South
CUST-03413,Silver,North
CUST-03414,None,East
CUST-03415,Silver,South
CUST-03416,None,West
CUST-03417,None,East
CUST-03418,None,West
CUST-03419,Silver,North
CUST-03420,None,South
CUST-03421,Silver,West
CUST-03422,None,East
CUST-03423,None,East
CUST-03424,None,North
CUST-03425,None,South
CUST-03426,Silver,East
CUST-03427,Silver,East
CUST-03428,Gold,East
CUST-03429,None,South
CUST-03430,Silver,West
CUST-03431,None,West
CUST-03432,Silver,North
CUST-03433,None,West
CUST-03434,Gold,North
CUST-03435,Gold,South
CUST-03436,Gold,East
CUST-03437,None,South
CUST-03438,None,West
CUST-03439,None,South
CUST-03440,None,North
CUST-03441,None,North
CUST-03442,Silver,North
CUST-03443,Silver,South
CUST-03444,None,South
CUST-03445,Gold,West
CUST-03446,None,East
CUST-03447,None,South
CUST-03448,None,South
CUST-03449,Gold,North
CUST-03450,None,East
CUST-03451,Gold,East
CUST-03452,Gold,South
CUST-03453,None,East
CUST-03454,None,West
CUST-03455,None,East
CUST-03456,None,East
CUST-03457,None,South
CUST-03458,None,East
CUST-03459,None,East
CUST-03460,Silver,North
CUST-03461,None,West
CUST-03462,None,West
CUST-03463,None,South
CUST-03464,None,North
CUST-03465,Silver,North
CUST-03466,None,South
CUST-03467,None,West
CUST-03468,Silver,South
CUST-03469,Gold,West
CUST-03470,Gold,East
CUST-03471,None,West
CUST-03472,None,North
CUST-03473,None,East
CUST-03474,None,West
CUST-03475,Silver,South
CUST-03476,Silver,West
CUST-03477,Silver,West
CUST-03478,Silver,West
CUST-03479,Gold,West
CUST-03480,Silver,West
CUST-03481,None,North
CUST-03482,None,North
CUST-03483,Gold,North
CUST-03484,Gold,West
CUST-03485,None,North
CUST-03486,None,West
CUST-03487,Silver,East
CUST-03488,None,South
CUST-03489,None,East
CUST-03490,Silver,North
CUST-03491,None,East
CUST-03492,None,South
CUST-03493,None,South
CUST-03494,Gold,North
CUST-03495,None,North
CUST-03496,None,East
CUST-03497,None,North
CUST-03498,Silver,South
CUST-03499,Gold,South
CUST-03500,Silver,North
CUST-03501,Gold,East
CUST-03502,Silver,West
CUST-03503,None,South
CUST-03504,None,East
CUST-03505,None,North
CUST-03506,Silver,South
CUST-03507,None,South
CUST-03508,Silver,East
CUST-03509,None,North
CUST-03510,Silver,North
CUST-03511,Silver,West
CUST-03512,Silver,North
CUST-03513,None,West
CUST-03514,None,North
CUST-03515,Silver,East
CUST-03516,None,North
CUST-03517,None,West
CUST-03518,Silver,North
CUST-03519,None,East
CUST-03520,Silver,West
CUST-03521,None,East
CUST-03522,None,East
CUST-03523,None,East
CUST-03524,None,West
CUST-03525,None,South
CUST-03526,None,East
CUST-03527,Silver,West
CUST-03528,None,East
CUST-03529,Silver,South
CUST-03530,None,South
CUST-03531,Silver,North
CUST-03532,None,North
CUST-03533,Silver,West
CUST-03534,Gold,East
CUST-03535,None,East
CUST-03536,Silver,East
CUST-03537,Gold,South
CUST-03538,Silver,West
CUST-03539,None,South
CUST-03540,None,East
CUST-03541,None,West
CUST-03542,None,West
CUST-03543,None,East
CUST-03544,None,South
CUST-03545,None,South
CUST-03546,Silver,East
CUST-03547,Silver,West
CUST-03548,None,East
CUST-03549,Gold,West
CUST-03550,Silver,West
CUST-03551,None,South
CUST-03552,None,South
CUST-03553,None,North
CUST-03554,Silver,South
CUST-03555,None,South
CUST-03556,Silver,West
CUST-03557,None,West
CUST-03558,None,South
CUST-03559,Gold,South
CUST-03560,None,West
CUST-03561,Gold,East
CUST-03562,Gold,South
CUST-03563,None,East
CUST-03564,None,East
CUST-03565,None,West
CUST-03566,None,West
CUST-03567,None,East
CUST-03568,Gold,South
CUST-03569,Silver,West
CUST-03570,None,North
CUST-03571,None,West
CUST-03572,None,South
CUST-03573,None,North
CUST-03574,Gold,South
CUST-03575,None,South
CUST-03576,None,North
CUST-03577,None,South
CUST-03578,Silver,West
CUST-03579,None,West
CUST-03580,None,West
CUST-03581,None,West
CUST-03582,Gold,West
CUST-03583,None,North
CUST-03584,Silver,East
CUST-03585,Silver,East
CUST-03586,None,South
CUST-03587,Silver,South
CUST-03588,None,North
CUST-03589,None,South
CUST-03590,None,East
CUST-03591,Silver,South
CUST-03592,Silver,South
CUST-03593,None,North
CUST-03594,None,South
CUST-03595,None,West
CUST-03596,None,West
CUST-03597,None,West
CUST-03598,Silver,South
CUST-03599,Silver,East
CUST-03600,None,East
CUST-03601,None,West
CUST-03602,None,West
CUST-03603,None,North
CUST-03604,Gold,East
CUST-03605,Gold,East
CUST-03606,None,West
CUST-03607,Silver,South
CUST-03608,Silver,South
CUST-03609,Silver,South
CUST-03610,None,South
CUST-03611,None,East
CUST-03612,None,South
CUST-03613,None,East
CUST-03614,Silver,East
CUST-03615,Gold,West
CUST-03616,Silver,South
CUST-03617,Silver,North
CUST-03618,Gold,West
CUST-03619,Silver,South
CUST-03620,Silver,South
CUST-03621,None,South
CUST-03622,Silver,East
CUST-03623,None,West
CUST-03624,None,West
CUST-03625,None,West
CUST-03626,Silver,East
CUST-03627,Silver,South
CUST-03628,Silver,East
CUST-03629,Gold,East
CUST-03630,None,North
CUST-03631,None,South
CUST-03632,None,South
CUST-03633,None,East
CUST-03634,None,West
CUST-03635,Silver,South
CUST-03636,Silver,North
CUST-03637,None,South
CUST-03638,None,West
CUST-03639,None,West
CUST-03640,Silver,South
CUST-03641,Silver,North
CUST-03642,None,East
CUST-03643,None,West
CUST-03644,Silver,South
CUST-03645,Silver,West
CUST-03646,Silver,South
CUST-03647,None,West
CUST-03648,None,North
CUST-03649,None,South
CUST-03650,Silver,South
CUST-03651,None,East
CUST-03652,None,North
CUST-03653,None,West
CUST-03654,Gold,West
CUST-03655,None,North
CUST-03656,None,South
CUST-03657,None,South
CUST-03658,None,North
CUST-03659,None,North
CUST-03660,Silver,East
CUST-03661,None,West
CUST-03662,Gold,East
CUST-03663,None,North
CUST-03664,None,North
CUST-03665,Silver,South
CUST-03666,None,South
CUST-03667,Silver,West
CUST-03668,Silver,North
CUST-03669,Gold,East
CUST-03670,None,East
CUST-03671,None,East
CUST-03672,None,North
CUST-03673,Silver,East
CUST-03674,None,West
CUST-03675,Silver,North
CUST-03676,None,South
CUST-03677,Gold,East
CUST-03678,None,West
CUST-03679,None,South
CUST-03680,None,East
CUST-03681,Silver,West
CUST-03682,Silver,South
CUST-03683,Gold,North
CUST-03684,None,East
CUST-03685,None,East
CUST-03686,Silver,North
CUST-03687,None,South
CUST-03688,Silver,East
CUST-03689,None,North
CUST-03690,None,South
CUST-03691,None,South
CUST-03692,Gold,West
CUST-03693,Silver,South
CUST-03694,Silver,East
CUST-03695,None,West
CUST-03696,Gold,East
CUST-03697,None,East
CUST-03698,Silver,North
CUST-03699,Gold,North
CUST-03700,Gold,North
CUST-03701,Silver,South
CUST-03702,Silver,North
CUST-03703,None,North
CUST-03704,None,East
CUST-03705,None,East
CUST-03706,None,North
CUST-03707,None,West
CUST-03708,None,East
CUST-03709,None,North
CUST-03710,Silver,West
CUST-03711,None,West
CUST-03712,None,South
CUST-03713,None,North
CUST-03714,Silver,West
CUST-03715,None,West
CUST-03716,None,West
CUST-03717,None,West
CUST-03718,None,East
CUST-03719,None,West
CUST-03720,None,West
CUST-03721,Silver,West
CUST-03722,None,West
CUST-03723,Silver,East
CUST-03724,None,West
CUST-03725,None,East
CUST-03726,None,South
CUST-03727,None,North
CUST-03728,None,West
CUST-03729,None,East
CUST-03730,None,North
CUST-03731,Silver,West
CUST-03732,Silver,East
CUST-03733,None,West
CUST-03734,Gold,South
CUST-03735,None,North
CUST-03736,None,South
CUST-03737,None,West
CUST-03738,Silver,North
CUST-03739,None,South
CUST-03740,None,South
CUST-03741,Gold,North
CUST-03742,None,North
CUST-03743,None,West
CUST-03744,Silver,West
CUST-03745,None,North
CUST-03746,Gold,West
CUST-03747,Gold,North
CUST-03748,None,West
CUST-03749,None,North
CUST-03750,None,South
CUST-03751,Gold,East
CUST-03752,None,West
CUST-03753,Silver,South
CUST-03754,None,West
CUST-03755,None,South
CUST-03756,None,North
CUST-03757,None,East
CUST-03758,None,West
CUST-03759,None,North
CUST-03760,None,West
CUST-03761,Silver,West
CUST-03762,None,West
CUST-03763,Silver,North
CUST-03764,None,North
CUST-03765,Silver,South
CUST-03766,None,North
CUST-03767,Gold,North
CUST-03768,Silver,East
CUST-03769,None,East
CUST-03770,Silver,South
CUST-03771,None,East
CUST-03772,None,North
CUST-03773,None,East
CUST-03774,None,North
CUST-03775,None,South
CUST-03776,None,East
CUST-03777,None,North
CUST-03778,Silver,South
CUST-03779,Silver,North
CUST-03780,None,West
CUST-03781,Silver,South
CUST-03782,None,West
CUST-03783,Silver,East
CUST-03784,Silver,North
CUST-03785,None,North
CUST-03786,None,West
CUST-03787,None,East
CUST-03788,None,South
CUST-03789,Silver,South
CUST-03790,None,North
CUST-03791,Silver,West
CUST-03792,Silver,West
CUST-03793,Silver,South
CUST-03794,Silver,North
CUST-03795,Silver,North
CUST-03796,Gold,South
CUST-03797,Silver,North
CUST-03798,Silver,West
CUST-03799,None,East
CUST-03800,None,West
CUST-03801,Silver,South
CUST-03802,Silver,South
CUST-03803,Gold,South
CUST-03804,None,South
CUST-03805,None,North
CUST-03806,None,East
CUST-03807,None,East
CUST-03808,Silver,West
CUST-03809,Gold,West
CUST-03810,None,West
CUST-03811,Silver,North
CUST-03812,None,East
CUST-03813,Silver,South
CUST-03814,None,North
CUST-03815,None,West
CUST-03816,None,East
CUST-03817,None,East
CUST-03818,None,West
CUST-03819,None,East
CUST-03820,Silver,South
CUST-03821,Gold,South
CUST-03822,Gold,North
CUST-03823,Gold,North
CUST-03824,None,West
CUST-03825,None,West
CUST-03826,None,North
CUST-03827,Gold,North
CUST-03828,None,East
CUST-03829,None,North
CUST-03830,None,North
CUST-03831,None,South
CUST-03832,None,South
CUST-03833,Silver,South
CUST-03834,None,South
CUST-03835,None,West
CUST-03836,Silver,East
CUST-03837,None,West
CUST-03838,None,South
CUST-03839,Silver,West
CUST-03840,None,West
CUST-03841,None,South
CUST-03842,None,North
CUST-03843,Gold,South
CUST-03844,None,North
CUST-03845,None,West
CUST-03846,Silver,North
CUST-03847,None,South
CUST-03848,None,South
CUST-03849,None,West
CUST-03850,Silver,North
CUST-03851,None,West
CUST-03852,None,South
CUST-03853,Silver,South
CUST-03854,Silver,South
CUST-03855,None,East
CUST-03856,Gold,South
CUST-03857,Gold,North
CUST-03858,None,North
CUST-03859,None,North
CUST-03860,Silver,West
CUST-03861,Silver,East
CUST-03862,None,South
CUST-03863,None,East
CUST-03864,Silver,West
CUST-03865,None,North
CUST-03866,Silver,West
CUST-03867,None,West
CUST-03868,None,South
CUST-03869,Silver,South
CUST-03870,None,South
CUST-03871,Gold,North
CUST-03872,None,South
CUST-03873,None,East
CUST-03874,Gold,East
CUST-03875,Silver,North
CUST-03876,None,West
CUST-03877,None,North
CUST-03878,Gold,North
CUST-03879,None,North
CUST-03880,None,South
CUST-03881,None,West
CUST-03882,None,East
CUST-03883,None,South
CUST-03884,None,South
CUST-03885,None,South
CUST-03886,None,West
CUST-03887,None,South
CUST-03888,Silver,North
CUST-03889,Silver,East
CUST-03890,None,South
CUST-03891,None,West
CUST-03892,Silver,East
CUST-03893,None,East
CUST-03894,None,East
CUST-03895,None,North
CUST-03896,None,East
CUST-03897,None,East
CUST-03898,None,North
CUST-03899,Gold,South
CUST-03900,None,North
CUST-03901,Silver,North
CUST-03902,Silver,South
CUST-03903,None,East
CUST-03904,None,East
CUST-03905,None,South
CUST-03906,None,East
CUST-03907,None,South
CUST-03908,Silver,North
CUST-03909,Silver,East
CUST-03910,None,South
CUST-03911,Silver,South
CUST-03912,Silver,North
CUST-03913,None,North
CUST-03914,None,South
CUST-03915,Silver,West
CUST-03916,None,South
CUST-03917,None,South
CUST-03918,None,West
CUST-03919,None,East
CUST-03920,Silver,West
CUST-03921,None,South
CUST-03922,None,North
CUST-03923,None,West
CUST-03924,Silver,North
CUST-03925,Silver,South
CUST-03926,Silver,South
CUST-03927,Silver,West
CUST-03928,None,West
CUST-03929,None,South
CUST-03930,None,North
CUST-03931,None,North
CUST-03932,None,North
CUST-03933,None,East
CUST-03934,None,North
CUST-03935,Silver,East
CUST-03936,Gold,West
CUST-03937,Gold,South
CUST-03938,Silver,North
CUST-03939,Silver,North
CUST-03940,Gold,East
CUST-03941,Gold,East
CUST-03942,None,East
CUST-03943,None,South
CUST-03944,None,North
CUST-03945,None,West
CUST-03946,None,West
CUST-03947,Silver,South
CUST-03948,Silver,West
CUST-03949,None,East
CUST-03950,Silver,West
CUST-03951,Gold,South
CUST-03952,Gold,West
CUST-03953,None,South
CUST-03954,Silver,North
CUST-03955,None,South
CUST-03956,Silver,North
CUST-03957,None,North
CUST-03958,None,West
CUST-03959,None,South
CUST-03960,None,North
CUST-03961,None,South
CUST-03962,Silver,East
CUST-03963,None,North
CUST-03964,Silver,East
CUST-03965,None,West
CUST-03966,None,South
CUST-03967,None,West
CUST-03968,None,North
CUST-03969,None,West
CUST-03970,None,East
CUST-03971,None,North
CUST-03972,None,West
CUST-03973,Silver,North
CUST-03974,Silver,West
CUST-03975,None,South
CUST-03976,None,North
CUST-03977,None,West
CUST-03978,Silver,South
CUST-03979,None,South
CUST-03980,None,North
CUST-03981,None,North
CUST-03982,None,West
CUST-03983,None,East
CUST-03984,None,North
CUST-03985,None,North
CUST-03986,None,North
CUST-03987,None,East
CUST-03988,None,North
CUST-03989,None,North
CUST-03990,Silver,West
CUST-03991,Gold,West
CUST-03992,None,East
CUST-03993,Silver,West
CUST-03994,Silver,North
CUST-03995,None,South
CUST-03996,None,East
CUST-03997,None,South
CUST-03998,Silver,East
CUST-03999,None,East
CUST-04000,None,South
CUST-04001,Silver,East
CUST-04002,Silver,West
CUST-04003,Silver,North
CUST-04004,None,East
CUST-04005,None,North
CUST-04006,Gold,East
CUST-04007,Silver,South
CUST-04008,None,North
CUST-04009,None,East
CUST-04010,None,North
CUST-04011,None,South
CUST-04012,None,South
CUST-04013,None,East
CUST-04014,Gold,North
CUST-04015,None,West
CUST-04016,None,West
CUST-04017,Silver,West
CUST-04018,Silver,North
CUST-04019,Silver,South
CUST-04020,None,North
CUST-04021,None,East
CUST-04022,None,West
CUST-04023,None,West
CUST-04024,Silver,South
CUST-04025,None,West
CUST-04026,None,North
CUST-04027,None,West
CUST-04028,None,North
CUST-04029,Silver,North
CUST-04030,None,North
CUST-04031,None,South
CUST-04032,None,North
CUST-04033,Silver,East
CUST-04034,Gold,North
CUST-04035,None,North
CUST-04036,Silver,South
CUST-04037,Gold,East
CUST-04038,None,North
CUST-04039,Gold,West
CUST-04040,None,North
CUST-04041,Silver,North
CUST-04042,None,West
CUST-04043,Silver,East
CUST-04044,Silver,South
CUST-04045,Silver,North
CUST-04046,Silver,East
CUST-04047,None,North
CUST-04048,None,North
CUST-04049,None,West
CUST-04050,Silver,North
CUST-04051,Silver,South
CUST-04052,None,South
CUST-04053,Gold,South
CUST-04054,None,East
CUST-04055,Silver,South
CUST-04056,None,North
CUST-04057,None,East
CUST-04058,None,East
CUST-04059,None,East
CUST-04060,None,West
CUST-04061,Silver,North
CUST-04062,None,East
CUST-04063,None,East
CUST-04064,None,South
CUST-04065,Silver,South
CUST-04066,None,South
CUST-04067,None,East
CUST-04068,None,West
CUST-04069,None,East
CUST-04070,Silver,South
CUST-04071,None,West
CUST-04072,Gold,South
CUST-04073,None,East
CUST-04074,Silver,East
CUST-04075,None,East
CUST-04076,Gold,North
CUST-04077,Gold,South
CUST-04078,None,South
CUST-04079,Silver,West
CUST-04080,Gold,East
CUST-04081,None,North
CUST-04082,None,North
CUST-04083,Silver,East
CUST-04084,Silver,North
CUST-04085,Silver,South
CUST-04086,None,East
CUST-04087,None,West
CUST-04088,None,East
CUST-04089,None,West
CUST-04090,None,West
CUST-04091,None,North
CUST-04092,None,East
CUST-04093,Gold,East
CUST-04094,None,East
CUST-04095,Silver,East
CUST-04096,None,South
CUST-04097,Silver,East
CUST-04098,Silver,South
CUST-04099,None,West
CUST-04100,None,South
CUST-04101,Silver,North
CUST-04102,Silver,West
CUST-04103,None,South
CUST-04104,None,West
CUST-04105,None,East
CUST-04106,None,East
CUST-04107,None,North
CUST-04108,None,East
CUST-04109,None,North
CUST-04110,Gold,South
CUST-04111,None,East
CUST-04112,None,South
CUST-04113,Silver,North
CUST-04114,None,East
CUST-04115,None,West
CUST-04116,None,West
CUST-04117,None,South
CUST-04118,None,North
CUST-04119,None,West
CUST-04120,None,South
CUST-04121,None,West
CUST-04122,None,South
CUST-04123,Silver,North
CUST-04124,None,North
CUST-04125,Silver,West
CUST-04126,None,North
CUST-04127,Silver,East
CUST-04128,Silver,West
CUST-04129,Silver,South
CUST-04130,Silver,West
CUST-04131,Silver,West
CUST-04132,Gold,West
CUST-04133,None,West
CUST-04134,None,North
CUST-04135,Silver,South
CUST-04136,Gold,East
CUST-04137,None,East
CUST-04138,None,North
CUST-04139,None,North
CUST-04140,None,North
CUST-04141,Silver,West
CUST-04142,None,South
CUST-04143,None,East
CUST-04144,None,East
CUST-04145,Silver,West
CUST-04146,None,South
CUST-04147,None,North
CUST-04148,Gold,South
CUST-04149,Gold,North
CUST-04150,None,West
CUST-04151,None,West
CUST-04152,Silver,North
CUST-04153,Silver,North
CUST-04154,None,East
CUST-04155,Silver,South
CUST-04156,None,South
CUST-04157,Gold,West
CUST-04158,None,West
CUST-04159,None,East
CUST-04160,None,South
CUST-04161,None,South
CUST-04162,Silver,South
CUST-04163,None,North
CUST-04164,None,East
CUST-04165,Silver,South
CUST-04166,None,East
CUST-04167,None,North
CUST-04168,None,West
CUST-04169,None,North
CUST-04170,None,West
CUST-04171,None,West
CUST-04172,Gold,West
CUST-04173,None,East
CUST-04174,Gold,South
CUST-04175,Silver,South
CUST-04176,None,East
CUST-04177,Silver,West
CUST-04178,Gold,West
CUST-04179,None,South
CUST-04180,Silver,South
CUST-04181,None,West
CUST-04182,None,West
CUST-04183,None,South
CUST-04184,None,East
CUST-04185,Silver,South
CUST-04186,None,East
CUST-04187,None,East
CUST-04188,None,South
CUST-04189,None,West
CUST-04190,None,South
CUST-04191,None,West
CUST-04192,None,North
CUST-04193,None,North
CUST-04194,None,West
CUST-04195,Silver,West
CUST-04196,Silver,South
CUST-04197,None,South
CUST-04198,Silver,South
CUST-04199,Gold,West
CUST-04200,Silver,East
CUST-04201,None,South
CUST-04202,Silver,East
CUST-04203,Silver,South
CUST-04204,None,North
CUST-04205,None,West
CUST-04206,Silver,South
CUST-04207,None,East
CUST-04208,None,West
CUST-04209,Gold,North
CUST-04210,None,East
CUST-04211,None,West
CUST-04212,Silver,North
CUST-04213,None,West
CUST-04214,None,North
CUST-04215,Silver,East
CUST-04216,None,East
CUST-04217,Gold,South
CUST-04218,None,North
CUST-04219,None,East
CUST-04220,None,South
CUST-04221,None,West
CUST-04222,None,East
CUST-04223,Silver,East
CUST-04224,Silver,East
CUST-04225,None,West
CUST-04226,Silver,East
CUST-04227,None,West
CUST-04228,None,West
CUST-04229,None,South
CUST-04230,None,South
CUST-04231,None,West
CUST-04232,None,West
CUST-04233,None,North
CUST-04234,None,North
CUST-04235,Silver,North
CUST-04236,Silver,North
CUST-04237,None,East
CUST-04238,None,North
CUST-04239,None,South
CUST-04240,None,North
CUST-04241,Silver,East
CUST-04242,None,North
CUST-04243,None,South
CUST-04244,Silver,North
CUST-04245,None,South
CUST-04246,Silver,North
CUST-04247,None,North
CUST-04248,Silver,North
CUST-04249,None,West
CUST-04250,Silver,East
CUST-04251,Silver,North
CUST-04252,None,North
CUST-04253,Silver,North
CUST-04254,None,South
CUST-04255,None,North
CUST-04256,None,North
CUST-04257,None,East
CUST-04258,None,South
CUST-04259,Gold,South
CUST-04260,None,West
CUST-04261,None,West
CUST-04262,None,West
CUST-04263,Silver,East
CUST-04264,Gold,South
CUST-04265,None,North
CUST-04266,Gold,North
CUST-04267,None,West
CUST-04268,None,South
CUST-04269,Silver,East
CUST-04270,None,South
CUST-04271,None,West
CUST-04272,None,North
CUST-04273,None,West
CUST-04274,Silver,East
CUST-04275,None,North
CUST-04276,None,North
CUST-04277,None,North
CUST-04278,Silver,South
CUST-04279,None,North
CUST-04280,None,South
CUST-04281,Gold,South
CUST-04282,None,East
CUST-04283,Gold,East
CUST-04284,Silver,South
CUST-04285,None,East
CUST-04286,Gold,South
CUST-04287,None,South
CUST-04288,None,North
CUST-04289,Silver,North
CUST-04290,Silver,South
CUST-04291,None,West
CUST-04292,None,East
CUST-04293,Silver,East
CUST-04294,None,North
CUST-04295,Silver,West
CUST-04296,Silver,South
CUST-04297,Silver,North
CUST-04298,None,West
CUST-04299,None,East
CUST-04300,None,South
CUST-04301,None,West
CUST-04302,None,West
CUST-04303,Gold,North
CUST-04304,None,North
CUST-04305,None,South
CUST-04306,None,North
CUST-04307,Silver,South
CUST-04308,Silver,East
CUST-04309,None,South
CUST-04310,Silver,East
CUST-04311,Silver,South
CUST-04312,None,South
CUST-04313,None,West
CUST-04314,None,East
CUST-04315,Silver,East
CUST-04316,Silver,East
CUST-04317,None,East
CUST-04318,None,West
CUST-04319,None,West
CUST-04320,Gold,West
CUST-04321,None,East
CUST-04322,None,North
CUST-04323,None,North
CUST-04324,Silver,North
CUST-04325,None,West
CUST-04326,None,East
CUST-04327,None,West
CUST-04328,None,West
CUST-04329,Silver,West
CUST-04330,None,West
CUST-04331,None,East
CUST-04332,None,South
CUST-04333,None,East
CUST-04334,None,South
CUST-04335,Silver,East
CUST-04336,None,West
CUST-04337,Gold,West
CUST-04338,None,East
CUST-04339,Gold,West
CUST-04340,Silver,West
CUST-04341,Gold,North
CUST-04342,Silver,East
CUST-04343,None,South
CUST-04344,Silver,South
CUST-04345,Silver,West
CUST-04346,Silver,West
CUST-04347,None,West
CUST-04348,Silver,North
CUST-04349,Silver,West
CUST-04350,Silver,West
CUST-04351,None,North
CUST-04352,None,North
CUST-04353,None,East
CUST-04354,Gold,North
CUST-04355,Silver,North
CUST-04356,Silver,South
CUST-04357,Silver,South
CUST-04358,Silver,North
CUST-04359,Silver,West
CUST-04360,Silver,West
CUST-04361,Gold,North
CUST-04362,Silver,South
CUST-04363,None,North
CUST-04364,None,North
CUST-04365,Silver,West
CUST-04366,None,West
CUST-04367,None,South
CUST-04368,Silver,West
CUST-04369,Gold,West
CUST-04370,None,East
CUST-04371,None,West
CUST-04372,None,South
CUST-04373,Silver,West
CUST-04374,Silver,South
CUST-04375,None,North
CUST-04376,Silver,East
CUST-04377,None,North
CUST-04378,Gold,North
CUST-04379,None,North
CUST-04380,None,East
CUST-04381,Silver,West
CUST-04382,None,West
CUST-04383,None,West
CUST-04384,Gold,East
CUST-04385,None,South
CUST-04386,None,North
CUST-04387,None,East
CUST-04388,Silver,East
CUST-04389,Gold,North
CUST-04390,None,North
CUST-04391,Silver,East
CUST-04392,Silver,East
CUST-04393,None,South
CUST-04394,None,East
CUST-04395,Gold,West
CUST-04396,None,North
CUST-04397,None,North
CUST-04398,None,East
CUST-04399,None,East
CUST-04400,Silver,South
CUST-04401,Silver,East
CUST-04402,None,South
CUST-04403,None,North
CUST-04404,None,East
CUST-04405,Silver,South
CUST-04406,Silver,North
CUST-04407,Silver,East
CUST-04408,Silver,West
CUST-04409,Silver,South
CUST-04410,None,East
CUST-04411,Silver,West
CUST-04412,Silver,North
CUST-04413,Silver,South
CUST-04414,None,East
CUST-04415,Silver,South
CUST-04416,Silver,South
CUST-04417,Silver,South
CUST-04418,Silver,South
CUST-04419,None,South
CUST-04420,None,West
CUST-04421,Silver,North
CUST-04422,None,South
CUST-04423,None,North
CUST-04424,None,West
CUST-04425,None,South
CUST-04426,None,South
CUST-04427,Silver,East
CUST-04428,None,South
CUST-04429,Silver,South
CUST-04430,Silver,South
CUST-04431,Gold,North
CUST-04432,None,North
CUST-04433,None,North
CUST-04434,Silver,East
CUST-04435,None,North
CUST-04436,None,North
CUST-04437,Gold,East
CUST-04438,None,East
CUST-04439,Silver,East
CUST-04440,None,South
CUST-04441,Silver,North
CUST-04442,Gold,South
CUST-04443,None,South
CUST-04444,None,West
CUST-04445,Silver,West
CUST-04446,None,South
CUST-04447,None,South
CUST-04448,Silver,North
CUST-04449,None,South
CUST-04450,None,West
CUST-04451,None,West
CUST-04452,None,West
CUST-04453,None,North
CUST-04454,None,South
CUST-04455,Silver,South
CUST-04456,None,East
CUST-04457,None,North
CUST-04458,Silver,North
CUST-04459,Silver,East
CUST-04460,None,South
CUST-04461,None,East
CUST-04462,None,North
CUST-04463,None,East
CUST-04464,Gold,West
CUST-04465,None,East
CUST-04466,Gold,South
CUST-04467,None,South
CUST-04468,None,East
CUST-04469,None,West
CUST-04470,None,North
CUST-04471,None,West
CUST-04472,None,North
CUST-04473,None,North
CUST-04474,Silver,East
CUST-04475,Silver,East
CUST-04476,Silver,West
CUST-04477,Silver,South
CUST-04478,None,South
CUST-04479,None,West
CUST-04480,Gold,West
CUST-04481,None,North
CUST-04482,None,South
CUST-04483,None,North
CUST-04484,Silver,North
CUST-04485,None,North
CUST-04486,None,North
CUST-04487,None,North
CUST-04488,None,South
CUST-04489,None,South
CUST-04490,None,East
CUST-04491,Gold,North
CUST-04492,None,West
CUST-04493,Silver,East
CUST-04494,None,East
CUST-04495,None,West
CUST-04496,None,West
CUST-04497,None,South
CUST-04498,Silver,East
CUST-04499,None,West
CUST-04500,None,South
CUST-04501,Silver,South
CUST-04502,None,East
CUST-04503,None,East
CUST-04504,None,West
CUST-04505,Gold,West
CUST-04506,None,East
CUST-04507,None,South
CUST-04508,None,West
CUST-04509,None,West
CUST-04510,None,North
CUST-04511,None,East
CUST-04512,Silver,West
CUST-04513,Silver,North
CUST-04514,Gold,West
CUST-04515,Silver,East
CUST-04516,None,North
CUST-04517,Silver,North
CUST-04518,None,East
CUST-04519,None,West
CUST-04520,Silver,East
CUST-04521,None,East
CUST-04522,Silver,South
CUST-04523,Silver,South
CUST-04524,Silver,South
CUST-04525,None,South
CUST-04526,Silver,North
CUST-04527,Gold,West
CUST-04528,Silver,East
CUST-04529,None,West
CUST-04530,Gold,South
CUST-04531,None,North
CUST-04532,None,North
CUST-04533,None,East
CUST-04534,Silver,North
CUST-04535,Silver,South
CUST-04536,Gold,East
CUST-04537,None,North
CUST-04538,Silver,West
CUST-04539,None,East
CUST-04540,Gold,West
CUST-04541,Silver,North
CUST-04542,Silver,North
CUST-04543,Gold,West
CUST-04544,None,West
CUST-04545,None,North
CUST-04546,None,West
CUST-04547,None,North
CUST-04548,Silver,West
CUST-04549,None,South
CUST-04550,None,East
CUST-04551,Silver,North
CUST-04552,None,West
CUST-04553,Silver,North
CUST-04554,None,West
CUST-04555,None,East
CUST-04556,Silver,South
CUST-04557,Silver,East
CUST-04558,None,East
CUST-04559,None,West
CUST-04560,None,South
CUST-04561,None,North
CUST-04562,Silver,South
CUST-04563,None,East
CUST-04564,Silver,East
CUST-04565,Silver,North
CUST-04566,Silver,West
CUST-04567,None,North
CUST-04568,Silver,West
CUST-04569,None,North
CUST-04570,Silver,East
CUST-04571,Silver,North
CUST-04572,None,West
CUST-04573,None,West
CUST-04574,None,North
CUST-04575,None,South
CUST-04576,Gold,North
CUST-04577,Silver,West
CUST-04578,Silver,North
CUST-04579,Silver,South
CUST-04580,Gold,West
CUST-04581,None,East
CUST-04582,None,East
CUST-04583,None,North
CUST-04584,None,North
CUST-04585,Silver,West
CUST-04586,Silver,North
CUST-04587,None,East
CUST-04588,None,East
CUST-04589,None,North
CUST-04590,None,North
CUST-04591,None,North
CUST-04592,None,North
CUST-04593,Gold,North
CUST-04594,None,South
CUST-04595,None,East
CUST-04596,None,East
CUST-04597,None,East
CUST-04598,None,East
CUST-04599,Silver,North
CUST-04600,Gold,South
CUST-04601,Silver,North
CUST-04602,Gold,East
CUST-04603,None,West
CUST-04604,Silver,West
CUST-04605,None,West
CUST-04606,None,East
CUST-04607,None,West
CUST-04608,Silver,West
CUST-04609,None,East
CUST-04610,None,West
CUST-04611,None,South
CUST-04612,Silver,North
CUST-04613,Silver,East
CUST-04614,Gold,East
CUST-04615,None,West
CUST-04616,None,North
CUST-04617,Silver,North
CUST-04618,None,South
CUST-04619,None,North
CUST-04620,None,North
CUST-04621,Silver,North
CUST-04622,Silver,West
CUST-04623,None,East
CUST-04624,Silver,East
CUST-04625,None,South
CUST-04626,Gold,East
CUST-04627,None,West
CUST-04628,Silver,North
CUST-04629,None,East
CUST-04630,None,South
CUST-04631,None,West
CUST-04632,None,West
CUST-04633,Gold,South
CUST-04634,None,East
CUST-04635,None,East
CUST-04636,Gold,West
CUST-04637,None,East
CUST-04638,None,North
CUST-04639,Gold,East
CUST-04640,Gold,West
CUST-04641,Silver,South
CUST-04642,Gold,West
CUST-04643,Silver,East
CUST-04644,None,West
CUST-04645,None,East
CUST-04646,None,North
CUST-04647,Silver,South
CUST-04648,None,West
CUST-04649,Silver,North
CUST-04650,None,East
CUST-04651,None,South
CUST-04652,None,East
CUST-04653,Silver,South
CUST-04654,None,South
CUST-04655,Gold,West
CUST-04656,Gold,West
CUST-04657,Silver,East
CUST-04658,None,North
CUST-04659,Silver,North
CUST-04660,None,West
CUST-04661,None,West
CUST-04662,None,North
CUST-04663,None,South
CUST-04664,None,North
CUST-04665,None,West
CUST-04666,None,North
CUST-04667,None,North
CUST-04668,Silver,South
CUST-04669,None,North
CUST-04670,None,West
CUST-04671,Silver,North
CUST-04672,None,North
CUST-04673,None,North
CUST-04674,None,North
CUST-04675,Silver,East
CUST-04676,Silver,West
CUST-04677,None,East
CUST-04678,None,North
CUST-04679,None,South
CUST-04680,Silver,West
CUST-04681,Gold,South
CUST-04682,Silver,South
CUST-04683,None,South
CUST-04684,None,South
CUST-04685,None,East
CUST-04686,None,South
CUST-04687,None,South
CUST-04688,None,East
CUST-04689,None,West
CUST-04690,None,West
CUST-04691,None,East
CUST-04692,None,East
CUST-04693,None,South
CUST-04694,None,West
CUST-04695,Silver,West
CUST-04696,None,East
CUST-04697,Silver,East
CUST-04698,None,East
CUST-04699,Silver,West
CUST-04700,Silver,West
CUST-04701,None,West
CUST-04702,None,South
CUST-04703,None,East
CUST-04704,Silver,East
CUST-04705,None,East
CUST-04706,Silver,East
CUST-04707,None,South
CUST-04708,Silver,East
CUST-04709,Silver,West
CUST-04710,None,West
CUST-04711,Silver,South
CUST-04712,None,West
CUST-04713,None,East
CUST-04714,Silver,West
CUST-04715,None,East
CUST-04716,None,North
CUST-04717,Silver,North
CUST-04718,None,South
CUST-04719,Silver,South
CUST-04720,None,South
CUST-04721,None,South
CUST-04722,None,East
CUST-04723,None,East
CUST-04724,None,East
CUST-04725,Silver,West
CUST-04726,None,East
CUST-04727,None,North
CUST-04728,None,South
CUST-04729,Gold,West
CUST-04730,None,South
CUST-04731,None,East
CUST-04732,None,South
CUST-04733,None,South
CUST-04734,Silver,South
CUST-04735,None,East
CUST-04736,None,South
CUST-04737,None,North
CUST-04738,Silver,East
CUST-04739,Gold,South
CUST-04740,None,South
CUST-04741,Silver,West
CUST-04742,Silver,East
CUST-04743,None,North
CUST-04744,None,North
CUST-04745,None,South
CUST-04746,Silver,South
CUST-04747,Silver,South
CUST-04748,Gold,West
CUST-04749,Gold,East
CUST-04750,Gold,West
CUST-04751,None,East
CUST-04752,None,East
CUST-04753,Silver,West
CUST-04754,Silver,East
CUST-04755,None,East
CUST-04756,None,South
CUST-04757,None,North
CUST-04758,None,South
CUST-04759,None,South
CUST-04760,None,North
CUST-04761,None,East
CUST-04762,Silver,West
CUST-04763,None,West
CUST-04764,Silver,North
CUST-04765,None,East
CUST-04766,None,North
CUST-04767,Gold,North
CUST-04768,None,West
CUST-04769,None,North
CUST-04770,None,North
CUST-04771,Silver,West
CUST-04772,None,South
CUST-04773,Gold,South
CUST-04774,Silver,South
CUST-04775,None,South
CUST-04776,None,West
CUST-04777,None,North
CUST-04778,Silver,West
CUST-04779,None,South
CUST-04780,Gold,North
CUST-04781,None,South
CUST-04782,Silver,North
CUST-04783,Gold,South
CUST-04784,None,North
CUST-04785,None,East
CUST-04786,None,East
CUST-04787,None,North
CUST-04788,Silver,South
CUST-04789,None,North
CUST-04790,None,West
CUST-04791,None,West
CUST-04792,Silver,West
CUST-04793,Silver,North
CUST-04794,Gold,South
CUST-04795,None,East
CUST-04796,None,North
CUST-04797,Silver,South
CUST-04798,Silver,West
CUST-04799,None,West
CUST-04800,None,East
CUST-04801,None,North
CUST-04802,None,South
CUST-04803,None,North
CUST-04804,None,West
CUST-04805,Gold,West
CUST-04806,Silver,North
CUST-04807,None,West
CUST-04808,Silver,South
CUST-04809,Silver,West
CUST-04810,None,East
CUST-04811,None,South
CUST-04812,Gold,East
CUST-04813,Silver,North
CUST-04814,Gold,East
CUST-04815,None,West
CUST-04816,Silver,East
CUST-04817,None,South
CUST-04818,Silver,East
CUST-04819,Silver,West
CUST-04820,Silver,West
CUST-04821,Gold,East
CUST-04822,Gold,North
CUST-04823,None,West
CUST-04824,None,West
CUST-04825,None,South
CUST-04826,None,East
CUST-04827,Silver,West
CUST-04828,Silver,East
CUST-04829,Silver,North
CUST-04830,None,North
CUST-04831,None,North
CUST-04832,None,North
CUST-04833,None,South
CUST-04834,None,West
CUST-04835,None,West
CUST-04836,None,East
CUST-04837,None,East
CUST-04838,Gold,North
CUST-04839,Gold,East
CUST-04840,None,East
CUST-04841,None,East
CUST-04842,Silver,South
CUST-04843,Silver,West
CUST-04844,None,West
CUST-04845,None,West
CUST-04846,None,West
CUST-04847,None,East
CUST-04848,None,North
CUST-04849,Silver,North
CUST-04850,None,South
CUST-04851,None,South
CUST-04852,Silver,North
CUST-04853,None,South
CUST-04854,Silver,South
CUST-04855,None,West
CUST-04856,None,North
CUST-04857,Silver,South
CUST-04858,None,South
CUST-04859,None,South
CUST-04860,None,West
CUST-04861,None,North
CUST-04862,None,East
CUST-04863,None,North
CUST-04864,None,West
CUST-04865,None,North
CUST-04866,Silver,South
CUST-04867,None,North
CUST-04868,None,North
CUST-04869,Silver,North
CUST-04870,None,West
CUST-04871,None,East
CUST-04872,Gold,North
CUST-04873,None,South
CUST-04874,Silver,West
CUST-04875,Silver,East
CUST-04876,Silver,East
CUST-04877,None,West
CUST-04878,None,North
CUST-04879,None,South
CUST-04880,None,West
CUST-04881,None,East
CUST-04882,Silver,South
CUST-04883,Gold,East
CUST-04884,None,South
CUST-04885,None,South
CUST-04886,None,South
CUST-04887,Silver,West
CUST-04888,None,North
CUST-04889,Silver,South
CUST-04890,None,East
CUST-04891,None,West
CUST-04892,Silver,West
CUST-04893,None,East
CUST-04894,None,North
CUST-04895,None,North
CUST-04896,None,North
CUST-04897,None,East
CUST-04898,Gold,West
CUST-04899,Silver,East
CUST-04900,Gold,South
CUST-04901,None,South
CUST-04902,None,East
CUST-04903,None,South
CUST-04904,None,East
CUST-04905,Silver,East
CUST-04906,Gold,North
CUST-04907,None,East
CUST-04908,Gold,West
CUST-04909,Silver,North
CUST-04910,None,South
CUST-04911,None,South
CUST-04912,Gold,West
CUST-04913,Silver,South
CUST-04914,Gold,West
CUST-04915,None,North
CUST-04916,None,South
CUST-04917,Silver,South
CUST-04918,Gold,North
CUST-04919,None,East
CUST-04920,Silver,South
CUST-04921,None,West
CUST-04922,Silver,West
CUST-04923,None,West
CUST-04924,None,South
CUST-04925,None,East
CUST-04926,Silver,South
CUST-04927,Silver,North
CUST-04928,None,East
CUST-04929,Gold,East
CUST-04930,None,South
CUST-04931,None,South
CUST-04932,Silver,South
CUST-04933,Silver,West
CUST-04934,None,South
CUST-04935,Silver,East
CUST-04936,Silver,West
CUST-04937,None,South
CUST-04938,Silver,South
CUST-04939,None,North
CUST-04940,None,North
CUST-04941,Gold,South
CUST-04942,None,North
CUST-04943,None,East
CUST-04944,Gold,East
CUST-04945,Silver,South
CUST-04946,None,East
CUST-04947,Silver,East
CUST-04948,None,North
CUST-04949,None,South
CUST-04950,None,East
CUST-04951,None,North
CUST-04952,Silver,West
CUST-04953,None,East
CUST-04954,Silver,North
CUST-04955,Gold,South
CUST-04956,Silver,West
CUST-04957,None,North
CUST-04958,Silver,South
CUST-04959,Silver,West
CUST-04960,None,North
CUST-04961,Silver,West
CUST-04962,Silver,South
CUST-04963,None,East
CUST-04964,None,West
CUST-04965,Silver,East
CUST-04966,None,West
CUST-04967,None,South
CUST-04968,None,South
CUST-04969,None,West
CUST-04970,None,North
CUST-04971,Silver,East
CUST-04972,Silver,West
CUST-04973,None,North
CUST-04974,None,South
CUST-04975,None,North
CUST-04976,None,West
CUST-04977,None,North
CUST-04978,Silver,South
CUST-04979,Silver,West
CUST-04980,Silver,North
CUST-04981,None,East
CUST-04982,Silver,South
CUST-04983,Silver,North
CUST-04984,Silver,West
CUST-04985,None,West
CUST-04986,None,North
CUST-04987,None,North
CUST-04988,Silver,West
CUST-04989,Gold,East
CUST-04990,Gold,East
CUST-04991,Silver,North
CUST-04992,Silver,South
CUST-04993,Silver,East
CUST-04994,Silver,East
CUST-04995,None,West
CUST-04996,Silver,East
CUST-04997,Silver,West
CUST-04998,Silver,South
CUST-04999,Silver,South
CUST-05000,Silver,West
