PRODUCT_ID,FAMILY_ID,PRODUCT_NAME,BRAND_ID,MANUFACTURER_ID,PRODUCT_TYPE
PRD-00001,FAM-00001,T-shirts - Standard Fit,Brand X,Manufacturer Direct,Standard Fit
PRD-00002,FAM-00001,T-shirts - Standard Fit,Brand Y,Manufacturer Direct,Standard Fit
PRD-00003,FAM-00001,T-shirts - Premium Style,Brand X,Manufacturer Direct,Premium Style
PRD-00004,FAM-00001,T-shirts - Premium Style,Brand Y,Manufacturer Direct,Premium Style
PRD-00005,FAM-00002,Shirts - Slim Fit,FashionCo,Manufacturer Direct,Slim Fit
PRD-00006,FAM-00002,Shirts - Slim Fit,StyleBrand,Manufacturer Direct,Slim Fit
PRD-00007,FAM-00002,Shirts - Regular Fit,FashionCo,Manufacturer Direct,Regular Fit
PRD-00008,FAM-00002,Shirts - Regular Fit,StyleBrand,Manufacturer Direct,Regular Fit
PRD-00009,FAM-00003,Pants - Standard Fit,Brand X,Manufacturer Direct,Standard Fit
PRD-00010,FAM-00003,Pants - Standard Fit,Brand Y,Manufacturer Direct,Standard Fit
PRD-00011,FAM-00003,Pants - Premium Style,Brand X,Manufacturer Direct,Premium Style
PRD-00012,FAM-00003,Pants - Premium Style,Brand Y,Manufacturer Direct,Premium Style
PRD-00013,FAM-00004,Jeans - Skinny,DenimBrand,Manufacturer Direct,Skinny
PRD-00014,FAM-00004,Jeans - Skinny,UrbanJeans,Manufacturer Direct,Skinny
PRD-00015,FAM-00004,Jeans - Straight,DenimBrand,Manufacturer Direct,Straight
PRD-00016,FAM-00004,Jeans - Straight,UrbanJeans,Manufacturer Direct,Straight
PRD-00017,FAM-00005,Shorts - Standard Fit,Brand X,Manufacturer Direct,Standard Fit
PRD-00018,FAM-00005,Shorts - Standard Fit,Brand Y,Manufacturer Direct,Standard Fit
PRD-00019,FAM-00005,Shorts - Premium Style,Brand X,Manufacturer Direct,Premium Style
PRD-00020,FAM-00005,Shorts - Premium Style,Brand Y,Manufacturer Direct,Premium Style
PRD-00021,FAM-00006,Jackets - Standard Fit,Brand X,Manufacturer Direct,Standard Fit
PRD-00022,FAM-00006,Jackets - Standard Fit,Brand Y,Manufacturer Direct,Standard Fit
PRD-00023,FAM-00006,Jackets - Premium Style,Brand X,Manufacturer Direct,Premium Style
PRD-00024,FAM-00006,Jackets - Premium Style,Brand Y,Manufacturer Direct,Premium Style
PRD-00025,FAM-00007,Schoolwear - Standard Fit,Brand X,Manufacturer Direct,Standard Fit
PRD-00026,FAM-00007,Schoolwear - Standard Fit,Brand Y,Manufacturer Direct,Standard Fit
PRD-00027,FAM-00007,Schoolwear - Premium Style,Brand X,Manufacturer Direct,Premium Style
PRD-00028,FAM-00007,Schoolwear - Premium Style,Brand Y,Manufacturer Direct,Premium Style
PRD-00029,FAM-00008,Ethnic wear - Standard Fit,Brand X,Manufacturer Direct,Standard Fit
PRD-00030,FAM-00008,Ethnic wear - Standard Fit,Brand Y,Manufacturer Direct,Standard Fit
PRD-00031,FAM-00008,Ethnic wear - Premium Style,Brand X,Manufacturer Direct,Premium Style
PRD-00032,FAM-00008,Ethnic wear - Premium Style,Brand Y,Manufacturer Direct,Premium Style
PRD-00033,FAM-00009,Dresses - Standard Fit,Brand X,Manufacturer Direct,Standard Fit
PRD-00034,FAM-00009,Dresses - Standard Fit,Brand Y,Manufacturer Direct,Standard Fit
PRD-00035,FAM-00009,Dresses - Premium Style,Brand X,Manufacturer Direct,Premium Style
PRD-00036,FAM-00009,Dresses - Premium Style,Brand Y,Manufacturer Direct,Premium Style
PRD-00037,FAM-00010,Tops - Standard Fit,Brand X,Manufacturer Direct,Standard Fit
PRD-00038,FAM-00010,Tops - Standard Fit,Brand Y,Manufacturer Direct,Standard Fit
PRD-00039,FAM-00010,Tops - Premium Style,Brand X,Manufacturer Direct,Premium Style
PRD-00040,FAM-00010,Tops - Premium Style,Brand Y,Manufacturer Direct,Premium Style
PRD-00041,FAM-00011,Skirts - Standard Fit,Brand X,Manufacturer Direct,Standard Fit
PRD-00042,FAM-00011,Skirts - Standard Fit,Brand Y,Manufacturer Direct,Standard Fit
PRD-00043,FAM-00011,Skirts - Premium Style,Brand X,Manufacturer Direct,Premium Style
PRD-00044,FAM-00011,Skirts - Premium Style,Brand Y,Manufacturer Direct,Premium Style
PRD-00045,FAM-00012,Leggings - Standard Fit,Brand X,Manufacturer Direct,Standard Fit
PRD-00046,FAM-00012,Leggings - Standard Fit,Brand Y,Manufacturer Direct,Standard Fit
PRD-00047,FAM-00012,Leggings - Premium Style,Brand X,Manufacturer Direct,Premium Style
PRD-00048,FAM-00012,Leggings - Premium Style,Brand Y,Manufacturer Direct,Premium Style
PRD-00049,FAM-00013,Jeans - Skinny,DenimBrand,Manufacturer Direct,Skinny
PRD-00050,FAM-00013,Jeans - Skinny,UrbanJeans,Manufacturer Direct,Skinny
PRD-00051,FAM-00013,Jeans - Straight,DenimBrand,Manufacturer Direct,Straight
PRD-00052,FAM-00013,Jeans - Straight,UrbanJeans,Manufacturer Direct,Straight
PRD-00053,FAM-00014,Jackets - Standard Fit,Brand X,Manufacturer Direct,Standard Fit
PRD-00054,FAM-00014,Jackets - Standard Fit,Brand Y,Manufacturer Direct,Standard Fit
PRD-00055,FAM-00014,Jackets - Premium Style,Brand X,Manufacturer Direct,Premium Style
PRD-00056,FAM-00014,Jackets - Premium Style,Brand Y,Manufacturer Direct,Premium Style
PRD-00057,FAM-00015,Ethnic wear - Standard Fit,Brand X,Manufacturer Direct,Standard Fit
PRD-00058,FAM-00015,Ethnic wear - Standard Fit,Brand Y,Manufacturer Direct,Standard Fit
PRD-00059,FAM-00015,Ethnic wear - Premium Style,Brand X,Manufacturer Direct,Premium Style
PRD-00060,FAM-00015,Ethnic wear - Premium Style,Brand Y,Manufacturer Direct,Premium Style
PRD-00061,FAM-00016,Bodysuits - Standard Fit,Brand X,Manufacturer Direct,Standard Fit
PRD-00062,FAM-00016,Bodysuits - Standard Fit,Brand Y,Manufacturer Direct,Standard Fit
PRD-00063,FAM-00016,Bodysuits - Premium Style,Brand X,Manufacturer Direct,Premium Style
PRD-00064,FAM-00016,Bodysuits - Premium Style,Brand Y,Manufacturer Direct,Premium Style
PRD-00065,FAM-00017,Rompers - Standard Fit,Brand X,Manufacturer Direct,Standard Fit
PRD-00066,FAM-00017,Rompers - Standard Fit,Brand Y,Manufacturer Direct,Standard Fit
PRD-00067,FAM-00017,Rompers - Premium Style,Brand X,Manufacturer Direct,Premium Style
PRD-00068,FAM-00017,Rompers - Premium Style,Brand Y,Manufacturer Direct,Premium Style
PRD-00069,FAM-00018,Sleepwear - Standard Fit,Brand X,Manufacturer Direct,Standard Fit
PRD-00070,FAM-00018,Sleepwear - Standard Fit,Brand Y,Manufacturer Direct,Standard Fit
PRD-00071,FAM-00018,Sleepwear - Premium Style,Brand X,Manufacturer Direct,Premium Style
PRD-00072,FAM-00018,Sleepwear - Premium Style,Brand Y,Manufacturer Direct,Premium Style
PRD-00073,FAM-00019,Winterwear - Standard Fit,Brand X,Manufacturer Direct,Standard Fit
PRD-00074,FAM-00019,Winterwear - Standard Fit,Brand Y,Manufacturer Direct,Standard Fit
PRD-00075,FAM-00019,Winterwear - Premium Style,Brand X,Manufacturer Direct,Premium Style
PRD-00076,FAM-00019,Winterwear - Premium Style,Brand Y,Manufacturer Direct,Premium Style
PRD-00077,FAM-00020,School uniforms - Standard Fit,Brand X,Manufacturer Direct,Standard Fit
PRD-00078,FAM-00020,School uniforms - Standard Fit,Brand Y,Manufacturer Direct,Standard Fit
PRD-00079,FAM-00020,School uniforms - Premium Style,Brand X,Manufacturer Direct,Premium Style
PRD-00080,FAM-00020,School uniforms - Premium Style,Brand Y,Manufacturer Direct,Premium Style
PRD-00081,FAM-00021,Character clothing - Standard Fit,Brand X,Manufacturer Direct,Standard Fit
PRD-00082,FAM-00021,Character clothing - Standard Fit,Brand Y,Manufacturer Direct,Standard Fit
PRD-00083,FAM-00021,Character clothing - Premium Style,Brand X,Manufacturer Direct,Premium Style
PRD-00084,FAM-00021,Character clothing - Premium Style,Brand Y,Manufacturer Direct,Premium Style
PRD-00085,FAM-00022,Costume wear - Standard Fit,Brand X,Manufacturer Direct,Standard Fit
PRD-00086,FAM-00022,Costume wear - Standard Fit,Brand Y,Manufacturer Direct,Standard Fit
PRD-00087,FAM-00022,Costume wear - Premium Style,Brand X,Manufacturer Direct,Premium Style
PRD-00088,FAM-00022,Costume wear - Premium Style,Brand Y,Manufacturer Direct,Premium Style
PRD-00089,FAM-00023,Swimwear - Standard Fit,Brand X,Manufacturer Direct,Standard Fit
PRD-00090,FAM-00023,Swimwear - Standard Fit,Brand Y,Manufacturer Direct,Standard Fit
PRD-00091,FAM-00023,Swimwear - Premium Style,Brand X,Manufacturer Direct,Premium Style
PRD-00092,FAM-00023,Swimwear - Premium Style,Brand Y,Manufacturer Direct,Premium Style
PRD-00093,FAM-00024,T-shirts - Standard Fit,Brand X,Manufacturer Direct,Standard Fit
PRD-00094,FAM-00024,T-shirts - Standard Fit,Brand Y,Manufacturer Direct,Standard Fit
PRD-00095,FAM-00024,T-shirts - Premium Style,Brand X,Manufacturer Direct,Premium Style
PRD-00096,FAM-00024,T-shirts - Premium Style,Brand Y,Manufacturer Direct,Premium Style
PRD-00097,FAM-00025,Shirts - Slim Fit,FashionCo,Manufacturer Direct,Slim Fit
PRD-00098,FAM-00025,Shirts - Slim Fit,StyleBrand,Manufacturer Direct,Slim Fit
PRD-00099,FAM-00025,Shirts - Regular Fit,FashionCo,Manufacturer Direct,Regular Fit
PRD-00100,FAM-00025,Shirts - Regular Fit,StyleBrand,Manufacturer Direct,Regular Fit
PRD-00101,FAM-00026,Polo shirts - Standard Fit,Brand X,Manufacturer Direct,Standard Fit
PRD-00102,FAM-00026,Polo shirts - Standard Fit,Brand Y,Manufacturer Direct,Standard Fit
PRD-00103,FAM-00026,Polo shirts - Premium Style,Brand X,Manufacturer Direct,Premium Style
PRD-00104,FAM-00026,Polo shirts - Premium Style,Brand Y,Manufacturer Direct,Premium Style
PRD-00105,FAM-00027,Sweatshirts - Standard Fit,Brand X,Manufacturer Direct,Standard Fit
PRD-00106,FAM-00027,Sweatshirts - Standard Fit,Brand Y,Manufacturer Direct,Standard Fit
PRD-00107,FAM-00027,Sweatshirts - Premium Style,Brand X,Manufacturer Direct,Premium Style
PRD-00108,FAM-00027,Sweatshirts - Premium Style,Brand Y,Manufacturer Direct,Premium Style
PRD-00109,FAM-00028,Hoodies - Standard Fit,Brand X,Manufacturer Direct,Standard Fit
PRD-00110,FAM-00028,Hoodies - Standard Fit,Brand Y,Manufacturer Direct,Standard Fit
PRD-00111,FAM-00028,Hoodies - Premium Style,Brand X,Manufacturer Direct,Premium Style
PRD-00112,FAM-00028,Hoodies - Premium Style,Brand Y,Manufacturer Direct,Premium Style
PRD-00113,FAM-00029,Sweaters - Standard Fit,Brand X,Manufacturer Direct,Standard Fit
PRD-00114,FAM-00029,Sweaters - Standard Fit,Brand Y,Manufacturer Direct,Standard Fit
PRD-00115,FAM-00029,Sweaters - Premium Style,Brand X,Manufacturer Direct,Premium Style
PRD-00116,FAM-00029,Sweaters - Premium Style,Brand Y,Manufacturer Direct,Premium Style
PRD-00117,FAM-00030,Jackets - Standard Fit,Brand X,Manufacturer Direct,Standard Fit
PRD-00118,FAM-00030,Jackets - Standard Fit,Brand Y,Manufacturer Direct,Standard Fit
PRD-00119,FAM-00030,Jackets - Premium Style,Brand X,Manufacturer Direct,Premium Style
PRD-00120,FAM-00030,Jackets - Premium Style,Brand Y,Manufacturer Direct,Premium Style
PRD-00121,FAM-00031,Coats - Standard Fit,Brand X,Manufacturer Direct,Standard Fit
PRD-00122,FAM-00031,Coats - Standard Fit,Brand Y,Manufacturer Direct,Standard Fit
PRD-00123,FAM-00031,Coats - Premium Style,Brand X,Manufacturer Direct,Premium Style
PRD-00124,FAM-00031,Coats - Premium Style,Brand Y,Manufacturer Direct,Premium Style
PRD-00125,FAM-00032,Blazers - Standard Fit,Brand X,Manufacturer Direct,Standard Fit
PRD-00126,FAM-00032,Blazers - Standard Fit,Brand Y,Manufacturer Direct,Standard Fit
PRD-00127,FAM-00032,Blazers - Premium Style,Brand X,Manufacturer Direct,Premium Style
PRD-00128,FAM-00032,Blazers - Premium Style,Brand Y,Manufacturer Direct,Premium Style
PRD-00129,FAM-00033,Suits - Standard Fit,Brand X,Manufacturer Direct,Standard Fit
PRD-00130,FAM-00033,Suits - Standard Fit,Brand Y,Manufacturer Direct,Standard Fit
PRD-00131,FAM-00033,Suits - Premium Style,Brand X,Manufacturer Direct,Premium Style
PRD-00132,FAM-00033,Suits - Premium Style,Brand Y,Manufacturer Direct,Premium Style
PRD-00133,FAM-00034,Ethnic wear - Standard Fit,Brand X,Manufacturer Direct,Standard Fit
PRD-00134,FAM-00034,Ethnic wear - Standard Fit,Brand Y,Manufacturer Direct,Standard Fit
PRD-00135,FAM-00034,Ethnic wear - Premium Style,Brand X,Manufacturer Direct,Premium Style
PRD-00136,FAM-00034,Ethnic wear - Premium Style,Brand Y,Manufacturer Direct,Premium Style
PRD-00137,FAM-00035,Jeans - Skinny,DenimBrand,Manufacturer Direct,Skinny
PRD-00138,FAM-00035,Jeans - Skinny,UrbanJeans,Manufacturer Direct,Skinny
PRD-00139,FAM-00035,Jeans - Straight,DenimBrand,Manufacturer Direct,Straight
PRD-00140,FAM-00035,Jeans - Straight,UrbanJeans,Manufacturer Direct,Straight
PRD-00141,FAM-00036,Trousers - Standard Fit,Brand X,Manufacturer Direct,Standard Fit
PRD-00142,FAM-00036,Trousers - Standard Fit,Brand Y,Manufacturer Direct,Standard Fit
PRD-00143,FAM-00036,Trousers - Premium Style,Brand X,Manufacturer Direct,Premium Style
PRD-00144,FAM-00036,Trousers - Premium Style,Brand Y,Manufacturer Direct,Premium Style
PRD-00145,FAM-00037,Chinos - Standard Fit,Brand X,Manufacturer Direct,Standard Fit
PRD-00146,FAM-00037,Chinos - Standard Fit,Brand Y,Manufacturer Direct,Standard Fit
PRD-00147,FAM-00037,Chinos - Premium Style,Brand X,Manufacturer Direct,Premium Style
PRD-00148,FAM-00037,Chinos - Premium Style,Brand Y,Manufacturer Direct,Premium Style
PRD-00149,FAM-00038,Shorts - Standard Fit,Brand X,Manufacturer Direct,Standard Fit
PRD-00150,FAM-00038,Shorts - Standard Fit,Brand Y,Manufacturer Direct,Standard Fit
PRD-00151,FAM-00038,Shorts - Premium Style,Brand X,Manufacturer Direct,Premium Style
PRD-00152,FAM-00038,Shorts - Premium Style,Brand Y,Manufacturer Direct,Premium Style
PRD-00153,FAM-00039,Track pants - Standard Fit,Brand X,Manufacturer Direct,Standard Fit
PRD-00154,FAM-00039,Track pants - Standard Fit,Brand Y,Manufacturer Direct,Standard Fit
PRD-00155,FAM-00039,Track pants - Premium Style,Brand X,Manufacturer Direct,Premium Style
PRD-00156,FAM-00039,Track pants - Premium Style,Brand Y,Manufacturer Direct,Premium Style
PRD-00157,FAM-00040,Formal pants - Standard Fit,Brand X,Manufacturer Direct,Standard Fit
PRD-00158,FAM-00040,Formal pants - Standard Fit,Brand Y,Manufacturer Direct,Standard Fit
PRD-00159,FAM-00040,Formal pants - Premium Style,Brand X,Manufacturer Direct,Premium Style
PRD-00160,FAM-00040,Formal pants - Premium Style,Brand Y,Manufacturer Direct,Premium Style
PRD-00161,FAM-00041,Traditional bottoms - Standard Fit,Brand X,Manufacturer Direct,Standard Fit
PRD-00162,FAM-00041,Traditional bottoms - Standard Fit,Brand Y,Manufacturer Direct,Standard Fit
PRD-00163,FAM-00041,Traditional bottoms - Premium Style,Brand X,Manufacturer Direct,Premium Style
PRD-00164,FAM-00041,Traditional bottoms - Premium Style,Brand Y,Manufacturer Direct,Premium Style
PRD-00165,FAM-00042,Briefs - Standard Fit,Brand X,Manufacturer Direct,Standard Fit
PRD-00166,FAM-00042,Briefs - Standard Fit,Brand Y,Manufacturer Direct,Standard Fit
PRD-00167,FAM-00042,Briefs - Premium Style,Brand X,Manufacturer Direct,Premium Style
PRD-00168,FAM-00042,Briefs - Premium Style,Brand Y,Manufacturer Direct,Premium Style
PRD-00169,FAM-00043,Boxers - Standard Fit,Brand X,Manufacturer Direct,Standard Fit
PRD-00170,FAM-00043,Boxers - Standard Fit,Brand Y,Manufacturer Direct,Standard Fit
PRD-00171,FAM-00043,Boxers - Premium Style,Brand X,Manufacturer Direct,Premium Style
PRD-00172,FAM-00043,Boxers - Premium Style,Brand Y,Manufacturer Direct,Premium Style
PRD-00173,FAM-00044,Undershirts - Standard Fit,Brand X,Manufacturer Direct,Standard Fit
PRD-00174,FAM-00044,Undershirts - Standard Fit,Brand Y,Manufacturer Direct,Standard Fit
PRD-00175,FAM-00044,Undershirts - Premium Style,Brand X,Manufacturer Direct,Premium Style
PRD-00176,FAM-00044,Undershirts - Premium Style,Brand Y,Manufacturer Direct,Premium Style
PRD-00177,FAM-00045,Thermal wear - Standard Fit,Brand X,Manufacturer Direct,Standard Fit
PRD-00178,FAM-00045,Thermal wear - Standard Fit,Brand Y,Manufacturer Direct,Standard Fit
PRD-00179,FAM-00045,Thermal wear - Premium Style,Brand X,Manufacturer Direct,Premium Style
PRD-00180,FAM-00045,Thermal wear - Premium Style,Brand Y,Manufacturer Direct,Premium Style
PRD-00181,FAM-00046,Night suits - Standard Fit,Brand X,Manufacturer Direct,Standard Fit
PRD-00182,FAM-00046,Night suits - Standard Fit,Brand Y,Manufacturer Direct,Standard Fit
PRD-00183,FAM-00046,Night suits - Premium Style,Brand X,Manufacturer Direct,Premium Style
PRD-00184,FAM-00046,Night suits - Premium Style,Brand Y,Manufacturer Direct,Premium Style
PRD-00185,FAM-00047,Pajamas - Standard Fit,Brand X,Manufacturer Direct,Standard Fit
PRD-00186,FAM-00047,Pajamas - Standard Fit,Brand Y,Manufacturer Direct,Standard Fit
PRD-00187,FAM-00047,Pajamas - Premium Style,Brand X,Manufacturer Direct,Premium Style
PRD-00188,FAM-00047,Pajamas - Premium Style,Brand Y,Manufacturer Direct,Premium Style
PRD-00189,FAM-00048,Robes - Standard Fit,Brand X,Manufacturer Direct,Standard Fit
PRD-00190,FAM-00048,Robes - Standard Fit,Brand Y,Manufacturer Direct,Standard Fit
PRD-00191,FAM-00048,Robes - Premium Style,Brand X,Manufacturer Direct,Premium Style
PRD-00192,FAM-00048,Robes - Premium Style,Brand Y,Manufacturer Direct,Premium Style
PRD-00193,FAM-00049,Kurta - Standard Fit,Brand X,Manufacturer Direct,Standard Fit
PRD-00194,FAM-00049,Kurta - Standard Fit,Brand Y,Manufacturer Direct,Standard Fit
PRD-00195,FAM-00049,Kurta - Premium Style,Brand X,Manufacturer Direct,Premium Style
PRD-00196,FAM-00049,Kurta - Premium Style,Brand Y,Manufacturer Direct,Premium Style
PRD-00197,FAM-00050,Sherwani - Standard Fit,Brand X,Manufacturer Direct,Standard Fit
PRD-00198,FAM-00050,Sherwani - Standard Fit,Brand Y,Manufacturer Direct,Standard Fit
PRD-00199,FAM-00050,Sherwani - Premium Style,Brand X,Manufacturer Direct,Premium Style
PRD-00200,FAM-00050,Sherwani - Premium Style,Brand Y,Manufacturer Direct,Premium Style
PRD-00201,FAM-00051,Dhoti - Standard Fit,Brand X,Manufacturer Direct,Standard Fit
PRD-00202,FAM-00051,Dhoti - Standard Fit,Brand Y,Manufacturer Direct,Standard Fit
PRD-00203,FAM-00051,Dhoti - Premium Style,Brand X,Manufacturer Direct,Premium Style
PRD-00204,FAM-00051,Dhoti - Premium Style,Brand Y,Manufacturer Direct,Premium Style
PRD-00205,FAM-00052,Veshti - Standard Fit,Brand X,Manufacturer Direct,Standard Fit
PRD-00206,FAM-00052,Veshti - Standard Fit,Brand Y,Manufacturer Direct,Standard Fit
PRD-00207,FAM-00052,Veshti - Premium Style,Brand X,Manufacturer Direct,Premium Style
PRD-00208,FAM-00052,Veshti - Premium Style,Brand Y,Manufacturer Direct,Premium Style
PRD-00209,FAM-00053,Ethnic sets - Standard Fit,Brand X,Manufacturer Direct,Standard Fit
PRD-00210,FAM-00053,Ethnic sets - Standard Fit,Brand Y,Manufacturer Direct,Standard Fit
PRD-00211,FAM-00053,Ethnic sets - Premium Style,Brand X,Manufacturer Direct,Premium Style
PRD-00212,FAM-00053,Ethnic sets - Premium Style,Brand Y,Manufacturer Direct,Premium Style
PRD-00213,FAM-00054,T-shirts - Standard Fit,Brand X,Manufacturer Direct,Standard Fit
PRD-00214,FAM-00054,T-shirts - Standard Fit,Brand Y,Manufacturer Direct,Standard Fit
PRD-00215,FAM-00054,T-shirts - Premium Style,Brand X,Manufacturer Direct,Premium Style
PRD-00216,FAM-00054,T-shirts - Premium Style,Brand Y,Manufacturer Direct,Premium Style
PRD-00217,FAM-00055,Shirts - Slim Fit,FashionCo,Manufacturer Direct,Slim Fit
PRD-00218,FAM-00055,Shirts - Slim Fit,StyleBrand,Manufacturer Direct,Slim Fit
PRD-00219,FAM-00055,Shirts - Regular Fit,FashionCo,Manufacturer Direct,Regular Fit
PRD-00220,FAM-00055,Shirts - Regular Fit,StyleBrand,Manufacturer Direct,Regular Fit
PRD-00221,FAM-00056,Tops - Standard Fit,Brand X,Manufacturer Direct,Standard Fit
PRD-00222,FAM-00056,Tops - Standard Fit,Brand Y,Manufacturer Direct,Standard Fit
PRD-00223,FAM-00056,Tops - Premium Style,Brand X,Manufacturer Direct,Premium Style
PRD-00224,FAM-00056,Tops - Premium Style,Brand Y,Manufacturer Direct,Premium Style
PRD-00225,FAM-00057,Blouses - Standard Fit,Brand X,Manufacturer Direct,Standard Fit
PRD-00226,FAM-00057,Blouses - Standard Fit,Brand Y,Manufacturer Direct,Standard Fit
PRD-00227,FAM-00057,Blouses - Premium Style,Brand X,Manufacturer Direct,Premium Style
PRD-00228,FAM-00057,Blouses - Premium Style,Brand Y,Manufacturer Direct,Premium Style
PRD-00229,FAM-00058,Dresses - Standard Fit,Brand X,Manufacturer Direct,Standard Fit
PRD-00230,FAM-00058,Dresses - Standard Fit,Brand Y,Manufacturer Direct,Standard Fit
PRD-00231,FAM-00058,Dresses - Premium Style,Brand X,Manufacturer Direct,Premium Style
PRD-00232,FAM-00058,Dresses - Premium Style,Brand Y,Manufacturer Direct,Premium Style
PRD-00233,FAM-00059,Skirts - Standard Fit,Brand X,Manufacturer Direct,Standard Fit
PRD-00234,FAM-00059,Skirts - Standard Fit,Brand Y,Manufacturer Direct,Standard Fit
PRD-00235,FAM-00059,Skirts - Premium Style,Brand X,Manufacturer Direct,Premium Style
PRD-00236,FAM-00059,Skirts - Premium Style,Brand Y,Manufacturer Direct,Premium Style
PRD-00237,FAM-00060,Jeans - Skinny,DenimBrand,Manufacturer Direct,Skinny
PRD-00238,FAM-00060,Jeans - Skinny,UrbanJeans,Manufacturer Direct,Skinny
PRD-00239,FAM-00060,Jeans - Straight,DenimBrand,Manufacturer Direct,Straight
PRD-00240,FAM-00060,Jeans - Straight,UrbanJeans,Manufacturer Direct,Straight
PRD-00241,FAM-00061,Trousers - Standard Fit,Brand X,Manufacturer Direct,Standard Fit
PRD-00242,FAM-00061,Trousers - Standard Fit,Brand Y,Manufacturer Direct,Standard Fit
PRD-00243,FAM-00061,Trousers - Premium Style,Brand X,Manufacturer Direct,Premium Style
PRD-00244,FAM-00061,Trousers - Premium Style,Brand Y,Manufacturer Direct,Premium Style
PRD-00245,FAM-00062,Leggings - Standard Fit,Brand X,Manufacturer Direct,Standard Fit
PRD-00246,FAM-00062,Leggings - Standard Fit,Brand Y,Manufacturer Direct,Standard Fit
PRD-00247,FAM-00062,Leggings - Premium Style,Brand X,Manufacturer Direct,Premium Style
PRD-00248,FAM-00062,Leggings - Premium Style,Brand Y,Manufacturer Direct,Premium Style
PRD-00249,FAM-00063,Shorts - Standard Fit,Brand X,Manufacturer Direct,Standard Fit
PRD-00250,FAM-00063,Shorts - Standard Fit,Brand Y,Manufacturer Direct,Standard Fit
PRD-00251,FAM-00063,Shorts - Premium Style,Brand X,Manufacturer Direct,Premium Style
PRD-00252,FAM-00063,Shorts - Premium Style,Brand Y,Manufacturer Direct,Premium Style
PRD-00253,FAM-00064,Jumpsuits - Standard Fit,Brand X,Manufacturer Direct,Standard Fit
PRD-00254,FAM-00064,Jumpsuits - Standard Fit,Brand Y,Manufacturer Direct,Standard Fit
PRD-00255,FAM-00064,Jumpsuits - Premium Style,Brand X,Manufacturer Direct,Premium Style
PRD-00256,FAM-00064,Jumpsuits - Premium Style,Brand Y,Manufacturer Direct,Premium Style
PRD-00257,FAM-00065,Jackets - Standard Fit,Brand X,Manufacturer Direct,Standard Fit
PRD-00258,FAM-00065,Jackets - Standard Fit,Brand Y,Manufacturer Direct,Standard Fit
PRD-00259,FAM-00065,Jackets - Premium Style,Brand X,Manufacturer Direct,Premium Style
PRD-00260,FAM-00065,Jackets - Premium Style,Brand Y,Manufacturer Direct,Premium Style
PRD-00261,FAM-00066,Coats - Standard Fit,Brand X,Manufacturer Direct,Standard Fit
PRD-00262,FAM-00066,Coats - Standard Fit,Brand Y,Manufacturer Direct,Standard Fit
PRD-00263,FAM-00066,Coats - Premium Style,Brand X,Manufacturer Direct,Premium Style
PRD-00264,FAM-00066,Coats - Premium Style,Brand Y,Manufacturer Direct,Premium Style
PRD-00265,FAM-00067,Blazers - Standard Fit,Brand X,Manufacturer Direct,Standard Fit
PRD-00266,FAM-00067,Blazers - Standard Fit,Brand Y,Manufacturer Direct,Standard Fit
PRD-00267,FAM-00067,Blazers - Premium Style,Brand X,Manufacturer Direct,Premium Style
PRD-00268,FAM-00067,Blazers - Premium Style,Brand Y,Manufacturer Direct,Premium Style
PRD-00269,FAM-00068,Sarees - Standard Fit,Brand X,Manufacturer Direct,Standard Fit
PRD-00270,FAM-00068,Sarees - Standard Fit,Brand Y,Manufacturer Direct,Standard Fit
PRD-00271,FAM-00068,Sarees - Premium Style,Brand X,Manufacturer Direct,Premium Style
PRD-00272,FAM-00068,Sarees - Premium Style,Brand Y,Manufacturer Direct,Premium Style
PRD-00273,FAM-00069,Salwar suits - Standard Fit,Brand X,Manufacturer Direct,Standard Fit
PRD-00274,FAM-00069,Salwar suits - Standard Fit,Brand Y,Manufacturer Direct,Standard Fit
PRD-00275,FAM-00069,Salwar suits - Premium Style,Brand X,Manufacturer Direct,Premium Style
PRD-00276,FAM-00069,Salwar suits - Premium Style,Brand Y,Manufacturer Direct,Premium Style
PRD-00277,FAM-00070,Kurtis - Standard Fit,Brand X,Manufacturer Direct,Standard Fit
PRD-00278,FAM-00070,Kurtis - Standard Fit,Brand Y,Manufacturer Direct,Standard Fit
PRD-00279,FAM-00070,Kurtis - Premium Style,Brand X,Manufacturer Direct,Premium Style
PRD-00280,FAM-00070,Kurtis - Premium Style,Brand Y,Manufacturer Direct,Premium Style
PRD-00281,FAM-00071,Lehengas - Standard Fit,Brand X,Manufacturer Direct,Standard Fit
PRD-00282,FAM-00071,Lehengas - Standard Fit,Brand Y,Manufacturer Direct,Standard Fit
PRD-00283,FAM-00071,Lehengas - Premium Style,Brand X,Manufacturer Direct,Premium Style
PRD-00284,FAM-00071,Lehengas - Premium Style,Brand Y,Manufacturer Direct,Premium Style
PRD-00285,FAM-00072,Anarkalis - Standard Fit,Brand X,Manufacturer Direct,Standard Fit
PRD-00286,FAM-00072,Anarkalis - Standard Fit,Brand Y,Manufacturer Direct,Standard Fit
PRD-00287,FAM-00072,Anarkalis - Premium Style,Brand X,Manufacturer Direct,Premium Style
PRD-00288,FAM-00072,Anarkalis - Premium Style,Brand Y,Manufacturer Direct,Premium Style
PRD-00289,FAM-00073,Churidars - Standard Fit,Brand X,Manufacturer Direct,Standard Fit
PRD-00290,FAM-00073,Churidars - Standard Fit,Brand Y,Manufacturer Direct,Standard Fit
PRD-00291,FAM-00073,Churidars - Premium Style,Brand X,Manufacturer Direct,Premium Style
PRD-00292,FAM-00073,Churidars - Premium Style,Brand Y,Manufacturer Direct,Premium Style
PRD-00293,FAM-00074,Dupattas - Standard Fit,Brand X,Manufacturer Direct,Standard Fit
PRD-00294,FAM-00074,Dupattas - Standard Fit,Brand Y,Manufacturer Direct,Standard Fit
PRD-00295,FAM-00074,Dupattas - Premium Style,Brand X,Manufacturer Direct,Premium Style
PRD-00296,FAM-00074,Dupattas - Premium Style,Brand Y,Manufacturer Direct,Premium Style
PRD-00297,FAM-00075,Blouses - Standard Fit,Brand X,Manufacturer Direct,Standard Fit
PRD-00298,FAM-00075,Blouses - Standard Fit,Brand Y,Manufacturer Direct,Standard Fit
PRD-00299,FAM-00075,Blouses - Premium Style,Brand X,Manufacturer Direct,Premium Style
PRD-00300,FAM-00075,Blouses - Premium Style,Brand Y,Manufacturer Direct,Premium Style
PRD-00301,FAM-00076,Bras - Standard Fit,Brand X,Manufacturer Direct,Standard Fit
PRD-00302,FAM-00076,Bras - Standard Fit,Brand Y,Manufacturer Direct,Standard Fit
PRD-00303,FAM-00076,Bras - Premium Style,Brand X,Manufacturer Direct,Premium Style
PRD-00304,FAM-00076,Bras - Premium Style,Brand Y,Manufacturer Direct,Premium Style
PRD-00305,FAM-00077,Briefs - Standard Fit,Brand X,Manufacturer Direct,Standard Fit
PRD-00306,FAM-00077,Briefs - Standard Fit,Brand Y,Manufacturer Direct,Standard Fit
PRD-00307,FAM-00077,Briefs - Premium Style,Brand X,Manufacturer Direct,Premium Style
PRD-00308,FAM-00077,Briefs - Premium Style,Brand Y,Manufacturer Direct,Premium Style
PRD-00309,FAM-00078,Shapewear - Standard Fit,Brand X,Manufacturer Direct,Standard Fit
PRD-00310,FAM-00078,Shapewear - Standard Fit,Brand Y,Manufacturer Direct,Standard Fit
PRD-00311,FAM-00078,Shapewear - Premium Style,Brand X,Manufacturer Direct,Premium Style
PRD-00312,FAM-00078,Shapewear - Premium Style,Brand Y,Manufacturer Direct,Premium Style
PRD-00313,FAM-00079,Camisoles - Standard Fit,Brand X,Manufacturer Direct,Standard Fit
PRD-00314,FAM-00079,Camisoles - Standard Fit,Brand Y,Manufacturer Direct,Standard Fit
PRD-00315,FAM-00079,Camisoles - Premium Style,Brand X,Manufacturer Direct,Premium Style
PRD-00316,FAM-00079,Camisoles - Premium Style,Brand Y,Manufacturer Direct,Premium Style
PRD-00317,FAM-00080,Thermals - Standard Fit,Brand X,Manufacturer Direct,Standard Fit
PRD-00318,FAM-00080,Thermals - Standard Fit,Brand Y,Manufacturer Direct,Standard Fit
PRD-00319,FAM-00080,Thermals - Premium Style,Brand X,Manufacturer Direct,Premium Style
PRD-00320,FAM-00080,Thermals - Premium Style,Brand Y,Manufacturer Direct,Premium Style
PRD-00321,FAM-00081,Night suits - Standard Fit,Brand X,Manufacturer Direct,Standard Fit
PRD-00322,FAM-00081,Night suits - Standard Fit,Brand Y,Manufacturer Direct,Standard Fit
PRD-00323,FAM-00081,Night suits - Premium Style,Brand X,Manufacturer Direct,Premium Style
PRD-00324,FAM-00081,Night suits - Premium Style,Brand Y,Manufacturer Direct,Premium Style
PRD-00325,FAM-00082,Pajamas - Standard Fit,Brand X,Manufacturer Direct,Standard Fit
PRD-00326,FAM-00082,Pajamas - Standard Fit,Brand Y,Manufacturer Direct,Standard Fit
PRD-00327,FAM-00082,Pajamas - Premium Style,Brand X,Manufacturer Direct,Premium Style
PRD-00328,FAM-00082,Pajamas - Premium Style,Brand Y,Manufacturer Direct,Premium Style
PRD-00329,FAM-00083,Robes - Standard Fit,Brand X,Manufacturer Direct,Standard Fit
PRD-00330,FAM-00083,Robes - Standard Fit,Brand Y,Manufacturer Direct,Standard Fit
PRD-00331,FAM-00083,Robes - Premium Style,Brand X,Manufacturer Direct,Premium Style
PRD-00332,FAM-00083,Robes - Premium Style,Brand Y,Manufacturer Direct,Premium Style
PRD-00333,FAM-00084,Sports bras - Standard Fit,Brand X,Manufacturer Direct,Standard Fit
PRD-00334,FAM-00084,Sports bras - Standard Fit,Brand Y,Manufacturer Direct,Standard Fit
PRD-00335,FAM-00084,Sports bras - Premium Style,Brand X,Manufacturer Direct,Premium Style
PRD-00336,FAM-00084,Sports bras - Premium Style,Brand Y,Manufacturer Direct,Premium Style
PRD-00337,FAM-00085,Yoga wear - Standard Fit,Brand X,Manufacturer Direct,Standard Fit
PRD-00338,FAM-00085,Yoga wear - Standard Fit,Brand Y,Manufacturer Direct,Standard Fit
PRD-00339,FAM-00085,Yoga wear - Premium Style,Brand X,Manufacturer Direct,Premium Style
PRD-00340,FAM-00085,Yoga wear - Premium Style,Brand Y,Manufacturer Direct,Premium Style
PRD-00341,FAM-00086,Gym wear - Standard Fit,Brand X,Manufacturer Direct,Standard Fit
PRD-00342,FAM-00086,Gym wear - Standard Fit,Brand Y,Manufacturer Direct,Standard Fit
PRD-00343,FAM-00086,Gym wear - Premium Style,Brand X,Manufacturer Direct,Premium Style
PRD-00344,FAM-00086,Gym wear - Premium Style,Brand Y,Manufacturer Direct,Premium Style
PRD-00345,FAM-00087,Running wear - Standard Fit,Brand X,Manufacturer Direct,Standard Fit
PRD-00346,FAM-00087,Running wear - Standard Fit,Brand Y,Manufacturer Direct,Standard Fit
PRD-00347,FAM-00087,Running wear - Premium Style,Brand X,Manufacturer Direct,Premium Style
PRD-00348,FAM-00087,Running wear - Premium Style,Brand Y,Manufacturer Direct,Premium Style
PRD-00349,FAM-00088,Paintings - Standard Category,Generic Brand 1,Manufacturer Direct,Standard Category
PRD-00350,FAM-00088,Paintings - Standard Category,Generic Brand 2,Manufacturer Direct,Standard Category
PRD-00351,FAM-00089,Prints - Standard Category,Generic Brand 1,Manufacturer Direct,Standard Category
PRD-00352,FAM-00089,Prints - Standard Category,Generic Brand 2,Manufacturer Direct,Standard Category
PRD-00353,FAM-00090,Sculptures - Standard Category,Generic Brand 1,Manufacturer Direct,Standard Category
PRD-00354,FAM-00090,Sculptures - Standard Category,Generic Brand 2,Manufacturer Direct,Standard Category
PRD-00355,FAM-00091,Wall art - Standard Category,Generic Brand 1,Manufacturer Direct,Standard Category
PRD-00356,FAM-00091,Wall art - Standard Category,Generic Brand 2,Manufacturer Direct,Standard Category
PRD-00357,FAM-00092,Handicrafts - Standard Category,Generic Brand 1,Manufacturer Direct,Standard Category
PRD-00358,FAM-00092,Handicrafts - Standard Category,Generic Brand 2,Manufacturer Direct,Standard Category
PRD-00359,FAM-00093,Ceramic art - Standard Category,Generic Brand 1,Manufacturer Direct,Standard Category
PRD-00360,FAM-00093,Ceramic art - Standard Category,Generic Brand 2,Manufacturer Direct,Standard Category
PRD-00361,FAM-00094,Glass art - Standard Category,Generic Brand 1,Manufacturer Direct,Standard Category
PRD-00362,FAM-00094,Glass art - Standard Category,Generic Brand 2,Manufacturer Direct,Standard Category
PRD-00363,FAM-00095,Woodcraft - Standard Category,Generic Brand 1,Manufacturer Direct,Standard Category
PRD-00364,FAM-00095,Woodcraft - Standard Category,Generic Brand 2,Manufacturer Direct,Standard Category
PRD-00365,FAM-00096,Metalcraft - Standard Category,Generic Brand 1,Manufacturer Direct,Standard Category
PRD-00366,FAM-00096,Metalcraft - Standard Category,Generic Brand 2,Manufacturer Direct,Standard Category
PRD-00367,FAM-00097,Handmade decor - Standard Category,Generic Brand 1,Manufacturer Direct,Standard Category
PRD-00368,FAM-00097,Handmade decor - Standard Category,Generic Brand 2,Manufacturer Direct,Standard Category
PRD-00369,FAM-00098,Artisan products - Standard Category,Generic Brand 1,Manufacturer Direct,Standard Category
PRD-00370,FAM-00098,Artisan products - Standard Category,Generic Brand 2,Manufacturer Direct,Standard Category
PRD-00371,FAM-00099,Engine oils - Standard Category,Generic Brand 1,Manufacturer Direct,Standard Category
PRD-00372,FAM-00099,Engine oils - Standard Category,Generic Brand 2,Manufacturer Direct,Standard Category
PRD-00373,FAM-00100,Coolants - Standard Category,Generic Brand 1,Manufacturer Direct,Standard Category
PRD-00374,FAM-00100,Coolants - Standard Category,Generic Brand 2,Manufacturer Direct,Standard Category
PRD-00375,FAM-00101,Brake fluids - Standard Category,Generic Brand 1,Manufacturer Direct,Standard Category
PRD-00376,FAM-00101,Brake fluids - Standard Category,Generic Brand 2,Manufacturer Direct,Standard Category
PRD-00377,FAM-00102,Cleaning chemicals - Standard Category,Generic Brand 1,Manufacturer Direct,Standard Category
PRD-00378,FAM-00102,Cleaning chemicals - Standard Category,Generic Brand 2,Manufacturer Direct,Standard Category
PRD-00379,FAM-00103,Car mats - Standard Category,Generic Brand 1,Manufacturer Direct,Standard Category
PRD-00380,FAM-00103,Car mats - Standard Category,Generic Brand 2,Manufacturer Direct,Standard Category
PRD-00381,FAM-00104,Seat covers - Standard Category,Generic Brand 1,Manufacturer Direct,Standard Category
PRD-00382,FAM-00104,Seat covers - Standard Category,Generic Brand 2,Manufacturer Direct,Standard Category
PRD-00383,FAM-00105,Steering covers - Standard Category,Generic Brand 1,Manufacturer Direct,Standard Category
PRD-00384,FAM-00105,Steering covers - Standard Category,Generic Brand 2,Manufacturer Direct,Standard Category
PRD-00385,FAM-00106,Sunshades - Standard Category,Generic Brand 1,Manufacturer Direct,Standard Category
PRD-00386,FAM-00106,Sunshades - Standard Category,Generic Brand 2,Manufacturer Direct,Standard Category
PRD-00387,FAM-00107,Phone holders - Standard Category,Generic Brand 1,Manufacturer Direct,Standard Category
PRD-00388,FAM-00107,Phone holders - Standard Category,Generic Brand 2,Manufacturer Direct,Standard Category
PRD-00389,FAM-00108,Organizers - Standard Category,Generic Brand 1,Manufacturer Direct,Standard Category
PRD-00390,FAM-00108,Organizers - Standard Category,Generic Brand 2,Manufacturer Direct,Standard Category
PRD-00391,FAM-00109,Wipers - Standard Category,Generic Brand 1,Manufacturer Direct,Standard Category
PRD-00392,FAM-00109,Wipers - Standard Category,Generic Brand 2,Manufacturer Direct,Standard Category
PRD-00393,FAM-00110,Bulbs - Standard Category,Generic Brand 1,Manufacturer Direct,Standard Category
PRD-00394,FAM-00110,Bulbs - Standard Category,Generic Brand 2,Manufacturer Direct,Standard Category
PRD-00395,FAM-00111,Fuses - Standard Category,Generic Brand 1,Manufacturer Direct,Standard Category
PRD-00396,FAM-00111,Fuses - Standard Category,Generic Brand 2,Manufacturer Direct,Standard Category
PRD-00397,FAM-00112,Batteries - Standard Category,Generic Brand 1,Manufacturer Direct,Standard Category
PRD-00398,FAM-00112,Batteries - Standard Category,Generic Brand 2,Manufacturer Direct,Standard Category
PRD-00399,FAM-00113,Spark plugs - Standard Category,Generic Brand 1,Manufacturer Direct,Standard Category
PRD-00400,FAM-00113,Spark plugs - Standard Category,Generic Brand 2,Manufacturer Direct,Standard Category
PRD-00401,FAM-00114,Cleaning kits - Standard Category,Generic Brand 1,Manufacturer Direct,Standard Category
PRD-00402,FAM-00114,Cleaning kits - Standard Category,Generic Brand 2,Manufacturer Direct,Standard Category
PRD-00403,FAM-00115,First-aid kits - Standard Category,Generic Brand 1,Manufacturer Direct,Standard Category
PRD-00404,FAM-00115,First-aid kits - Standard Category,Generic Brand 2,Manufacturer Direct,Standard Category
PRD-00405,FAM-00116,Warning triangles - Standard Category,Generic Brand 1,Manufacturer Direct,Standard Category
PRD-00406,FAM-00116,Warning triangles - Standard Category,Generic Brand 2,Manufacturer Direct,Standard Category
PRD-00407,FAM-00117,Jumper cables - Standard Category,Generic Brand 1,Manufacturer Direct,Standard Category
PRD-00408,FAM-00117,Jumper cables - Standard Category,Generic Brand 2,Manufacturer Direct,Standard Category
PRD-00409,FAM-00118,Emergency tools - Standard Category,Generic Brand 1,Manufacturer Direct,Standard Category
PRD-00410,FAM-00118,Emergency tools - Standard Category,Generic Brand 2,Manufacturer Direct,Standard Category
PRD-00411,FAM-00119,Dashcams - Standard Category,Generic Brand 1,Manufacturer Direct,Standard Category
PRD-00412,FAM-00119,Dashcams - Standard Category,Generic Brand 2,Manufacturer Direct,Standard Category
PRD-00413,FAM-00120,Car stereos - Standard Category,Generic Brand 1,Manufacturer Direct,Standard Category
PRD-00414,FAM-00120,Car stereos - Standard Category,Generic Brand 2,Manufacturer Direct,Standard Category
PRD-00415,FAM-00121,Parking sensors - Standard Category,Generic Brand 1,Manufacturer Direct,Standard Category
PRD-00416,FAM-00121,Parking sensors - Standard Category,Generic Brand 2,Manufacturer Direct,Standard Category
PRD-00417,FAM-00122,Tire-pressure monitors - Standard Category,Generic Brand 1,Manufacturer Direct,Standard Category
PRD-00418,FAM-00122,Tire-pressure monitors - Standard Category,Generic Brand 2,Manufacturer Direct,Standard Category
PRD-00419,FAM-00123,Chargers - Standard Category,Generic Brand 1,Manufacturer Direct,Standard Category
PRD-00420,FAM-00123,Chargers - Standard Category,Generic Brand 2,Manufacturer Direct,Standard Category
PRD-00421,FAM-00124,Helmets - Standard Category,Generic Brand 1,Manufacturer Direct,Standard Category
PRD-00422,FAM-00124,Helmets - Standard Category,Generic Brand 2,Manufacturer Direct,Standard Category
PRD-00423,FAM-00125,Gloves - Standard Category,Generic Brand 1,Manufacturer Direct,Standard Category
PRD-00424,FAM-00125,Gloves - Standard Category,Generic Brand 2,Manufacturer Direct,Standard Category
PRD-00425,FAM-00126,Riding jackets - Standard Category,Generic Brand 1,Manufacturer Direct,Standard Category
PRD-00426,FAM-00126,Riding jackets - Standard Category,Generic Brand 2,Manufacturer Direct,Standard Category
PRD-00427,FAM-00127,Accessories - Standard Category,Generic Brand 1,Manufacturer Direct,Standard Category
PRD-00428,FAM-00127,Accessories - Standard Category,Generic Brand 2,Manufacturer Direct,Standard Category
PRD-00429,FAM-00128,Feeding bottles - Standard,Brand X,Manufacturer Direct,Standard
PRD-00430,FAM-00128,Feeding bottles - Standard,Brand Y,Manufacturer Direct,Standard
PRD-00431,FAM-00129,Bottle sterilizers - Standard,Brand X,Manufacturer Direct,Standard
PRD-00432,FAM-00129,Bottle sterilizers - Standard,Brand Y,Manufacturer Direct,Standard
PRD-00433,FAM-00130,Breast pumps - Standard,Brand X,Manufacturer Direct,Standard
PRD-00434,FAM-00130,Breast pumps - Standard,Brand Y,Manufacturer Direct,Standard
PRD-00435,FAM-00131,Formula - Standard,Brand X,Manufacturer Direct,Standard
PRD-00436,FAM-00131,Formula - Standard,Brand Y,Manufacturer Direct,Standard
PRD-00437,FAM-00132,Baby food - Standard,Brand X,Manufacturer Direct,Standard
PRD-00438,FAM-00132,Baby food - Standard,Brand Y,Manufacturer Direct,Standard
PRD-00439,FAM-00133,Bibs - Standard,Brand X,Manufacturer Direct,Standard
PRD-00440,FAM-00133,Bibs - Standard,Brand Y,Manufacturer Direct,Standard
PRD-00441,FAM-00134,Sippy cups - Standard,Brand X,Manufacturer Direct,Standard
PRD-00442,FAM-00134,Sippy cups - Standard,Brand Y,Manufacturer Direct,Standard
PRD-00443,FAM-00135,Diapers - Standard,BabyCare,Manufacturer Direct,Standard
PRD-00444,FAM-00135,Diapers - Standard,SoftHugs,Manufacturer Direct,Standard
PRD-00445,FAM-00136,Cloth diapers - Standard,Brand X,Manufacturer Direct,Standard
PRD-00446,FAM-00136,Cloth diapers - Standard,Brand Y,Manufacturer Direct,Standard
PRD-00447,FAM-00137,Wipes - Standard,Brand X,Manufacturer Direct,Standard
PRD-00448,FAM-00137,Wipes - Standard,Brand Y,Manufacturer Direct,Standard
PRD-00449,FAM-00138,Changing mats - Standard,Brand X,Manufacturer Direct,Standard
PRD-00450,FAM-00138,Changing mats - Standard,Brand Y,Manufacturer Direct,Standard
PRD-00451,FAM-00139,Diaper bags - Standard,Brand X,Manufacturer Direct,Standard
PRD-00452,FAM-00139,Diaper bags - Standard,Brand Y,Manufacturer Direct,Standard
PRD-00453,FAM-00140,Diaper creams - Standard,Brand X,Manufacturer Direct,Standard
PRD-00454,FAM-00140,Diaper creams - Standard,Brand Y,Manufacturer Direct,Standard
PRD-00455,FAM-00141,Baby shampoo - Standard,Brand X,Manufacturer Direct,Standard
PRD-00456,FAM-00141,Baby shampoo - Standard,Brand Y,Manufacturer Direct,Standard
PRD-00457,FAM-00142,Baby soap - Standard,Brand X,Manufacturer Direct,Standard
PRD-00458,FAM-00142,Baby soap - Standard,Brand Y,Manufacturer Direct,Standard
PRD-00459,FAM-00143,Lotion - Standard,Brand X,Manufacturer Direct,Standard
PRD-00460,FAM-00143,Lotion - Standard,Brand Y,Manufacturer Direct,Standard
PRD-00461,FAM-00144,Powder - Standard,Brand X,Manufacturer Direct,Standard
PRD-00462,FAM-00144,Powder - Standard,Brand Y,Manufacturer Direct,Standard
PRD-00463,FAM-00145,Towels - Standard,Brand X,Manufacturer Direct,Standard
PRD-00464,FAM-00145,Towels - Standard,Brand Y,Manufacturer Direct,Standard
PRD-00465,FAM-00146,Onesies - Standard,Brand X,Manufacturer Direct,Standard
PRD-00466,FAM-00146,Onesies - Standard,Brand Y,Manufacturer Direct,Standard
PRD-00467,FAM-00147,Rompers - Standard,Brand X,Manufacturer Direct,Standard
PRD-00468,FAM-00147,Rompers - Standard,Brand Y,Manufacturer Direct,Standard
PRD-00469,FAM-00148,Sleepsuits - Standard,Brand X,Manufacturer Direct,Standard
PRD-00470,FAM-00148,Sleepsuits - Standard,Brand Y,Manufacturer Direct,Standard
PRD-00471,FAM-00149,Socks - Standard,Brand X,Manufacturer Direct,Standard
PRD-00472,FAM-00149,Socks - Standard,Brand Y,Manufacturer Direct,Standard
PRD-00473,FAM-00150,Caps - Standard,Brand X,Manufacturer Direct,Standard
PRD-00474,FAM-00150,Caps - Standard,Brand Y,Manufacturer Direct,Standard
PRD-00475,FAM-00151,Jackets - Standard,Brand X,Manufacturer Direct,Standard
PRD-00476,FAM-00151,Jackets - Standard,Brand Y,Manufacturer Direct,Standard
PRD-00477,FAM-00152,Strollers - Standard,Brand X,Manufacturer Direct,Standard
PRD-00478,FAM-00152,Strollers - Standard,Brand Y,Manufacturer Direct,Standard
PRD-00479,FAM-00153,Cribs - Standard,Brand X,Manufacturer Direct,Standard
PRD-00480,FAM-00153,Cribs - Standard,Brand Y,Manufacturer Direct,Standard
PRD-00481,FAM-00154,High chairs - Standard,Brand X,Manufacturer Direct,Standard
PRD-00482,FAM-00154,High chairs - Standard,Brand Y,Manufacturer Direct,Standard
PRD-00483,FAM-00155,Car seats - Standard,Brand X,Manufacturer Direct,Standard
PRD-00484,FAM-00155,Car seats - Standard,Brand Y,Manufacturer Direct,Standard
PRD-00485,FAM-00156,Baby carriers - Standard,Brand X,Manufacturer Direct,Standard
PRD-00486,FAM-00156,Baby carriers - Standard,Brand Y,Manufacturer Direct,Standard
PRD-00487,FAM-00157,Baby monitors - Standard,Brand X,Manufacturer Direct,Standard
PRD-00488,FAM-00157,Baby monitors - Standard,Brand Y,Manufacturer Direct,Standard
PRD-00489,FAM-00158,Maternity clothing - Standard,Brand X,Manufacturer Direct,Standard
PRD-00490,FAM-00158,Maternity clothing - Standard,Brand Y,Manufacturer Direct,Standard
PRD-00491,FAM-00159,Nursing clothing - Standard,Brand X,Manufacturer Direct,Standard
PRD-00492,FAM-00159,Nursing clothing - Standard,Brand Y,Manufacturer Direct,Standard
PRD-00493,FAM-00160,Maternity support products - Standard,Brand X,Manufacturer Direct,Standard
PRD-00494,FAM-00160,Maternity support products - Standard,Brand Y,Manufacturer Direct,Standard
PRD-00495,FAM-00161,Nursing accessories - Standard,Brand X,Manufacturer Direct,Standard
PRD-00496,FAM-00161,Nursing accessories - Standard,Brand Y,Manufacturer Direct,Standard
PRD-00497,FAM-00162,Backpacks - Standard Fit,Brand X,Manufacturer Direct,Standard Fit
PRD-00498,FAM-00162,Backpacks - Standard Fit,Brand Y,Manufacturer Direct,Standard Fit
PRD-00499,FAM-00162,Backpacks - Premium Style,Brand X,Manufacturer Direct,Premium Style
PRD-00500,FAM-00162,Backpacks - Premium Style,Brand Y,Manufacturer Direct,Premium Style
PRD-00501,FAM-00163,School bags - Standard Fit,Brand X,Manufacturer Direct,Standard Fit
PRD-00502,FAM-00163,School bags - Standard Fit,Brand Y,Manufacturer Direct,Standard Fit
PRD-00503,FAM-00163,School bags - Premium Style,Brand X,Manufacturer Direct,Premium Style
PRD-00504,FAM-00163,School bags - Premium Style,Brand Y,Manufacturer Direct,Premium Style
PRD-00505,FAM-00164,Laptop bags - Standard Fit,Brand X,Manufacturer Direct,Standard Fit
PRD-00506,FAM-00164,Laptop bags - Standard Fit,Brand Y,Manufacturer Direct,Standard Fit
PRD-00507,FAM-00164,Laptop bags - Premium Style,Brand X,Manufacturer Direct,Premium Style
PRD-00508,FAM-00164,Laptop bags - Premium Style,Brand Y,Manufacturer Direct,Premium Style
PRD-00509,FAM-00165,Handbags - Standard Fit,Brand X,Manufacturer Direct,Standard Fit
PRD-00510,FAM-00165,Handbags - Standard Fit,Brand Y,Manufacturer Direct,Standard Fit
PRD-00511,FAM-00165,Handbags - Premium Style,Brand X,Manufacturer Direct,Premium Style
PRD-00512,FAM-00165,Handbags - Premium Style,Brand Y,Manufacturer Direct,Premium Style
PRD-00513,FAM-00166,Shoulder bags - Standard Fit,Brand X,Manufacturer Direct,Standard Fit
PRD-00514,FAM-00166,Shoulder bags - Standard Fit,Brand Y,Manufacturer Direct,Standard Fit
PRD-00515,FAM-00166,Shoulder bags - Premium Style,Brand X,Manufacturer Direct,Premium Style
PRD-00516,FAM-00166,Shoulder bags - Premium Style,Brand Y,Manufacturer Direct,Premium Style
PRD-00517,FAM-00167,Sling bags - Standard Fit,Brand X,Manufacturer Direct,Standard Fit
PRD-00518,FAM-00167,Sling bags - Standard Fit,Brand Y,Manufacturer Direct,Standard Fit
PRD-00519,FAM-00167,Sling bags - Premium Style,Brand X,Manufacturer Direct,Premium Style
PRD-00520,FAM-00167,Sling bags - Premium Style,Brand Y,Manufacturer Direct,Premium Style
PRD-00521,FAM-00168,Tote bags - Standard Fit,Brand X,Manufacturer Direct,Standard Fit
PRD-00522,FAM-00168,Tote bags - Standard Fit,Brand Y,Manufacturer Direct,Standard Fit
PRD-00523,FAM-00168,Tote bags - Premium Style,Brand X,Manufacturer Direct,Premium Style
PRD-00524,FAM-00168,Tote bags - Premium Style,Brand Y,Manufacturer Direct,Premium Style
PRD-00525,FAM-00169,Duffel bags - Standard Fit,Brand X,Manufacturer Direct,Standard Fit
PRD-00526,FAM-00169,Duffel bags - Standard Fit,Brand Y,Manufacturer Direct,Standard Fit
PRD-00527,FAM-00169,Duffel bags - Premium Style,Brand X,Manufacturer Direct,Premium Style
PRD-00528,FAM-00169,Duffel bags - Premium Style,Brand Y,Manufacturer Direct,Premium Style
PRD-00529,FAM-00170,Travel bags - Standard Fit,Brand X,Manufacturer Direct,Standard Fit
PRD-00530,FAM-00170,Travel bags - Standard Fit,Brand Y,Manufacturer Direct,Standard Fit
PRD-00531,FAM-00170,Travel bags - Premium Style,Brand X,Manufacturer Direct,Premium Style
PRD-00532,FAM-00170,Travel bags - Premium Style,Brand Y,Manufacturer Direct,Premium Style
PRD-00533,FAM-00171,Suitcases - Standard Fit,Brand X,Manufacturer Direct,Standard Fit
PRD-00534,FAM-00171,Suitcases - Standard Fit,Brand Y,Manufacturer Direct,Standard Fit
PRD-00535,FAM-00171,Suitcases - Premium Style,Brand X,Manufacturer Direct,Premium Style
PRD-00536,FAM-00171,Suitcases - Premium Style,Brand Y,Manufacturer Direct,Premium Style
PRD-00537,FAM-00172,Cabin luggage - Standard Fit,Brand X,Manufacturer Direct,Standard Fit
PRD-00538,FAM-00172,Cabin luggage - Standard Fit,Brand Y,Manufacturer Direct,Standard Fit
PRD-00539,FAM-00172,Cabin luggage - Premium Style,Brand X,Manufacturer Direct,Premium Style
PRD-00540,FAM-00172,Cabin luggage - Premium Style,Brand Y,Manufacturer Direct,Premium Style
PRD-00541,FAM-00173,Trunks - Standard Fit,Brand X,Manufacturer Direct,Standard Fit
PRD-00542,FAM-00173,Trunks - Standard Fit,Brand Y,Manufacturer Direct,Standard Fit
PRD-00543,FAM-00173,Trunks - Premium Style,Brand X,Manufacturer Direct,Premium Style
PRD-00544,FAM-00173,Trunks - Premium Style,Brand Y,Manufacturer Direct,Premium Style
PRD-00545,FAM-00174,Briefcases - Standard Fit,Brand X,Manufacturer Direct,Standard Fit
PRD-00546,FAM-00174,Briefcases - Standard Fit,Brand Y,Manufacturer Direct,Standard Fit
PRD-00547,FAM-00174,Briefcases - Premium Style,Brand X,Manufacturer Direct,Premium Style
PRD-00548,FAM-00174,Briefcases - Premium Style,Brand Y,Manufacturer Direct,Premium Style
PRD-00549,FAM-00175,Wallets - Standard Fit,Brand X,Manufacturer Direct,Standard Fit
PRD-00550,FAM-00175,Wallets - Standard Fit,Brand Y,Manufacturer Direct,Standard Fit
PRD-00551,FAM-00175,Wallets - Premium Style,Brand X,Manufacturer Direct,Premium Style
PRD-00552,FAM-00175,Wallets - Premium Style,Brand Y,Manufacturer Direct,Premium Style
PRD-00553,FAM-00176,Passport holders - Standard Fit,Brand X,Manufacturer Direct,Standard Fit
PRD-00554,FAM-00176,Passport holders - Standard Fit,Brand Y,Manufacturer Direct,Standard Fit
PRD-00555,FAM-00176,Passport holders - Premium Style,Brand X,Manufacturer Direct,Premium Style
PRD-00556,FAM-00176,Passport holders - Premium Style,Brand Y,Manufacturer Direct,Premium Style
PRD-00557,FAM-00177,Travel organizers - Standard Fit,Brand X,Manufacturer Direct,Standard Fit
PRD-00558,FAM-00177,Travel organizers - Standard Fit,Brand Y,Manufacturer Direct,Standard Fit
PRD-00559,FAM-00177,Travel organizers - Premium Style,Brand X,Manufacturer Direct,Premium Style
PRD-00560,FAM-00177,Travel organizers - Premium Style,Brand Y,Manufacturer Direct,Premium Style
PRD-00561,FAM-00178,Bread - Standard,Bakery Brand A,Local Bakery,Standard
PRD-00562,FAM-00178,Bread - Standard,Bakery Brand B,Local Bakery,Standard
PRD-00563,FAM-00179,Buns - Standard,Brand A,Supplier X,Standard
PRD-00564,FAM-00179,Buns - Standard,Brand B,Supplier X,Standard
PRD-00565,FAM-00180,Rolls - Standard,Brand A,Supplier X,Standard
PRD-00566,FAM-00180,Rolls - Standard,Brand B,Supplier X,Standard
PRD-00567,FAM-00181,Croissants - Standard,Brand A,Supplier X,Standard
PRD-00568,FAM-00181,Croissants - Standard,Brand B,Supplier X,Standard
PRD-00569,FAM-00182,Muffins - Standard,Brand A,Supplier X,Standard
PRD-00570,FAM-00182,Muffins - Standard,Brand B,Supplier X,Standard
PRD-00571,FAM-00183,Cakes - Standard,Brand A,Supplier X,Standard
PRD-00572,FAM-00183,Cakes - Standard,Brand B,Supplier X,Standard
PRD-00573,FAM-00184,Cupcakes - Standard,Brand A,Supplier X,Standard
PRD-00574,FAM-00184,Cupcakes - Standard,Brand B,Supplier X,Standard
PRD-00575,FAM-00185,Pastries - Standard,Brand A,Supplier X,Standard
PRD-00576,FAM-00185,Pastries - Standard,Brand B,Supplier X,Standard
PRD-00577,FAM-00186,Donuts - Standard,Brand A,Supplier X,Standard
PRD-00578,FAM-00186,Donuts - Standard,Brand B,Supplier X,Standard
PRD-00579,FAM-00187,Cookies - Standard,Brand A,Supplier X,Standard
PRD-00580,FAM-00187,Cookies - Standard,Brand B,Supplier X,Standard
PRD-00581,FAM-00188,Pies - Standard,Brand A,Supplier X,Standard
PRD-00582,FAM-00188,Pies - Standard,Brand B,Supplier X,Standard
PRD-00583,FAM-00189,Tarts - Standard,Brand A,Supplier X,Standard
PRD-00584,FAM-00189,Tarts - Standard,Brand B,Supplier X,Standard
PRD-00585,FAM-00190,Cream biscuits - Standard,Brand A,Supplier X,Standard
PRD-00586,FAM-00190,Cream biscuits - Standard,Brand B,Supplier X,Standard
PRD-00587,FAM-00191,Digestive biscuits - Standard,Brand A,Supplier X,Standard
PRD-00588,FAM-00191,Digestive biscuits - Standard,Brand B,Supplier X,Standard
PRD-00589,FAM-00192,Crackers - Standard,Brand A,Supplier X,Standard
PRD-00590,FAM-00192,Crackers - Standard,Brand B,Supplier X,Standard
PRD-00591,FAM-00193,Cookies - Standard,Brand A,Supplier X,Standard
PRD-00592,FAM-00193,Cookies - Standard,Brand B,Supplier X,Standard
PRD-00593,FAM-00194,Wafer biscuits - Standard,Brand A,Supplier X,Standard
PRD-00594,FAM-00194,Wafer biscuits - Standard,Brand B,Supplier X,Standard
PRD-00595,FAM-00195,Premium cookies - Standard,Brand A,Supplier X,Standard
PRD-00596,FAM-00195,Premium cookies - Standard,Brand B,Supplier X,Standard
PRD-00597,FAM-00196,Imported biscuits - Standard,Brand A,Supplier X,Standard
PRD-00598,FAM-00196,Imported biscuits - Standard,Brand B,Supplier X,Standard
PRD-00599,FAM-00197,Chocolate bars - Standard,Brand A,Supplier Z,Standard
PRD-00600,FAM-00197,Chocolate bars - Standard,Brand B,Supplier Z,Standard
PRD-00601,FAM-00198,Dark chocolate - Standard,Brand A,Supplier X,Standard
PRD-00602,FAM-00198,Dark chocolate - Standard,Brand B,Supplier X,Standard
PRD-00603,FAM-00199,Milk chocolate - Standard,Brand A,Supplier X,Standard
PRD-00604,FAM-00199,Milk chocolate - Standard,Brand B,Supplier X,Standard
PRD-00605,FAM-00200,White chocolate - Standard,Brand A,Supplier X,Standard
PRD-00606,FAM-00200,White chocolate - Standard,Brand B,Supplier X,Standard
PRD-00607,FAM-00201,Truffles - Standard,Brand A,Supplier X,Standard
PRD-00608,FAM-00201,Truffles - Standard,Brand B,Supplier X,Standard
PRD-00609,FAM-00202,Pralines - Standard,Brand A,Supplier X,Standard
PRD-00610,FAM-00202,Pralines - Standard,Brand B,Supplier X,Standard
PRD-00611,FAM-00203,Boxed chocolates - Standard,Brand A,Supplier X,Standard
PRD-00612,FAM-00203,Boxed chocolates - Standard,Brand B,Supplier X,Standard
PRD-00613,FAM-00204,Premium chocolates - Standard,Brand A,Supplier X,Standard
PRD-00614,FAM-00204,Premium chocolates - Standard,Brand B,Supplier X,Standard
PRD-00615,FAM-00205,Baking chocolate - Standard,Brand A,Supplier X,Standard
PRD-00616,FAM-00205,Baking chocolate - Standard,Brand B,Supplier X,Standard
PRD-00617,FAM-00206,Hard candy - Standard,Brand A,Supplier X,Standard
PRD-00618,FAM-00206,Hard candy - Standard,Brand B,Supplier X,Standard
PRD-00619,FAM-00207,Gummies - Standard,Brand A,Supplier X,Standard
PRD-00620,FAM-00207,Gummies - Standard,Brand B,Supplier X,Standard
PRD-00621,FAM-00208,Toffees - Standard,Brand A,Supplier X,Standard
PRD-00622,FAM-00208,Toffees - Standard,Brand B,Supplier X,Standard
PRD-00623,FAM-00209,Lollipops - Standard,Brand A,Supplier X,Standard
PRD-00624,FAM-00209,Lollipops - Standard,Brand B,Supplier X,Standard
PRD-00625,FAM-00210,Marshmallows - Standard,Brand A,Supplier X,Standard
PRD-00626,FAM-00210,Marshmallows - Standard,Brand B,Supplier X,Standard
PRD-00627,FAM-00211,Traditional sweets - Standard,Brand A,Supplier X,Standard
PRD-00628,FAM-00211,Traditional sweets - Standard,Brand B,Supplier X,Standard
PRD-00629,FAM-00212,Festival sweets - Standard,Brand A,Supplier X,Standard
PRD-00630,FAM-00212,Festival sweets - Standard,Brand B,Supplier X,Standard
PRD-00631,FAM-00213,Foundation - Standard,Brand X,Manufacturer Direct,Standard
PRD-00632,FAM-00213,Foundation - Standard,Brand Y,Manufacturer Direct,Standard
PRD-00633,FAM-00214,Concealer - Standard,Brand X,Manufacturer Direct,Standard
PRD-00634,FAM-00214,Concealer - Standard,Brand Y,Manufacturer Direct,Standard
PRD-00635,FAM-00215,Powder - Standard,Brand X,Manufacturer Direct,Standard
PRD-00636,FAM-00215,Powder - Standard,Brand Y,Manufacturer Direct,Standard
PRD-00637,FAM-00216,Blush - Standard,Brand X,Manufacturer Direct,Standard
PRD-00638,FAM-00216,Blush - Standard,Brand Y,Manufacturer Direct,Standard
PRD-00639,FAM-00217,Bronzer - Standard,Brand X,Manufacturer Direct,Standard
PRD-00640,FAM-00217,Bronzer - Standard,Brand Y,Manufacturer Direct,Standard
PRD-00641,FAM-00218,Highlighter - Standard,Brand X,Manufacturer Direct,Standard
PRD-00642,FAM-00218,Highlighter - Standard,Brand Y,Manufacturer Direct,Standard
PRD-00643,FAM-00219,Eyeliner - Standard,Brand X,Manufacturer Direct,Standard
PRD-00644,FAM-00219,Eyeliner - Standard,Brand Y,Manufacturer Direct,Standard
PRD-00645,FAM-00220,Mascara - Standard,Brand X,Manufacturer Direct,Standard
PRD-00646,FAM-00220,Mascara - Standard,Brand Y,Manufacturer Direct,Standard
PRD-00647,FAM-00221,Eye shadow - Standard,Brand X,Manufacturer Direct,Standard
PRD-00648,FAM-00221,Eye shadow - Standard,Brand Y,Manufacturer Direct,Standard
PRD-00649,FAM-00222,Lipstick - Standard,Brand X,Manufacturer Direct,Standard
PRD-00650,FAM-00222,Lipstick - Standard,Brand Y,Manufacturer Direct,Standard
PRD-00651,FAM-00223,Lip gloss - Standard,Brand X,Manufacturer Direct,Standard
PRD-00652,FAM-00223,Lip gloss - Standard,Brand Y,Manufacturer Direct,Standard
PRD-00653,FAM-00224,Lip balm - Standard,Brand X,Manufacturer Direct,Standard
PRD-00654,FAM-00224,Lip balm - Standard,Brand Y,Manufacturer Direct,Standard
PRD-00655,FAM-00225,Makeup remover - Standard,Brand X,Manufacturer Direct,Standard
PRD-00656,FAM-00225,Makeup remover - Standard,Brand Y,Manufacturer Direct,Standard
PRD-00657,FAM-00226,Face wash - Standard,Brand X,Manufacturer Direct,Standard
PRD-00658,FAM-00226,Face wash - Standard,Brand Y,Manufacturer Direct,Standard
PRD-00659,FAM-00227,Moisturizer - Standard,Brand X,Manufacturer Direct,Standard
PRD-00660,FAM-00227,Moisturizer - Standard,Brand Y,Manufacturer Direct,Standard
PRD-00661,FAM-00228,Sunscreen - Standard,Brand X,Manufacturer Direct,Standard
PRD-00662,FAM-00228,Sunscreen - Standard,Brand Y,Manufacturer Direct,Standard
PRD-00663,FAM-00229,Serum - Standard,Brand X,Manufacturer Direct,Standard
PRD-00664,FAM-00229,Serum - Standard,Brand Y,Manufacturer Direct,Standard
PRD-00665,FAM-00230,Toner - Standard,Brand X,Manufacturer Direct,Standard
PRD-00666,FAM-00230,Toner - Standard,Brand Y,Manufacturer Direct,Standard
PRD-00667,FAM-00231,Face masks - Standard,Brand X,Manufacturer Direct,Standard
PRD-00668,FAM-00231,Face masks - Standard,Brand Y,Manufacturer Direct,Standard
PRD-00669,FAM-00232,Anti-aging products - Standard,Brand X,Manufacturer Direct,Standard
PRD-00670,FAM-00232,Anti-aging products - Standard,Brand Y,Manufacturer Direct,Standard
PRD-00671,FAM-00233,Nail polish - Standard,Brand X,Manufacturer Direct,Standard
PRD-00672,FAM-00233,Nail polish - Standard,Brand Y,Manufacturer Direct,Standard
PRD-00673,FAM-00234,Nail remover - Standard,Brand X,Manufacturer Direct,Standard
PRD-00674,FAM-00234,Nail remover - Standard,Brand Y,Manufacturer Direct,Standard
PRD-00675,FAM-00235,Nail tools - Standard,Brand X,Manufacturer Direct,Standard
PRD-00676,FAM-00235,Nail tools - Standard,Brand Y,Manufacturer Direct,Standard
PRD-00677,FAM-00236,Nail extensions - Standard,Brand X,Manufacturer Direct,Standard
PRD-00678,FAM-00236,Nail extensions - Standard,Brand Y,Manufacturer Direct,Standard
PRD-00679,FAM-00237,Perfume - Standard,Brand X,Manufacturer Direct,Standard
PRD-00680,FAM-00237,Perfume - Standard,Brand Y,Manufacturer Direct,Standard
PRD-00681,FAM-00238,Eau de parfum - Standard,Brand X,Manufacturer Direct,Standard
PRD-00682,FAM-00238,Eau de parfum - Standard,Brand Y,Manufacturer Direct,Standard
PRD-00683,FAM-00239,Cologne - Standard,Brand X,Manufacturer Direct,Standard
PRD-00684,FAM-00239,Cologne - Standard,Brand Y,Manufacturer Direct,Standard
PRD-00685,FAM-00240,Body mist - Standard,Brand X,Manufacturer Direct,Standard
PRD-00686,FAM-00240,Body mist - Standard,Brand Y,Manufacturer Direct,Standard
PRD-00687,FAM-00241,Attar - Standard,Brand X,Manufacturer Direct,Standard
PRD-00688,FAM-00241,Attar - Standard,Brand Y,Manufacturer Direct,Standard
PRD-00689,FAM-00242,Hair dryers - Standard,Brand X,Manufacturer Direct,Standard
PRD-00690,FAM-00242,Hair dryers - Standard,Brand Y,Manufacturer Direct,Standard
PRD-00691,FAM-00243,Curlers - Standard,Brand X,Manufacturer Direct,Standard
PRD-00692,FAM-00243,Curlers - Standard,Brand Y,Manufacturer Direct,Standard
PRD-00693,FAM-00244,Straighteners - Standard,Brand X,Manufacturer Direct,Standard
PRD-00694,FAM-00244,Straighteners - Standard,Brand Y,Manufacturer Direct,Standard
PRD-00695,FAM-00245,Hair brushes - Standard,Brand X,Manufacturer Direct,Standard
PRD-00696,FAM-00245,Hair brushes - Standard,Brand Y,Manufacturer Direct,Standard
PRD-00697,FAM-00246,Makeup brushes - Standard,Brand X,Manufacturer Direct,Standard
PRD-00698,FAM-00246,Makeup brushes - Standard,Brand Y,Manufacturer Direct,Standard
PRD-00699,FAM-00247,Mirrors - Standard,Brand X,Manufacturer Direct,Standard
PRD-00700,FAM-00247,Mirrors - Standard,Brand Y,Manufacturer Direct,Standard
PRD-00701,FAM-00248,Facial tools - Standard,Brand X,Manufacturer Direct,Standard
PRD-00702,FAM-00248,Facial tools - Standard,Brand Y,Manufacturer Direct,Standard
PRD-00703,FAM-00249,Bottled water - Standard,Water Brand A,Distributor X,Standard
PRD-00704,FAM-00249,Bottled water - Standard,Water Brand B,Distributor X,Standard
PRD-00705,FAM-00250,Mineral water - Standard,Brand A,Supplier X,Standard
PRD-00706,FAM-00250,Mineral water - Standard,Brand B,Supplier X,Standard
PRD-00707,FAM-00251,Sparkling water - Standard,Brand A,Supplier X,Standard
PRD-00708,FAM-00251,Sparkling water - Standard,Brand B,Supplier X,Standard
PRD-00709,FAM-00252,Flavoured water - Standard,Brand A,Supplier X,Standard
PRD-00710,FAM-00252,Flavoured water - Standard,Brand B,Supplier X,Standard
PRD-00711,FAM-00253,Cola - Standard,Brand A,Supplier X,Standard
PRD-00712,FAM-00253,Cola - Standard,Brand B,Supplier X,Standard
PRD-00713,FAM-00254,Lemon/lime drinks - Standard,Brand A,Supplier X,Standard
PRD-00714,FAM-00254,Lemon/lime drinks - Standard,Brand B,Supplier X,Standard
PRD-00715,FAM-00255,Orange drinks - Standard,Brand A,Supplier X,Standard
PRD-00716,FAM-00255,Orange drinks - Standard,Brand B,Supplier X,Standard
PRD-00717,FAM-00256,Soda - Standard,Brand A,Supplier X,Standard
PRD-00718,FAM-00256,Soda - Standard,Brand B,Supplier X,Standard
PRD-00719,FAM-00257,Tonic water - Standard,Brand A,Supplier X,Standard
PRD-00720,FAM-00257,Tonic water - Standard,Brand B,Supplier X,Standard
PRD-00721,FAM-00258,Fruit juice - Standard,Brand A,Supplier X,Standard
PRD-00722,FAM-00258,Fruit juice - Standard,Brand B,Supplier X,Standard
PRD-00723,FAM-00259,Vegetable juice - Standard,Brand A,Supplier X,Standard
PRD-00724,FAM-00259,Vegetable juice - Standard,Brand B,Supplier X,Standard
PRD-00725,FAM-00260,Cold-pressed juice - Standard,Brand A,Supplier X,Standard
PRD-00726,FAM-00260,Cold-pressed juice - Standard,Brand B,Supplier X,Standard
PRD-00727,FAM-00261,Juice concentrates - Standard,Brand A,Supplier X,Standard
PRD-00728,FAM-00261,Juice concentrates - Standard,Brand B,Supplier X,Standard
PRD-00729,FAM-00262,Nectar - Standard,Brand A,Supplier X,Standard
PRD-00730,FAM-00262,Nectar - Standard,Brand B,Supplier X,Standard
PRD-00731,FAM-00263,Energy drinks - Standard,Brand A,Supplier X,Standard
PRD-00732,FAM-00263,Energy drinks - Standard,Brand B,Supplier X,Standard
PRD-00733,FAM-00264,Electrolyte drinks - Standard,Brand A,Supplier X,Standard
PRD-00734,FAM-00264,Electrolyte drinks - Standard,Brand B,Supplier X,Standard
PRD-00735,FAM-00265,Sports drinks - Standard,Brand A,Supplier X,Standard
PRD-00736,FAM-00265,Sports drinks - Standard,Brand B,Supplier X,Standard
PRD-00737,FAM-00266,Tea bags - Standard,Brand A,Supplier X,Standard
PRD-00738,FAM-00266,Tea bags - Standard,Brand B,Supplier X,Standard
PRD-00739,FAM-00267,Loose tea - Standard,Brand A,Supplier X,Standard
PRD-00740,FAM-00267,Loose tea - Standard,Brand B,Supplier X,Standard
PRD-00741,FAM-00268,Green tea - Standard,Brand A,Supplier X,Standard
PRD-00742,FAM-00268,Green tea - Standard,Brand B,Supplier X,Standard
PRD-00743,FAM-00269,Black tea - Standard,Brand A,Supplier X,Standard
PRD-00744,FAM-00269,Black tea - Standard,Brand B,Supplier X,Standard
PRD-00745,FAM-00270,Herbal tea - Standard,Brand A,Supplier X,Standard
PRD-00746,FAM-00270,Herbal tea - Standard,Brand B,Supplier X,Standard
PRD-00747,FAM-00271,Specialty tea - Standard,Brand A,Supplier X,Standard
PRD-00748,FAM-00271,Specialty tea - Standard,Brand B,Supplier X,Standard
PRD-00749,FAM-00272,Instant coffee - Standard,Brand A,Supplier X,Standard
PRD-00750,FAM-00272,Instant coffee - Standard,Brand B,Supplier X,Standard
PRD-00751,FAM-00273,Ground coffee - Standard,Brand A,Supplier X,Standard
PRD-00752,FAM-00273,Ground coffee - Standard,Brand B,Supplier X,Standard
PRD-00753,FAM-00274,Beans - Standard,Brand A,Supplier X,Standard
PRD-00754,FAM-00274,Beans - Standard,Brand B,Supplier X,Standard
PRD-00755,FAM-00275,Cold brew - Standard,Brand A,Supplier X,Standard
PRD-00756,FAM-00275,Cold brew - Standard,Brand B,Supplier X,Standard
PRD-00757,FAM-00276,Capsules - Standard,Brand A,Supplier X,Standard
PRD-00758,FAM-00276,Capsules - Standard,Brand B,Supplier X,Standard
PRD-00759,FAM-00277,Specialty coffee - Standard,Brand A,Supplier X,Standard
PRD-00760,FAM-00277,Specialty coffee - Standard,Brand B,Supplier X,Standard
PRD-00761,FAM-00278,Milk powders - Standard,Brand A,Supplier X,Standard
PRD-00762,FAM-00278,Milk powders - Standard,Brand B,Supplier X,Standard
PRD-00763,FAM-00279,Cocoa drinks - Standard,Brand A,Supplier X,Standard
PRD-00764,FAM-00279,Cocoa drinks - Standard,Brand B,Supplier X,Standard
PRD-00765,FAM-00280,Health drinks - Standard,Brand A,Supplier X,Standard
PRD-00766,FAM-00280,Health drinks - Standard,Brand B,Supplier X,Standard
PRD-00767,FAM-00281,Protein drinks - Standard,Brand A,Supplier X,Standard
PRD-00768,FAM-00281,Protein drinks - Standard,Brand B,Supplier X,Standard
PRD-00769,FAM-00282,Syrups - Standard,Brand A,Supplier X,Standard
PRD-00770,FAM-00282,Syrups - Standard,Brand B,Supplier X,Standard
PRD-00771,FAM-00283,Concentrates - Standard,Brand A,Supplier X,Standard
PRD-00772,FAM-00283,Concentrates - Standard,Brand B,Supplier X,Standard
PRD-00773,FAM-00284,Bicycles - Standard Category,Generic Brand 1,Manufacturer Direct,Standard Category
PRD-00774,FAM-00284,Bicycles - Standard Category,Generic Brand 2,Manufacturer Direct,Standard Category
PRD-00775,FAM-00285,Mountain bikes - Standard Category,Generic Brand 1,Manufacturer Direct,Standard Category
PRD-00776,FAM-00285,Mountain bikes - Standard Category,Generic Brand 2,Manufacturer Direct,Standard Category
PRD-00777,FAM-00286,Road bikes - Standard Category,Generic Brand 1,Manufacturer Direct,Standard Category
PRD-00778,FAM-00286,Road bikes - Standard Category,Generic Brand 2,Manufacturer Direct,Standard Category
PRD-00779,FAM-00287,Kids' bikes - Standard Category,Generic Brand 1,Manufacturer Direct,Standard Category
PRD-00780,FAM-00287,Kids' bikes - Standard Category,Generic Brand 2,Manufacturer Direct,Standard Category
PRD-00781,FAM-00288,E-bikes - Standard Category,Generic Brand 1,Manufacturer Direct,Standard Category
PRD-00782,FAM-00288,E-bikes - Standard Category,Generic Brand 2,Manufacturer Direct,Standard Category
PRD-00783,FAM-00289,Scooters - Standard Category,Generic Brand 1,Manufacturer Direct,Standard Category
PRD-00784,FAM-00289,Scooters - Standard Category,Generic Brand 2,Manufacturer Direct,Standard Category
PRD-00785,FAM-00290,Skateboards - Standard Category,Generic Brand 1,Manufacturer Direct,Standard Category
PRD-00786,FAM-00290,Skateboards - Standard Category,Generic Brand 2,Manufacturer Direct,Standard Category
PRD-00787,FAM-00291,Roller skates - Standard Category,Generic Brand 1,Manufacturer Direct,Standard Category
PRD-00788,FAM-00291,Roller skates - Standard Category,Generic Brand 2,Manufacturer Direct,Standard Category
PRD-00789,FAM-00292,Protective helmets - Standard Category,Generic Brand 1,Manufacturer Direct,Standard Category
PRD-00790,FAM-00292,Protective helmets - Standard Category,Generic Brand 2,Manufacturer Direct,Standard Category
PRD-00791,FAM-00293,Knee/elbow protection - Standard Category,Generic Brand 1,Manufacturer Direct,Standard Category
PRD-00792,FAM-00293,Knee/elbow protection - Standard Category,Generic Brand 2,Manufacturer Direct,Standard Category
PRD-00793,FAM-00294,Bicycle lights - Standard Category,Generic Brand 1,Manufacturer Direct,Standard Category
PRD-00794,FAM-00294,Bicycle lights - Standard Category,Generic Brand 2,Manufacturer Direct,Standard Category
PRD-00795,FAM-00295,Pumps - Standard Category,Generic Brand 1,Manufacturer Direct,Standard Category
PRD-00796,FAM-00295,Pumps - Standard Category,Generic Brand 2,Manufacturer Direct,Standard Category
PRD-00797,FAM-00296,Locks - Standard Category,Generic Brand 1,Manufacturer Direct,Standard Category
PRD-00798,FAM-00296,Locks - Standard Category,Generic Brand 2,Manufacturer Direct,Standard Category
PRD-00799,FAM-00297,Repair kits - Standard Category,Generic Brand 1,Manufacturer Direct,Standard Category
PRD-00800,FAM-00297,Repair kits - Standard Category,Generic Brand 2,Manufacturer Direct,Standard Category
PRD-00801,FAM-00298,Romance - Standard Category,Generic Brand 1,Manufacturer Direct,Standard Category
PRD-00802,FAM-00298,Romance - Standard Category,Generic Brand 2,Manufacturer Direct,Standard Category
PRD-00803,FAM-00299,Mystery - Standard Category,Generic Brand 1,Manufacturer Direct,Standard Category
PRD-00804,FAM-00299,Mystery - Standard Category,Generic Brand 2,Manufacturer Direct,Standard Category
PRD-00805,FAM-00300,Thriller - Standard Category,Generic Brand 1,Manufacturer Direct,Standard Category
PRD-00806,FAM-00300,Thriller - Standard Category,Generic Brand 2,Manufacturer Direct,Standard Category
PRD-00807,FAM-00301,Fantasy - Standard Category,Generic Brand 1,Manufacturer Direct,Standard Category
PRD-00808,FAM-00301,Fantasy - Standard Category,Generic Brand 2,Manufacturer Direct,Standard Category
PRD-00809,FAM-00302,Science fiction - Standard Category,Generic Brand 1,Manufacturer Direct,Standard Category
PRD-00810,FAM-00302,Science fiction - Standard Category,Generic Brand 2,Manufacturer Direct,Standard Category
PRD-00811,FAM-00303,Literary fiction - Standard Category,Generic Brand 1,Manufacturer Direct,Standard Category
PRD-00812,FAM-00303,Literary fiction - Standard Category,Generic Brand 2,Manufacturer Direct,Standard Category
PRD-00813,FAM-00304,Young adult - Standard Category,Generic Brand 1,Manufacturer Direct,Standard Category
PRD-00814,FAM-00304,Young adult - Standard Category,Generic Brand 2,Manufacturer Direct,Standard Category
PRD-00815,FAM-00305,Business - Standard Category,Generic Brand 1,Manufacturer Direct,Standard Category
PRD-00816,FAM-00305,Business - Standard Category,Generic Brand 2,Manufacturer Direct,Standard Category
PRD-00817,FAM-00306,Technology - Standard Category,Generic Brand 1,Manufacturer Direct,Standard Category
PRD-00818,FAM-00306,Technology - Standard Category,Generic Brand 2,Manufacturer Direct,Standard Category
PRD-00819,FAM-00307,Science - Standard Category,Generic Brand 1,Manufacturer Direct,Standard Category
PRD-00820,FAM-00307,Science - Standard Category,Generic Brand 2,Manufacturer Direct,Standard Category
PRD-00821,FAM-00308,History - Standard Category,Generic Brand 1,Manufacturer Direct,Standard Category
PRD-00822,FAM-00308,History - Standard Category,Generic Brand 2,Manufacturer Direct,Standard Category
PRD-00823,FAM-00309,Psychology - Standard Category,Generic Brand 1,Manufacturer Direct,Standard Category
PRD-00824,FAM-00309,Psychology - Standard Category,Generic Brand 2,Manufacturer Direct,Standard Category
PRD-00825,FAM-00310,Philosophy - Standard Category,Generic Brand 1,Manufacturer Direct,Standard Category
PRD-00826,FAM-00310,Philosophy - Standard Category,Generic Brand 2,Manufacturer Direct,Standard Category
PRD-00827,FAM-00311,Self-help - Standard Category,Generic Brand 1,Manufacturer Direct,Standard Category
PRD-00828,FAM-00311,Self-help - Standard Category,Generic Brand 2,Manufacturer Direct,Standard Category
PRD-00829,FAM-00312,Biography - Standard Category,Generic Brand 1,Manufacturer Direct,Standard Category
PRD-00830,FAM-00312,Biography - Standard Category,Generic Brand 2,Manufacturer Direct,Standard Category
PRD-00831,FAM-00313,Travel - Standard Category,Generic Brand 1,Manufacturer Direct,Standard Category
PRD-00832,FAM-00313,Travel - Standard Category,Generic Brand 2,Manufacturer Direct,Standard Category
PRD-00833,FAM-00314,Cooking - Standard Category,Generic Brand 1,Manufacturer Direct,Standard Category
PRD-00834,FAM-00314,Cooking - Standard Category,Generic Brand 2,Manufacturer Direct,Standard Category
PRD-00835,FAM-00315,Picture books - Standard Category,Generic Brand 1,Manufacturer Direct,Standard Category
PRD-00836,FAM-00315,Picture books - Standard Category,Generic Brand 2,Manufacturer Direct,Standard Category
PRD-00837,FAM-00316,Story books - Standard Category,Generic Brand 1,Manufacturer Direct,Standard Category
PRD-00838,FAM-00316,Story books - Standard Category,Generic Brand 2,Manufacturer Direct,Standard Category
PRD-00839,FAM-00317,Activity books - Standard Category,Generic Brand 1,Manufacturer Direct,Standard Category
PRD-00840,FAM-00317,Activity books - Standard Category,Generic Brand 2,Manufacturer Direct,Standard Category
PRD-00841,FAM-00318,Educational books - Standard Category,Generic Brand 1,Manufacturer Direct,Standard Category
PRD-00842,FAM-00318,Educational books - Standard Category,Generic Brand 2,Manufacturer Direct,Standard Category
PRD-00843,FAM-00319,Textbooks - Standard Category,Generic Brand 1,Manufacturer Direct,Standard Category
PRD-00844,FAM-00319,Textbooks - Standard Category,Generic Brand 2,Manufacturer Direct,Standard Category
PRD-00845,FAM-00320,Reference books - Standard Category,Generic Brand 1,Manufacturer Direct,Standard Category
PRD-00846,FAM-00320,Reference books - Standard Category,Generic Brand 2,Manufacturer Direct,Standard Category
PRD-00847,FAM-00321,Competitive-exam books - Standard Category,Generic Brand 1,Manufacturer Direct,Standard Category
PRD-00848,FAM-00321,Competitive-exam books - Standard Category,Generic Brand 2,Manufacturer Direct,Standard Category
PRD-00849,FAM-00322,Professional books - Standard Category,Generic Brand 1,Manufacturer Direct,Standard Category
PRD-00850,FAM-00322,Professional books - Standard Category,Generic Brand 2,Manufacturer Direct,Standard Category
PRD-00851,FAM-00323,Coins - Standard Category,Generic Brand 1,Manufacturer Direct,Standard Category
PRD-00852,FAM-00323,Coins - Standard Category,Generic Brand 2,Manufacturer Direct,Standard Category
PRD-00853,FAM-00324,Stamps - Standard Category,Generic Brand 1,Manufacturer Direct,Standard Category
PRD-00854,FAM-00324,Stamps - Standard Category,Generic Brand 2,Manufacturer Direct,Standard Category
PRD-00855,FAM-00325,Trading cards - Standard Category,Generic Brand 1,Manufacturer Direct,Standard Category
PRD-00856,FAM-00325,Trading cards - Standard Category,Generic Brand 2,Manufacturer Direct,Standard Category
PRD-00857,FAM-00326,Sports memorabilia - Standard Category,Generic Brand 1,Manufacturer Direct,Standard Category
PRD-00858,FAM-00326,Sports memorabilia - Standard Category,Generic Brand 2,Manufacturer Direct,Standard Category
PRD-00859,FAM-00327,Movie memorabilia - Standard Category,Generic Brand 1,Manufacturer Direct,Standard Category
PRD-00860,FAM-00327,Movie memorabilia - Standard Category,Generic Brand 2,Manufacturer Direct,Standard Category
PRD-00861,FAM-00328,Signed items - Standard Category,Generic Brand 1,Manufacturer Direct,Standard Category
PRD-00862,FAM-00328,Signed items - Standard Category,Generic Brand 2,Manufacturer Direct,Standard Category
PRD-00863,FAM-00329,Figurines - Standard Category,Generic Brand 1,Manufacturer Direct,Standard Category
PRD-00864,FAM-00329,Figurines - Standard Category,Generic Brand 2,Manufacturer Direct,Standard Category
PRD-00865,FAM-00330,Limited editions - Standard Category,Generic Brand 1,Manufacturer Direct,Standard Category
PRD-00866,FAM-00330,Limited editions - Standard Category,Generic Brand 2,Manufacturer Direct,Standard Category
PRD-00867,FAM-00331,Art prints - Standard Category,Generic Brand 1,Manufacturer Direct,Standard Category
PRD-00868,FAM-00331,Art prints - Standard Category,Generic Brand 2,Manufacturer Direct,Standard Category
PRD-00869,FAM-00332,Collector toys - Standard Category,Generic Brand 1,Manufacturer Direct,Standard Category
PRD-00870,FAM-00332,Collector toys - Standard Category,Generic Brand 2,Manufacturer Direct,Standard Category
PRD-00871,FAM-00333,Antiques where legally permissible - Standard Category,Generic Brand 1,Manufacturer Direct,Standard Category
PRD-00872,FAM-00333,Antiques where legally permissible - Standard Category,Generic Brand 2,Manufacturer Direct,Standard Category
PRD-00873,FAM-00334,Desktops - Standard Model,TechBrand X,Manufacturer Direct,Standard Model
PRD-00874,FAM-00334,Desktops - Standard Model,TechBrand Y,Manufacturer Direct,Standard Model
PRD-00875,FAM-00334,Desktops - Compact Model,TechBrand X,Manufacturer Direct,Compact Model
PRD-00876,FAM-00334,Desktops - Compact Model,TechBrand Y,Manufacturer Direct,Compact Model
PRD-00877,FAM-00335,Laptops - Standard Model,TechBrand X,Manufacturer Direct,Standard Model
PRD-00878,FAM-00335,Laptops - Standard Model,TechBrand Y,Manufacturer Direct,Standard Model
PRD-00879,FAM-00335,Laptops - Compact Model,TechBrand X,Manufacturer Direct,Compact Model
PRD-00880,FAM-00335,Laptops - Compact Model,TechBrand Y,Manufacturer Direct,Compact Model
PRD-00881,FAM-00336,Gaming laptops - Standard Model,TechBrand X,Manufacturer Direct,Standard Model
PRD-00882,FAM-00336,Gaming laptops - Standard Model,TechBrand Y,Manufacturer Direct,Standard Model
PRD-00883,FAM-00336,Gaming laptops - Compact Model,TechBrand X,Manufacturer Direct,Compact Model
PRD-00884,FAM-00336,Gaming laptops - Compact Model,TechBrand Y,Manufacturer Direct,Compact Model
PRD-00885,FAM-00337,Mini PCs - Standard Model,TechBrand X,Manufacturer Direct,Standard Model
PRD-00886,FAM-00337,Mini PCs - Standard Model,TechBrand Y,Manufacturer Direct,Standard Model
PRD-00887,FAM-00337,Mini PCs - Compact Model,TechBrand X,Manufacturer Direct,Compact Model
PRD-00888,FAM-00337,Mini PCs - Compact Model,TechBrand Y,Manufacturer Direct,Compact Model
PRD-00889,FAM-00338,Workstations - Standard Model,TechBrand X,Manufacturer Direct,Standard Model
PRD-00890,FAM-00338,Workstations - Standard Model,TechBrand Y,Manufacturer Direct,Standard Model
PRD-00891,FAM-00338,Workstations - Compact Model,TechBrand X,Manufacturer Direct,Compact Model
PRD-00892,FAM-00338,Workstations - Compact Model,TechBrand Y,Manufacturer Direct,Compact Model
PRD-00893,FAM-00339,Keyboards - Standard Model,TechBrand X,Manufacturer Direct,Standard Model
PRD-00894,FAM-00339,Keyboards - Standard Model,TechBrand Y,Manufacturer Direct,Standard Model
PRD-00895,FAM-00339,Keyboards - Compact Model,TechBrand X,Manufacturer Direct,Compact Model
PRD-00896,FAM-00339,Keyboards - Compact Model,TechBrand Y,Manufacturer Direct,Compact Model
PRD-00897,FAM-00340,Mice - Standard Model,TechBrand X,Manufacturer Direct,Standard Model
PRD-00898,FAM-00340,Mice - Standard Model,TechBrand Y,Manufacturer Direct,Standard Model
PRD-00899,FAM-00340,Mice - Compact Model,TechBrand X,Manufacturer Direct,Compact Model
PRD-00900,FAM-00340,Mice - Compact Model,TechBrand Y,Manufacturer Direct,Compact Model
PRD-00901,FAM-00341,Monitors - Standard Model,TechBrand X,Manufacturer Direct,Standard Model
PRD-00902,FAM-00341,Monitors - Standard Model,TechBrand Y,Manufacturer Direct,Standard Model
PRD-00903,FAM-00341,Monitors - Compact Model,TechBrand X,Manufacturer Direct,Compact Model
PRD-00904,FAM-00341,Monitors - Compact Model,TechBrand Y,Manufacturer Direct,Compact Model
PRD-00905,FAM-00342,Webcams - Standard Model,TechBrand X,Manufacturer Direct,Standard Model
PRD-00906,FAM-00342,Webcams - Standard Model,TechBrand Y,Manufacturer Direct,Standard Model
PRD-00907,FAM-00342,Webcams - Compact Model,TechBrand X,Manufacturer Direct,Compact Model
PRD-00908,FAM-00342,Webcams - Compact Model,TechBrand Y,Manufacturer Direct,Compact Model
PRD-00909,FAM-00343,Printers - Standard Model,TechBrand X,Manufacturer Direct,Standard Model
PRD-00910,FAM-00343,Printers - Standard Model,TechBrand Y,Manufacturer Direct,Standard Model
PRD-00911,FAM-00343,Printers - Compact Model,TechBrand X,Manufacturer Direct,Compact Model
PRD-00912,FAM-00343,Printers - Compact Model,TechBrand Y,Manufacturer Direct,Compact Model
PRD-00913,FAM-00344,Scanners - Standard Model,TechBrand X,Manufacturer Direct,Standard Model
PRD-00914,FAM-00344,Scanners - Standard Model,TechBrand Y,Manufacturer Direct,Standard Model
PRD-00915,FAM-00344,Scanners - Compact Model,TechBrand X,Manufacturer Direct,Compact Model
PRD-00916,FAM-00344,Scanners - Compact Model,TechBrand Y,Manufacturer Direct,Compact Model
PRD-00917,FAM-00345,Speakers - Standard Model,TechBrand X,Manufacturer Direct,Standard Model
PRD-00918,FAM-00345,Speakers - Standard Model,TechBrand Y,Manufacturer Direct,Standard Model
PRD-00919,FAM-00345,Speakers - Compact Model,TechBrand X,Manufacturer Direct,Compact Model
PRD-00920,FAM-00345,Speakers - Compact Model,TechBrand Y,Manufacturer Direct,Compact Model
PRD-00921,FAM-00346,Microphones - Standard Model,TechBrand X,Manufacturer Direct,Standard Model
PRD-00922,FAM-00346,Microphones - Standard Model,TechBrand Y,Manufacturer Direct,Standard Model
PRD-00923,FAM-00346,Microphones - Compact Model,TechBrand X,Manufacturer Direct,Compact Model
PRD-00924,FAM-00346,Microphones - Compact Model,TechBrand Y,Manufacturer Direct,Compact Model
PRD-00925,FAM-00347,Routers - Standard Model,TechBrand X,Manufacturer Direct,Standard Model
PRD-00926,FAM-00347,Routers - Standard Model,TechBrand Y,Manufacturer Direct,Standard Model
PRD-00927,FAM-00347,Routers - Compact Model,TechBrand X,Manufacturer Direct,Compact Model
PRD-00928,FAM-00347,Routers - Compact Model,TechBrand Y,Manufacturer Direct,Compact Model
PRD-00929,FAM-00348,Mesh systems - Standard Model,TechBrand X,Manufacturer Direct,Standard Model
PRD-00930,FAM-00348,Mesh systems - Standard Model,TechBrand Y,Manufacturer Direct,Standard Model
PRD-00931,FAM-00348,Mesh systems - Compact Model,TechBrand X,Manufacturer Direct,Compact Model
PRD-00932,FAM-00348,Mesh systems - Compact Model,TechBrand Y,Manufacturer Direct,Compact Model
PRD-00933,FAM-00349,Modems - Standard Model,TechBrand X,Manufacturer Direct,Standard Model
PRD-00934,FAM-00349,Modems - Standard Model,TechBrand Y,Manufacturer Direct,Standard Model
PRD-00935,FAM-00349,Modems - Compact Model,TechBrand X,Manufacturer Direct,Compact Model
PRD-00936,FAM-00349,Modems - Compact Model,TechBrand Y,Manufacturer Direct,Compact Model
PRD-00937,FAM-00350,Network cables - Standard Model,TechBrand X,Manufacturer Direct,Standard Model
PRD-00938,FAM-00350,Network cables - Standard Model,TechBrand Y,Manufacturer Direct,Standard Model
PRD-00939,FAM-00350,Network cables - Compact Model,TechBrand X,Manufacturer Direct,Compact Model
PRD-00940,FAM-00350,Network cables - Compact Model,TechBrand Y,Manufacturer Direct,Compact Model
PRD-00941,FAM-00351,Switches - Standard Model,TechBrand X,Manufacturer Direct,Standard Model
PRD-00942,FAM-00351,Switches - Standard Model,TechBrand Y,Manufacturer Direct,Standard Model
PRD-00943,FAM-00351,Switches - Compact Model,TechBrand X,Manufacturer Direct,Compact Model
PRD-00944,FAM-00351,Switches - Compact Model,TechBrand Y,Manufacturer Direct,Compact Model
PRD-00945,FAM-00352,Smartphones - Standard Model,TechBrand X,Manufacturer Direct,Standard Model
PRD-00946,FAM-00352,Smartphones - Standard Model,TechBrand Y,Manufacturer Direct,Standard Model
PRD-00947,FAM-00352,Smartphones - Compact Model,TechBrand X,Manufacturer Direct,Compact Model
PRD-00948,FAM-00352,Smartphones - Compact Model,TechBrand Y,Manufacturer Direct,Compact Model
PRD-00949,FAM-00353,Tablets - Standard Model,TechBrand X,Manufacturer Direct,Standard Model
PRD-00950,FAM-00353,Tablets - Standard Model,TechBrand Y,Manufacturer Direct,Standard Model
PRD-00951,FAM-00353,Tablets - Compact Model,TechBrand X,Manufacturer Direct,Compact Model
PRD-00952,FAM-00353,Tablets - Compact Model,TechBrand Y,Manufacturer Direct,Compact Model
PRD-00953,FAM-00354,Smart watches - Standard Model,TechBrand X,Manufacturer Direct,Standard Model
PRD-00954,FAM-00354,Smart watches - Standard Model,TechBrand Y,Manufacturer Direct,Standard Model
PRD-00955,FAM-00354,Smart watches - Compact Model,TechBrand X,Manufacturer Direct,Compact Model
PRD-00956,FAM-00354,Smart watches - Compact Model,TechBrand Y,Manufacturer Direct,Compact Model
PRD-00957,FAM-00355,Cases - Standard Model,TechBrand X,Manufacturer Direct,Standard Model
PRD-00958,FAM-00355,Cases - Standard Model,TechBrand Y,Manufacturer Direct,Standard Model
PRD-00959,FAM-00355,Cases - Compact Model,TechBrand X,Manufacturer Direct,Compact Model
PRD-00960,FAM-00355,Cases - Compact Model,TechBrand Y,Manufacturer Direct,Compact Model
PRD-00961,FAM-00356,Screen protectors - Standard Model,TechBrand X,Manufacturer Direct,Standard Model
PRD-00962,FAM-00356,Screen protectors - Standard Model,TechBrand Y,Manufacturer Direct,Standard Model
PRD-00963,FAM-00356,Screen protectors - Compact Model,TechBrand X,Manufacturer Direct,Compact Model
PRD-00964,FAM-00356,Screen protectors - Compact Model,TechBrand Y,Manufacturer Direct,Compact Model
PRD-00965,FAM-00357,Chargers - Standard Model,TechBrand X,Manufacturer Direct,Standard Model
PRD-00966,FAM-00357,Chargers - Standard Model,TechBrand Y,Manufacturer Direct,Standard Model
PRD-00967,FAM-00357,Chargers - Compact Model,TechBrand X,Manufacturer Direct,Compact Model
PRD-00968,FAM-00357,Chargers - Compact Model,TechBrand Y,Manufacturer Direct,Compact Model
PRD-00969,FAM-00358,Cables - Standard Model,TechBrand X,Manufacturer Direct,Standard Model
PRD-00970,FAM-00358,Cables - Standard Model,TechBrand Y,Manufacturer Direct,Standard Model
PRD-00971,FAM-00358,Cables - Compact Model,TechBrand X,Manufacturer Direct,Compact Model
PRD-00972,FAM-00358,Cables - Compact Model,TechBrand Y,Manufacturer Direct,Compact Model
PRD-00973,FAM-00359,Wireless chargers - Standard Model,TechBrand X,Manufacturer Direct,Standard Model
PRD-00974,FAM-00359,Wireless chargers - Standard Model,TechBrand Y,Manufacturer Direct,Standard Model
PRD-00975,FAM-00359,Wireless chargers - Compact Model,TechBrand X,Manufacturer Direct,Compact Model
PRD-00976,FAM-00359,Wireless chargers - Compact Model,TechBrand Y,Manufacturer Direct,Compact Model
PRD-00977,FAM-00360,Car chargers - Standard Model,TechBrand X,Manufacturer Direct,Standard Model
PRD-00978,FAM-00360,Car chargers - Standard Model,TechBrand Y,Manufacturer Direct,Standard Model
PRD-00979,FAM-00360,Car chargers - Compact Model,TechBrand X,Manufacturer Direct,Compact Model
PRD-00980,FAM-00360,Car chargers - Compact Model,TechBrand Y,Manufacturer Direct,Compact Model
PRD-00981,FAM-00361,Stands - Standard Model,TechBrand X,Manufacturer Direct,Standard Model
PRD-00982,FAM-00361,Stands - Standard Model,TechBrand Y,Manufacturer Direct,Standard Model
PRD-00983,FAM-00361,Stands - Compact Model,TechBrand X,Manufacturer Direct,Compact Model
PRD-00984,FAM-00361,Stands - Compact Model,TechBrand Y,Manufacturer Direct,Compact Model
PRD-00985,FAM-00362,Holders - Standard Model,TechBrand X,Manufacturer Direct,Standard Model
PRD-00986,FAM-00362,Holders - Standard Model,TechBrand Y,Manufacturer Direct,Standard Model
PRD-00987,FAM-00362,Holders - Compact Model,TechBrand X,Manufacturer Direct,Compact Model
PRD-00988,FAM-00362,Holders - Compact Model,TechBrand Y,Manufacturer Direct,Compact Model
PRD-00989,FAM-00363,Televisions - Standard Model,TechBrand X,Manufacturer Direct,Standard Model
PRD-00990,FAM-00363,Televisions - Standard Model,TechBrand Y,Manufacturer Direct,Standard Model
PRD-00991,FAM-00363,Televisions - Compact Model,TechBrand X,Manufacturer Direct,Compact Model
PRD-00992,FAM-00363,Televisions - Compact Model,TechBrand Y,Manufacturer Direct,Compact Model
PRD-00993,FAM-00364,Soundbars - Standard Model,TechBrand X,Manufacturer Direct,Standard Model
PRD-00994,FAM-00364,Soundbars - Standard Model,TechBrand Y,Manufacturer Direct,Standard Model
PRD-00995,FAM-00364,Soundbars - Compact Model,TechBrand X,Manufacturer Direct,Compact Model
PRD-00996,FAM-00364,Soundbars - Compact Model,TechBrand Y,Manufacturer Direct,Compact Model
PRD-00997,FAM-00365,Speakers - Standard Model,TechBrand X,Manufacturer Direct,Standard Model
PRD-00998,FAM-00365,Speakers - Standard Model,TechBrand Y,Manufacturer Direct,Standard Model
PRD-00999,FAM-00365,Speakers - Compact Model,TechBrand X,Manufacturer Direct,Compact Model
PRD-01000,FAM-00365,Speakers - Compact Model,TechBrand Y,Manufacturer Direct,Compact Model
PRD-01001,FAM-00366,Headphones - Standard Model,TechBrand X,Manufacturer Direct,Standard Model
PRD-01002,FAM-00366,Headphones - Standard Model,TechBrand Y,Manufacturer Direct,Standard Model
PRD-01003,FAM-00366,Headphones - Compact Model,TechBrand X,Manufacturer Direct,Compact Model
PRD-01004,FAM-00366,Headphones - Compact Model,TechBrand Y,Manufacturer Direct,Compact Model
PRD-01005,FAM-00367,Earphones - Standard Model,TechBrand X,Manufacturer Direct,Standard Model
PRD-01006,FAM-00367,Earphones - Standard Model,TechBrand Y,Manufacturer Direct,Standard Model
PRD-01007,FAM-00367,Earphones - Compact Model,TechBrand X,Manufacturer Direct,Compact Model
PRD-01008,FAM-00367,Earphones - Compact Model,TechBrand Y,Manufacturer Direct,Compact Model
PRD-01009,FAM-00368,Earbuds - Standard Model,TechBrand X,Manufacturer Direct,Standard Model
PRD-01010,FAM-00368,Earbuds - Standard Model,TechBrand Y,Manufacturer Direct,Standard Model
PRD-01011,FAM-00368,Earbuds - Compact Model,TechBrand X,Manufacturer Direct,Compact Model
PRD-01012,FAM-00368,Earbuds - Compact Model,TechBrand Y,Manufacturer Direct,Compact Model
PRD-01013,FAM-00369,Home theatre systems - Standard Model,TechBrand X,Manufacturer Direct,Standard Model
PRD-01014,FAM-00369,Home theatre systems - Standard Model,TechBrand Y,Manufacturer Direct,Standard Model
PRD-01015,FAM-00369,Home theatre systems - Compact Model,TechBrand X,Manufacturer Direct,Compact Model
PRD-01016,FAM-00369,Home theatre systems - Compact Model,TechBrand Y,Manufacturer Direct,Compact Model
PRD-01017,FAM-00370,Projectors - Standard Model,TechBrand X,Manufacturer Direct,Standard Model
PRD-01018,FAM-00370,Projectors - Standard Model,TechBrand Y,Manufacturer Direct,Standard Model
PRD-01019,FAM-00370,Projectors - Compact Model,TechBrand X,Manufacturer Direct,Compact Model
PRD-01020,FAM-00370,Projectors - Compact Model,TechBrand Y,Manufacturer Direct,Compact Model
PRD-01021,FAM-00371,Streaming devices - Standard Model,TechBrand X,Manufacturer Direct,Standard Model
PRD-01022,FAM-00371,Streaming devices - Standard Model,TechBrand Y,Manufacturer Direct,Standard Model
PRD-01023,FAM-00371,Streaming devices - Compact Model,TechBrand X,Manufacturer Direct,Compact Model
PRD-01024,FAM-00371,Streaming devices - Compact Model,TechBrand Y,Manufacturer Direct,Compact Model
PRD-01025,FAM-00372,Cameras - Standard Model,TechBrand X,Manufacturer Direct,Standard Model
PRD-01026,FAM-00372,Cameras - Standard Model,TechBrand Y,Manufacturer Direct,Standard Model
PRD-01027,FAM-00372,Cameras - Compact Model,TechBrand X,Manufacturer Direct,Compact Model
PRD-01028,FAM-00372,Cameras - Compact Model,TechBrand Y,Manufacturer Direct,Compact Model
PRD-01029,FAM-00373,Action cameras - Standard Model,TechBrand X,Manufacturer Direct,Standard Model
PRD-01030,FAM-00373,Action cameras - Standard Model,TechBrand Y,Manufacturer Direct,Standard Model
PRD-01031,FAM-00373,Action cameras - Compact Model,TechBrand X,Manufacturer Direct,Compact Model
PRD-01032,FAM-00373,Action cameras - Compact Model,TechBrand Y,Manufacturer Direct,Compact Model
PRD-01033,FAM-00374,Drones - Standard Model,TechBrand X,Manufacturer Direct,Standard Model
PRD-01034,FAM-00374,Drones - Standard Model,TechBrand Y,Manufacturer Direct,Standard Model
PRD-01035,FAM-00374,Drones - Compact Model,TechBrand X,Manufacturer Direct,Compact Model
PRD-01036,FAM-00374,Drones - Compact Model,TechBrand Y,Manufacturer Direct,Compact Model
PRD-01037,FAM-00375,Digital photo frames - Standard Model,TechBrand X,Manufacturer Direct,Standard Model
PRD-01038,FAM-00375,Digital photo frames - Standard Model,TechBrand Y,Manufacturer Direct,Standard Model
PRD-01039,FAM-00375,Digital photo frames - Compact Model,TechBrand X,Manufacturer Direct,Compact Model
PRD-01040,FAM-00375,Digital photo frames - Compact Model,TechBrand Y,Manufacturer Direct,Compact Model
PRD-01041,FAM-00376,E-readers - Standard Model,TechBrand X,Manufacturer Direct,Standard Model
PRD-01042,FAM-00376,E-readers - Standard Model,TechBrand Y,Manufacturer Direct,Standard Model
PRD-01043,FAM-00376,E-readers - Compact Model,TechBrand X,Manufacturer Direct,Compact Model
PRD-01044,FAM-00376,E-readers - Compact Model,TechBrand Y,Manufacturer Direct,Compact Model
PRD-01045,FAM-00377,Smart home devices - Standard Model,TechBrand X,Manufacturer Direct,Standard Model
PRD-01046,FAM-00377,Smart home devices - Standard Model,TechBrand Y,Manufacturer Direct,Standard Model
PRD-01047,FAM-00377,Smart home devices - Compact Model,TechBrand X,Manufacturer Direct,Compact Model
PRD-01048,FAM-00377,Smart home devices - Compact Model,TechBrand Y,Manufacturer Direct,Compact Model
PRD-01049,FAM-00378,HDMI cables - Standard Model,TechBrand X,Manufacturer Direct,Standard Model
PRD-01050,FAM-00378,HDMI cables - Standard Model,TechBrand Y,Manufacturer Direct,Standard Model
PRD-01051,FAM-00378,HDMI cables - Compact Model,TechBrand X,Manufacturer Direct,Compact Model
PRD-01052,FAM-00378,HDMI cables - Compact Model,TechBrand Y,Manufacturer Direct,Compact Model
PRD-01053,FAM-00379,Chargers - Standard Model,TechBrand X,Manufacturer Direct,Standard Model
PRD-01054,FAM-00379,Chargers - Standard Model,TechBrand Y,Manufacturer Direct,Standard Model
PRD-01055,FAM-00379,Chargers - Compact Model,TechBrand X,Manufacturer Direct,Compact Model
PRD-01056,FAM-00379,Chargers - Compact Model,TechBrand Y,Manufacturer Direct,Compact Model
PRD-01057,FAM-00380,Power adapters - Standard Model,TechBrand X,Manufacturer Direct,Standard Model
PRD-01058,FAM-00380,Power adapters - Standard Model,TechBrand Y,Manufacturer Direct,Standard Model
PRD-01059,FAM-00380,Power adapters - Compact Model,TechBrand X,Manufacturer Direct,Compact Model
PRD-01060,FAM-00380,Power adapters - Compact Model,TechBrand Y,Manufacturer Direct,Compact Model
PRD-01061,FAM-00381,Batteries - Standard Model,TechBrand X,Manufacturer Direct,Standard Model
PRD-01062,FAM-00381,Batteries - Standard Model,TechBrand Y,Manufacturer Direct,Standard Model
PRD-01063,FAM-00381,Batteries - Compact Model,TechBrand X,Manufacturer Direct,Compact Model
PRD-01064,FAM-00381,Batteries - Compact Model,TechBrand Y,Manufacturer Direct,Compact Model
PRD-01065,FAM-00382,Power banks - Standard Model,TechBrand X,Manufacturer Direct,Standard Model
PRD-01066,FAM-00382,Power banks - Standard Model,TechBrand Y,Manufacturer Direct,Standard Model
PRD-01067,FAM-00382,Power banks - Compact Model,TechBrand X,Manufacturer Direct,Compact Model
PRD-01068,FAM-00382,Power banks - Compact Model,TechBrand Y,Manufacturer Direct,Compact Model
PRD-01069,FAM-00383,Memory cards - Standard Model,TechBrand X,Manufacturer Direct,Standard Model
PRD-01070,FAM-00383,Memory cards - Standard Model,TechBrand Y,Manufacturer Direct,Standard Model
PRD-01071,FAM-00383,Memory cards - Compact Model,TechBrand X,Manufacturer Direct,Compact Model
PRD-01072,FAM-00383,Memory cards - Compact Model,TechBrand Y,Manufacturer Direct,Compact Model
PRD-01073,FAM-00384,USB devices - Standard Model,TechBrand X,Manufacturer Direct,Standard Model
PRD-01074,FAM-00384,USB devices - Standard Model,TechBrand Y,Manufacturer Direct,Standard Model
PRD-01075,FAM-00384,USB devices - Compact Model,TechBrand X,Manufacturer Direct,Compact Model
PRD-01076,FAM-00384,USB devices - Compact Model,TechBrand Y,Manufacturer Direct,Compact Model
PRD-01077,FAM-00385,Remote controls - Standard Model,TechBrand X,Manufacturer Direct,Standard Model
PRD-01078,FAM-00385,Remote controls - Standard Model,TechBrand Y,Manufacturer Direct,Standard Model
PRD-01079,FAM-00385,Remote controls - Compact Model,TechBrand X,Manufacturer Direct,Compact Model
PRD-01080,FAM-00385,Remote controls - Compact Model,TechBrand Y,Manufacturer Direct,Compact Model
PRD-01081,FAM-00386,Milk - Standard,Dairy Brand 1,Local Dairy,Standard
PRD-01082,FAM-00386,Milk - Standard,Dairy Brand 2,Local Dairy,Standard
PRD-01083,FAM-00387,Curd - Standard,Brand A,Supplier X,Standard
PRD-01084,FAM-00387,Curd - Standard,Brand B,Supplier X,Standard
PRD-01085,FAM-00388,Yogurt - Standard,Brand A,Supplier X,Standard
PRD-01086,FAM-00388,Yogurt - Standard,Brand B,Supplier X,Standard
PRD-01087,FAM-00389,Greek yogurt - Standard,Brand A,Supplier X,Standard
PRD-01088,FAM-00389,Greek yogurt - Standard,Brand B,Supplier X,Standard
PRD-01089,FAM-00390,Paneer - Standard,Brand A,Supplier X,Standard
PRD-01090,FAM-00390,Paneer - Standard,Brand B,Supplier X,Standard
PRD-01091,FAM-00391,Cheese - Standard,Brand A,Supplier X,Standard
PRD-01092,FAM-00391,Cheese - Standard,Brand B,Supplier X,Standard
PRD-01093,FAM-00392,Cream - Standard,Brand A,Supplier X,Standard
PRD-01094,FAM-00392,Cream - Standard,Brand B,Supplier X,Standard
PRD-01095,FAM-00393,Butter - Standard,Brand A,Supplier X,Standard
PRD-01096,FAM-00393,Butter - Standard,Brand B,Supplier X,Standard
PRD-01097,FAM-00394,Buttermilk - Standard,Brand A,Supplier X,Standard
PRD-01098,FAM-00394,Buttermilk - Standard,Brand B,Supplier X,Standard
PRD-01099,FAM-00395,Flavoured milk - Standard,Brand A,Supplier X,Standard
PRD-01100,FAM-00395,Flavoured milk - Standard,Brand B,Supplier X,Standard
PRD-01101,FAM-00396,Vegan milk alternatives - Standard,Brand A,Supplier X,Standard
PRD-01102,FAM-00396,Vegan milk alternatives - Standard,Brand B,Supplier X,Standard
PRD-01103,FAM-00397,Almond milk - Standard,Brand A,Supplier X,Standard
PRD-01104,FAM-00397,Almond milk - Standard,Brand B,Supplier X,Standard
PRD-01105,FAM-00398,Soy milk - Standard,Brand A,Supplier X,Standard
PRD-01106,FAM-00398,Soy milk - Standard,Brand B,Supplier X,Standard
PRD-01107,FAM-00399,Oat milk - Standard,Brand A,Supplier X,Standard
PRD-01108,FAM-00399,Oat milk - Standard,Brand B,Supplier X,Standard
PRD-01109,FAM-00400,Coconut milk - Standard,Brand A,Supplier X,Standard
PRD-01110,FAM-00400,Coconut milk - Standard,Brand B,Supplier X,Standard
PRD-01111,FAM-00401,Plant-based cheese - Standard,Brand A,Supplier X,Standard
PRD-01112,FAM-00401,Plant-based cheese - Standard,Brand B,Supplier X,Standard
PRD-01113,FAM-00402,Plant-based yogurt - Standard,Brand A,Supplier X,Standard
PRD-01114,FAM-00402,Plant-based yogurt - Standard,Brand B,Supplier X,Standard
PRD-01115,FAM-00403,Dips - Standard,Brand A,Supplier X,Standard
PRD-01116,FAM-00403,Dips - Standard,Brand B,Supplier X,Standard
PRD-01117,FAM-00404,Hummus - Standard,Brand A,Supplier X,Standard
PRD-01118,FAM-00404,Hummus - Standard,Brand B,Supplier X,Standard
PRD-01119,FAM-00405,Fresh pasta - Standard,Brand A,Supplier X,Standard
PRD-01120,FAM-00405,Fresh pasta - Standard,Brand B,Supplier X,Standard
PRD-01121,FAM-00406,Prepared salads - Standard,Brand A,Supplier X,Standard
PRD-01122,FAM-00406,Prepared salads - Standard,Brand B,Supplier X,Standard
PRD-01123,FAM-00407,Sandwiches - Standard,Brand A,Supplier X,Standard
PRD-01124,FAM-00407,Sandwiches - Standard,Brand B,Supplier X,Standard
PRD-01125,FAM-00408,Ready meals - Standard,Brand A,Supplier X,Standard
PRD-01126,FAM-00408,Ready meals - Standard,Brand B,Supplier X,Standard
PRD-01127,FAM-00409,Fresh juices - Standard,Brand A,Supplier X,Standard
PRD-01128,FAM-00409,Fresh juices - Standard,Brand B,Supplier X,Standard
PRD-01129,FAM-00410,Gift cards - Standard Category,Generic Brand 1,Manufacturer Direct,Standard Category
PRD-01130,FAM-00410,Gift cards - Standard Category,Generic Brand 2,Manufacturer Direct,Standard Category
PRD-01131,FAM-00411,Store credit - Standard Category,Generic Brand 1,Manufacturer Direct,Standard Category
PRD-01132,FAM-00411,Store credit - Standard Category,Generic Brand 2,Manufacturer Direct,Standard Category
PRD-01133,FAM-00412,Digital subscriptions - Standard Category,Generic Brand 1,Manufacturer Direct,Standard Category
PRD-01134,FAM-00412,Digital subscriptions - Standard Category,Generic Brand 2,Manufacturer Direct,Standard Category
PRD-01135,FAM-00413,Game cards - Standard Category,Generic Brand 1,Manufacturer Direct,Standard Category
PRD-01136,FAM-00413,Game cards - Standard Category,Generic Brand 2,Manufacturer Direct,Standard Category
PRD-01137,FAM-00414,Streaming vouchers - Standard Category,Generic Brand 1,Manufacturer Direct,Standard Category
PRD-01138,FAM-00414,Streaming vouchers - Standard Category,Generic Brand 2,Manufacturer Direct,Standard Category
PRD-01139,FAM-00415,Software licences - Standard Category,Generic Brand 1,Manufacturer Direct,Standard Category
PRD-01140,FAM-00415,Software licences - Standard Category,Generic Brand 2,Manufacturer Direct,Standard Category
PRD-01141,FAM-00416,E-books - Standard Category,Generic Brand 1,Manufacturer Direct,Standard Category
PRD-01142,FAM-00416,E-books - Standard Category,Generic Brand 2,Manufacturer Direct,Standard Category
PRD-01143,FAM-00417,Digital memberships - Standard Category,Generic Brand 1,Manufacturer Direct,Standard Category
PRD-01144,FAM-00417,Digital memberships - Standard Category,Generic Brand 2,Manufacturer Direct,Standard Category
PRD-01145,FAM-00418,Event tickets - Standard Category,Generic Brand 1,Manufacturer Direct,Standard Category
PRD-01146,FAM-00418,Event tickets - Standard Category,Generic Brand 2,Manufacturer Direct,Standard Category
PRD-01147,FAM-00419,Service vouchers - Standard Category,Generic Brand 1,Manufacturer Direct,Standard Category
PRD-01148,FAM-00419,Service vouchers - Standard Category,Generic Brand 2,Manufacturer Direct,Standard Category
PRD-01149,FAM-00420,Warranty extensions - Standard Category,Generic Brand 1,Manufacturer Direct,Standard Category
PRD-01150,FAM-00420,Warranty extensions - Standard Category,Generic Brand 2,Manufacturer Direct,Standard Category
PRD-01151,FAM-00421,Installation packages - Standard Category,Generic Brand 1,Manufacturer Direct,Standard Category
PRD-01152,FAM-00421,Installation packages - Standard Category,Generic Brand 2,Manufacturer Direct,Standard Category
PRD-01153,FAM-00422,LED bulbs - Standard Category,Generic Brand 1,Manufacturer Direct,Standard Category
PRD-01154,FAM-00422,LED bulbs - Standard Category,Generic Brand 2,Manufacturer Direct,Standard Category
PRD-01155,FAM-00423,Tube lights - Standard Category,Generic Brand 1,Manufacturer Direct,Standard Category
PRD-01156,FAM-00423,Tube lights - Standard Category,Generic Brand 2,Manufacturer Direct,Standard Category
PRD-01157,FAM-00424,Decorative lighting - Standard Category,Generic Brand 1,Manufacturer Direct,Standard Category
PRD-01158,FAM-00424,Decorative lighting - Standard Category,Generic Brand 2,Manufacturer Direct,Standard Category
PRD-01159,FAM-00425,Ceiling lights - Standard Category,Generic Brand 1,Manufacturer Direct,Standard Category
PRD-01160,FAM-00425,Ceiling lights - Standard Category,Generic Brand 2,Manufacturer Direct,Standard Category
PRD-01161,FAM-00426,Lamps - Standard Category,Generic Brand 1,Manufacturer Direct,Standard Category
PRD-01162,FAM-00426,Lamps - Standard Category,Generic Brand 2,Manufacturer Direct,Standard Category
PRD-01163,FAM-00427,Floor lamps - Standard Category,Generic Brand 1,Manufacturer Direct,Standard Category
PRD-01164,FAM-00427,Floor lamps - Standard Category,Generic Brand 2,Manufacturer Direct,Standard Category
PRD-01165,FAM-00428,Outdoor lights - Standard Category,Generic Brand 1,Manufacturer Direct,Standard Category
PRD-01166,FAM-00428,Outdoor lights - Standard Category,Generic Brand 2,Manufacturer Direct,Standard Category
PRD-01167,FAM-00429,Solar lighting - Standard Category,Generic Brand 1,Manufacturer Direct,Standard Category
PRD-01168,FAM-00429,Solar lighting - Standard Category,Generic Brand 2,Manufacturer Direct,Standard Category
PRD-01169,FAM-00430,Switches - Standard Category,Generic Brand 1,Manufacturer Direct,Standard Category
PRD-01170,FAM-00430,Switches - Standard Category,Generic Brand 2,Manufacturer Direct,Standard Category
PRD-01171,FAM-00431,Sockets - Standard Category,Generic Brand 1,Manufacturer Direct,Standard Category
PRD-01172,FAM-00431,Sockets - Standard Category,Generic Brand 2,Manufacturer Direct,Standard Category
PRD-01173,FAM-00432,Extension boards - Standard Category,Generic Brand 1,Manufacturer Direct,Standard Category
PRD-01174,FAM-00432,Extension boards - Standard Category,Generic Brand 2,Manufacturer Direct,Standard Category
PRD-01175,FAM-00433,Cables - Standard Category,Generic Brand 1,Manufacturer Direct,Standard Category
PRD-01176,FAM-00433,Cables - Standard Category,Generic Brand 2,Manufacturer Direct,Standard Category
PRD-01177,FAM-00434,Plugs - Standard Category,Generic Brand 1,Manufacturer Direct,Standard Category
PRD-01178,FAM-00434,Plugs - Standard Category,Generic Brand 2,Manufacturer Direct,Standard Category
PRD-01179,FAM-00435,Adapters - Standard Category,Generic Brand 1,Manufacturer Direct,Standard Category
PRD-01180,FAM-00435,Adapters - Standard Category,Generic Brand 2,Manufacturer Direct,Standard Category
PRD-01181,FAM-00436,Circuit breakers - Standard Category,Generic Brand 1,Manufacturer Direct,Standard Category
PRD-01182,FAM-00436,Circuit breakers - Standard Category,Generic Brand 2,Manufacturer Direct,Standard Category
PRD-01183,FAM-00437,UPS - Standard Category,Generic Brand 1,Manufacturer Direct,Standard Category
PRD-01184,FAM-00437,UPS - Standard Category,Generic Brand 2,Manufacturer Direct,Standard Category
PRD-01185,FAM-00438,Inverters - Standard Category,Generic Brand 1,Manufacturer Direct,Standard Category
PRD-01186,FAM-00438,Inverters - Standard Category,Generic Brand 2,Manufacturer Direct,Standard Category
PRD-01187,FAM-00439,Batteries - Standard Category,Generic Brand 1,Manufacturer Direct,Standard Category
PRD-01188,FAM-00439,Batteries - Standard Category,Generic Brand 2,Manufacturer Direct,Standard Category
PRD-01189,FAM-00440,Solar backup products - Standard Category,Generic Brand 1,Manufacturer Direct,Standard Category
PRD-01190,FAM-00440,Solar backup products - Standard Category,Generic Brand 2,Manufacturer Direct,Standard Category
PRD-01191,FAM-00441,Cinema - Standard Category,Generic Brand 1,Manufacturer Direct,Standard Category
PRD-01192,FAM-00441,Cinema - Standard Category,Generic Brand 2,Manufacturer Direct,Standard Category
PRD-01193,FAM-00442,Gaming zone - Standard Category,Generic Brand 1,Manufacturer Direct,Standard Category
PRD-01194,FAM-00442,Gaming zone - Standard Category,Generic Brand 2,Manufacturer Direct,Standard Category
PRD-01195,FAM-00443,Arcade - Standard Category,Generic Brand 1,Manufacturer Direct,Standard Category
PRD-01196,FAM-00443,Arcade - Standard Category,Generic Brand 2,Manufacturer Direct,Standard Category
PRD-01197,FAM-00444,Bowling - Standard Category,Generic Brand 1,Manufacturer Direct,Standard Category
PRD-01198,FAM-00444,Bowling - Standard Category,Generic Brand 2,Manufacturer Direct,Standard Category
PRD-01199,FAM-00445,Children's play area - Standard Category,Generic Brand 1,Manufacturer Direct,Standard Category
PRD-01200,FAM-00445,Children's play area - Standard Category,Generic Brand 2,Manufacturer Direct,Standard Category
PRD-01201,FAM-00446,Trampoline park - Standard Category,Generic Brand 1,Manufacturer Direct,Standard Category
PRD-01202,FAM-00446,Trampoline park - Standard Category,Generic Brand 2,Manufacturer Direct,Standard Category
PRD-01203,FAM-00447,VR experience - Standard Category,Generic Brand 1,Manufacturer Direct,Standard Category
PRD-01204,FAM-00447,VR experience - Standard Category,Generic Brand 2,Manufacturer Direct,Standard Category
PRD-01205,FAM-00448,Escape room - Standard Category,Generic Brand 1,Manufacturer Direct,Standard Category
PRD-01206,FAM-00448,Escape room - Standard Category,Generic Brand 2,Manufacturer Direct,Standard Category
PRD-01207,FAM-00449,Event venue - Standard Category,Generic Brand 1,Manufacturer Direct,Standard Category
PRD-01208,FAM-00449,Event venue - Standard Category,Generic Brand 2,Manufacturer Direct,Standard Category
PRD-01209,FAM-00450,Workshop space - Standard Category,Generic Brand 1,Manufacturer Direct,Standard Category
PRD-01210,FAM-00450,Workshop space - Standard Category,Generic Brand 2,Manufacturer Direct,Standard Category
PRD-01211,FAM-00451,Cooking classes - Standard Category,Generic Brand 1,Manufacturer Direct,Standard Category
PRD-01212,FAM-00451,Cooking classes - Standard Category,Generic Brand 2,Manufacturer Direct,Standard Category
PRD-01213,FAM-00452,Art workshops - Standard Category,Generic Brand 1,Manufacturer Direct,Standard Category
PRD-01214,FAM-00452,Art workshops - Standard Category,Generic Brand 2,Manufacturer Direct,Standard Category
PRD-01215,FAM-00453,DVDs/Blu-rays where applicable - Standard Category,Generic Brand 1,Manufacturer Direct,Standard Category
PRD-01216,FAM-00453,DVDs/Blu-rays where applicable - Standard Category,Generic Brand 2,Manufacturer Direct,Standard Category
PRD-01217,FAM-00454,Digital media cards - Standard Category,Generic Brand 1,Manufacturer Direct,Standard Category
PRD-01218,FAM-00454,Digital media cards - Standard Category,Generic Brand 2,Manufacturer Direct,Standard Category
PRD-01219,FAM-00455,Music merchandise - Standard Category,Generic Brand 1,Manufacturer Direct,Standard Category
PRD-01220,FAM-00455,Music merchandise - Standard Category,Generic Brand 2,Manufacturer Direct,Standard Category
PRD-01221,FAM-00456,Movies/TV merchandise - Standard Category,Generic Brand 1,Manufacturer Direct,Standard Category
PRD-01222,FAM-00456,Movies/TV merchandise - Standard Category,Generic Brand 2,Manufacturer Direct,Standard Category
PRD-01223,FAM-00457,Posters - Standard Category,Generic Brand 1,Manufacturer Direct,Standard Category
PRD-01224,FAM-00457,Posters - Standard Category,Generic Brand 2,Manufacturer Direct,Standard Category
PRD-01225,FAM-00458,Collectible merchandise - Standard Category,Generic Brand 1,Manufacturer Direct,Standard Category
PRD-01226,FAM-00458,Collectible merchandise - Standard Category,Generic Brand 2,Manufacturer Direct,Standard Category
PRD-01227,FAM-00459,Fan merchandise - Standard Category,Generic Brand 1,Manufacturer Direct,Standard Category
PRD-01228,FAM-00459,Fan merchandise - Standard Category,Generic Brand 2,Manufacturer Direct,Standard Category
PRD-01229,FAM-00460,Belts - Standard Fit,Brand X,Manufacturer Direct,Standard Fit
PRD-01230,FAM-00460,Belts - Standard Fit,Brand Y,Manufacturer Direct,Standard Fit
PRD-01231,FAM-00460,Belts - Premium Style,Brand X,Manufacturer Direct,Premium Style
PRD-01232,FAM-00460,Belts - Premium Style,Brand Y,Manufacturer Direct,Premium Style
PRD-01233,FAM-00461,Wallets - Standard Fit,Brand X,Manufacturer Direct,Standard Fit
PRD-01234,FAM-00461,Wallets - Standard Fit,Brand Y,Manufacturer Direct,Standard Fit
PRD-01235,FAM-00461,Wallets - Premium Style,Brand X,Manufacturer Direct,Premium Style
PRD-01236,FAM-00461,Wallets - Premium Style,Brand Y,Manufacturer Direct,Premium Style
PRD-01237,FAM-00462,Card holders - Standard Fit,Brand X,Manufacturer Direct,Standard Fit
PRD-01238,FAM-00462,Card holders - Standard Fit,Brand Y,Manufacturer Direct,Standard Fit
PRD-01239,FAM-00462,Card holders - Premium Style,Brand X,Manufacturer Direct,Premium Style
PRD-01240,FAM-00462,Card holders - Premium Style,Brand Y,Manufacturer Direct,Premium Style
PRD-01241,FAM-00463,Handbags - Standard Fit,Brand X,Manufacturer Direct,Standard Fit
PRD-01242,FAM-00463,Handbags - Standard Fit,Brand Y,Manufacturer Direct,Standard Fit
PRD-01243,FAM-00463,Handbags - Premium Style,Brand X,Manufacturer Direct,Premium Style
PRD-01244,FAM-00463,Handbags - Premium Style,Brand Y,Manufacturer Direct,Premium Style
PRD-01245,FAM-00464,Purses - Standard Fit,Brand X,Manufacturer Direct,Standard Fit
PRD-01246,FAM-00464,Purses - Standard Fit,Brand Y,Manufacturer Direct,Standard Fit
PRD-01247,FAM-00464,Purses - Premium Style,Brand X,Manufacturer Direct,Premium Style
PRD-01248,FAM-00464,Purses - Premium Style,Brand Y,Manufacturer Direct,Premium Style
PRD-01249,FAM-00465,Clutches - Standard Fit,Brand X,Manufacturer Direct,Standard Fit
PRD-01250,FAM-00465,Clutches - Standard Fit,Brand Y,Manufacturer Direct,Standard Fit
PRD-01251,FAM-00465,Clutches - Premium Style,Brand X,Manufacturer Direct,Premium Style
PRD-01252,FAM-00465,Clutches - Premium Style,Brand Y,Manufacturer Direct,Premium Style
PRD-01253,FAM-00466,Backpacks - Standard Fit,Brand X,Manufacturer Direct,Standard Fit
PRD-01254,FAM-00466,Backpacks - Standard Fit,Brand Y,Manufacturer Direct,Standard Fit
PRD-01255,FAM-00466,Backpacks - Premium Style,Brand X,Manufacturer Direct,Premium Style
PRD-01256,FAM-00466,Backpacks - Premium Style,Brand Y,Manufacturer Direct,Premium Style
PRD-01257,FAM-00467,Scarves - Standard Fit,Brand X,Manufacturer Direct,Standard Fit
PRD-01258,FAM-00467,Scarves - Standard Fit,Brand Y,Manufacturer Direct,Standard Fit
PRD-01259,FAM-00467,Scarves - Premium Style,Brand X,Manufacturer Direct,Premium Style
PRD-01260,FAM-00467,Scarves - Premium Style,Brand Y,Manufacturer Direct,Premium Style
PRD-01261,FAM-00468,Hats - Standard Fit,Brand X,Manufacturer Direct,Standard Fit
PRD-01262,FAM-00468,Hats - Standard Fit,Brand Y,Manufacturer Direct,Standard Fit
PRD-01263,FAM-00468,Hats - Premium Style,Brand X,Manufacturer Direct,Premium Style
PRD-01264,FAM-00468,Hats - Premium Style,Brand Y,Manufacturer Direct,Premium Style
PRD-01265,FAM-00469,Caps - Standard Fit,Brand X,Manufacturer Direct,Standard Fit
PRD-01266,FAM-00469,Caps - Standard Fit,Brand Y,Manufacturer Direct,Standard Fit
PRD-01267,FAM-00469,Caps - Premium Style,Brand X,Manufacturer Direct,Premium Style
PRD-01268,FAM-00469,Caps - Premium Style,Brand Y,Manufacturer Direct,Premium Style
PRD-01269,FAM-00470,Gloves - Standard Fit,Brand X,Manufacturer Direct,Standard Fit
PRD-01270,FAM-00470,Gloves - Standard Fit,Brand Y,Manufacturer Direct,Standard Fit
PRD-01271,FAM-00470,Gloves - Premium Style,Brand X,Manufacturer Direct,Premium Style
PRD-01272,FAM-00470,Gloves - Premium Style,Brand Y,Manufacturer Direct,Premium Style
PRD-01273,FAM-00471,Sunglasses - Standard Fit,Brand X,Manufacturer Direct,Standard Fit
PRD-01274,FAM-00471,Sunglasses - Standard Fit,Brand Y,Manufacturer Direct,Standard Fit
PRD-01275,FAM-00471,Sunglasses - Premium Style,Brand X,Manufacturer Direct,Premium Style
PRD-01276,FAM-00471,Sunglasses - Premium Style,Brand Y,Manufacturer Direct,Premium Style
PRD-01277,FAM-00472,Hair accessories - Standard Fit,Brand X,Manufacturer Direct,Standard Fit
PRD-01278,FAM-00472,Hair accessories - Standard Fit,Brand Y,Manufacturer Direct,Standard Fit
PRD-01279,FAM-00472,Hair accessories - Premium Style,Brand X,Manufacturer Direct,Premium Style
PRD-01280,FAM-00472,Hair accessories - Premium Style,Brand Y,Manufacturer Direct,Premium Style
PRD-01281,FAM-00473,Hair bands - Standard Fit,Brand X,Manufacturer Direct,Standard Fit
PRD-01282,FAM-00473,Hair bands - Standard Fit,Brand Y,Manufacturer Direct,Standard Fit
PRD-01283,FAM-00473,Hair bands - Premium Style,Brand X,Manufacturer Direct,Premium Style
PRD-01284,FAM-00473,Hair bands - Premium Style,Brand Y,Manufacturer Direct,Premium Style
PRD-01285,FAM-00474,Hair clips - Standard Fit,Brand X,Manufacturer Direct,Standard Fit
PRD-01286,FAM-00474,Hair clips - Standard Fit,Brand Y,Manufacturer Direct,Standard Fit
PRD-01287,FAM-00474,Hair clips - Premium Style,Brand X,Manufacturer Direct,Premium Style
PRD-01288,FAM-00474,Hair clips - Premium Style,Brand Y,Manufacturer Direct,Premium Style
PRD-01289,FAM-00475,Brooches - Standard Fit,Brand X,Manufacturer Direct,Standard Fit
PRD-01290,FAM-00475,Brooches - Standard Fit,Brand Y,Manufacturer Direct,Standard Fit
PRD-01291,FAM-00475,Brooches - Premium Style,Brand X,Manufacturer Direct,Premium Style
PRD-01292,FAM-00475,Brooches - Premium Style,Brand Y,Manufacturer Direct,Premium Style
PRD-01293,FAM-00476,Tie - Standard Fit,Brand X,Manufacturer Direct,Standard Fit
PRD-01294,FAM-00476,Tie - Standard Fit,Brand Y,Manufacturer Direct,Standard Fit
PRD-01295,FAM-00476,Tie - Premium Style,Brand X,Manufacturer Direct,Premium Style
PRD-01296,FAM-00476,Tie - Premium Style,Brand Y,Manufacturer Direct,Premium Style
PRD-01297,FAM-00477,Bow tie - Standard Fit,Brand X,Manufacturer Direct,Standard Fit
PRD-01298,FAM-00477,Bow tie - Standard Fit,Brand Y,Manufacturer Direct,Standard Fit
PRD-01299,FAM-00477,Bow tie - Premium Style,Brand X,Manufacturer Direct,Premium Style
PRD-01300,FAM-00477,Bow tie - Premium Style,Brand Y,Manufacturer Direct,Premium Style
PRD-01301,FAM-00478,Cufflinks - Standard Fit,Brand X,Manufacturer Direct,Standard Fit
PRD-01302,FAM-00478,Cufflinks - Standard Fit,Brand Y,Manufacturer Direct,Standard Fit
PRD-01303,FAM-00478,Cufflinks - Premium Style,Brand X,Manufacturer Direct,Premium Style
PRD-01304,FAM-00478,Cufflinks - Premium Style,Brand Y,Manufacturer Direct,Premium Style
PRD-01305,FAM-00479,Pocket squares - Standard Fit,Brand X,Manufacturer Direct,Standard Fit
PRD-01306,FAM-00479,Pocket squares - Standard Fit,Brand Y,Manufacturer Direct,Standard Fit
PRD-01307,FAM-00479,Pocket squares - Premium Style,Brand X,Manufacturer Direct,Premium Style
PRD-01308,FAM-00479,Pocket squares - Premium Style,Brand Y,Manufacturer Direct,Premium Style
PRD-01309,FAM-00480,Decorations - Standard Category,Generic Brand 1,Manufacturer Direct,Standard Category
PRD-01310,FAM-00480,Decorations - Standard Category,Generic Brand 2,Manufacturer Direct,Standard Category
PRD-01311,FAM-00481,Party goods - Standard Category,Generic Brand 1,Manufacturer Direct,Standard Category
PRD-01312,FAM-00481,Party goods - Standard Category,Generic Brand 2,Manufacturer Direct,Standard Category
PRD-01313,FAM-00482,Gift products - Standard Category,Generic Brand 1,Manufacturer Direct,Standard Category
PRD-01314,FAM-00482,Gift products - Standard Category,Generic Brand 2,Manufacturer Direct,Standard Category
PRD-01315,FAM-00483,Chocolates - Standard Category,Generic Brand 1,Manufacturer Direct,Standard Category
PRD-01316,FAM-00483,Chocolates - Standard Category,Generic Brand 2,Manufacturer Direct,Standard Category
PRD-01317,FAM-00484,Flowers - Standard Category,Generic Brand 1,Manufacturer Direct,Standard Category
PRD-01318,FAM-00484,Flowers - Standard Category,Generic Brand 2,Manufacturer Direct,Standard Category
PRD-01319,FAM-00485,Gifts - Standard Category,Generic Brand 1,Manufacturer Direct,Standard Category
PRD-01320,FAM-00485,Gifts - Standard Category,Generic Brand 2,Manufacturer Direct,Standard Category
PRD-01321,FAM-00486,Cards - Standard Category,Generic Brand 1,Manufacturer Direct,Standard Category
PRD-01322,FAM-00486,Cards - Standard Category,Generic Brand 2,Manufacturer Direct,Standard Category
PRD-01323,FAM-00487,Decorative merchandise - Standard Category,Generic Brand 1,Manufacturer Direct,Standard Category
PRD-01324,FAM-00487,Decorative merchandise - Standard Category,Generic Brand 2,Manufacturer Direct,Standard Category
PRD-01325,FAM-00488,Eggs - Standard Category,Generic Brand 1,Manufacturer Direct,Standard Category
PRD-01326,FAM-00488,Eggs - Standard Category,Generic Brand 2,Manufacturer Direct,Standard Category
PRD-01327,FAM-00489,Decorations - Standard Category,Generic Brand 1,Manufacturer Direct,Standard Category
PRD-01328,FAM-00489,Decorations - Standard Category,Generic Brand 2,Manufacturer Direct,Standard Category
PRD-01329,FAM-00490,Gifts - Standard Category,Generic Brand 1,Manufacturer Direct,Standard Category
PRD-01330,FAM-00490,Gifts - Standard Category,Generic Brand 2,Manufacturer Direct,Standard Category
PRD-01331,FAM-00491,Costumes - Standard Category,Generic Brand 1,Manufacturer Direct,Standard Category
PRD-01332,FAM-00491,Costumes - Standard Category,Generic Brand 2,Manufacturer Direct,Standard Category
PRD-01333,FAM-00492,Decorations - Standard Category,Generic Brand 1,Manufacturer Direct,Standard Category
PRD-01334,FAM-00492,Decorations - Standard Category,Generic Brand 2,Manufacturer Direct,Standard Category
PRD-01335,FAM-00493,Masks - Standard Category,Generic Brand 1,Manufacturer Direct,Standard Category
PRD-01336,FAM-00493,Masks - Standard Category,Generic Brand 2,Manufacturer Direct,Standard Category
PRD-01337,FAM-00494,Party products - Standard Category,Generic Brand 1,Manufacturer Direct,Standard Category
PRD-01338,FAM-00494,Party products - Standard Category,Generic Brand 2,Manufacturer Direct,Standard Category
PRD-01339,FAM-00495,Trees - Standard Category,Generic Brand 1,Manufacturer Direct,Standard Category
PRD-01340,FAM-00495,Trees - Standard Category,Generic Brand 2,Manufacturer Direct,Standard Category
PRD-01341,FAM-00496,Ornaments - Standard Category,Generic Brand 1,Manufacturer Direct,Standard Category
PRD-01342,FAM-00496,Ornaments - Standard Category,Generic Brand 2,Manufacturer Direct,Standard Category
PRD-01343,FAM-00497,Lights - Standard Category,Generic Brand 1,Manufacturer Direct,Standard Category
PRD-01344,FAM-00497,Lights - Standard Category,Generic Brand 2,Manufacturer Direct,Standard Category
PRD-01345,FAM-00498,Stockings - Standard Category,Generic Brand 1,Manufacturer Direct,Standard Category
PRD-01346,FAM-00498,Stockings - Standard Category,Generic Brand 2,Manufacturer Direct,Standard Category
PRD-01347,FAM-00499,Gifts - Standard Category,Generic Brand 1,Manufacturer Direct,Standard Category
PRD-01348,FAM-00499,Gifts - Standard Category,Generic Brand 2,Manufacturer Direct,Standard Category
PRD-01349,FAM-00500,Wrapping supplies - Standard Category,Generic Brand 1,Manufacturer Direct,Standard Category
PRD-01350,FAM-00500,Wrapping supplies - Standard Category,Generic Brand 2,Manufacturer Direct,Standard Category
PRD-01351,FAM-00501,Diwali decorations - Standard Category,Generic Brand 1,Manufacturer Direct,Standard Category
PRD-01352,FAM-00501,Diwali decorations - Standard Category,Generic Brand 2,Manufacturer Direct,Standard Category
PRD-01353,FAM-00502,Diyas - Standard Category,Generic Brand 1,Manufacturer Direct,Standard Category
PRD-01354,FAM-00502,Diyas - Standard Category,Generic Brand 2,Manufacturer Direct,Standard Category
PRD-01355,FAM-00503,Rangoli products - Standard Category,Generic Brand 1,Manufacturer Direct,Standard Category
PRD-01356,FAM-00503,Rangoli products - Standard Category,Generic Brand 2,Manufacturer Direct,Standard Category
PRD-01357,FAM-00504,Puja products - Standard Category,Generic Brand 1,Manufacturer Direct,Standard Category
PRD-01358,FAM-00504,Puja products - Standard Category,Generic Brand 2,Manufacturer Direct,Standard Category
PRD-01359,FAM-00505,Rakhi - Standard Category,Generic Brand 1,Manufacturer Direct,Standard Category
PRD-01360,FAM-00505,Rakhi - Standard Category,Generic Brand 2,Manufacturer Direct,Standard Category
PRD-01361,FAM-00506,Holi products - Standard Category,Generic Brand 1,Manufacturer Direct,Standard Category
PRD-01362,FAM-00506,Holi products - Standard Category,Generic Brand 2,Manufacturer Direct,Standard Category
PRD-01363,FAM-00507,Pongal merchandise - Standard Category,Generic Brand 1,Manufacturer Direct,Standard Category
PRD-01364,FAM-00507,Pongal merchandise - Standard Category,Generic Brand 2,Manufacturer Direct,Standard Category
PRD-01365,FAM-00508,Onam merchandise - Standard Category,Generic Brand 1,Manufacturer Direct,Standard Category
PRD-01366,FAM-00508,Onam merchandise - Standard Category,Generic Brand 2,Manufacturer Direct,Standard Category
PRD-01367,FAM-00509,Navratri/Dussehra products - Standard Category,Generic Brand 1,Manufacturer Direct,Standard Category
PRD-01368,FAM-00509,Navratri/Dussehra products - Standard Category,Generic Brand 2,Manufacturer Direct,Standard Category
PRD-01369,FAM-00510,Eid merchandise - Standard Category,Generic Brand 1,Manufacturer Direct,Standard Category
PRD-01370,FAM-00510,Eid merchandise - Standard Category,Generic Brand 2,Manufacturer Direct,Standard Category
PRD-01371,FAM-00511,Rainwear - Standard Category,Generic Brand 1,Manufacturer Direct,Standard Category
PRD-01372,FAM-00511,Rainwear - Standard Category,Generic Brand 2,Manufacturer Direct,Standard Category
PRD-01373,FAM-00512,Umbrellas - Standard Category,Generic Brand 1,Manufacturer Direct,Standard Category
PRD-01374,FAM-00512,Umbrellas - Standard Category,Generic Brand 2,Manufacturer Direct,Standard Category
PRD-01375,FAM-00513,Winterwear - Standard Category,Generic Brand 1,Manufacturer Direct,Standard Category
PRD-01376,FAM-00513,Winterwear - Standard Category,Generic Brand 2,Manufacturer Direct,Standard Category
PRD-01377,FAM-00514,Blankets - Standard Category,Generic Brand 1,Manufacturer Direct,Standard Category
PRD-01378,FAM-00514,Blankets - Standard Category,Generic Brand 2,Manufacturer Direct,Standard Category
PRD-01379,FAM-00515,Summer products - Standard Category,Generic Brand 1,Manufacturer Direct,Standard Category
PRD-01380,FAM-00515,Summer products - Standard Category,Generic Brand 2,Manufacturer Direct,Standard Category
PRD-01381,FAM-00516,Cooling products - Standard Category,Generic Brand 1,Manufacturer Direct,Standard Category
PRD-01382,FAM-00516,Cooling products - Standard Category,Generic Brand 2,Manufacturer Direct,Standard Category
PRD-01383,FAM-00517,Cut flowers - Standard Category,Generic Brand 1,Manufacturer Direct,Standard Category
PRD-01384,FAM-00517,Cut flowers - Standard Category,Generic Brand 2,Manufacturer Direct,Standard Category
PRD-01385,FAM-00518,Bouquets - Standard Category,Generic Brand 1,Manufacturer Direct,Standard Category
PRD-01386,FAM-00518,Bouquets - Standard Category,Generic Brand 2,Manufacturer Direct,Standard Category
PRD-01387,FAM-00519,Flower baskets - Standard Category,Generic Brand 1,Manufacturer Direct,Standard Category
PRD-01388,FAM-00519,Flower baskets - Standard Category,Generic Brand 2,Manufacturer Direct,Standard Category
PRD-01389,FAM-00520,Indoor plants - Standard Category,Generic Brand 1,Manufacturer Direct,Standard Category
PRD-01390,FAM-00520,Indoor plants - Standard Category,Generic Brand 2,Manufacturer Direct,Standard Category
PRD-01391,FAM-00521,Floral arrangements - Standard Category,Generic Brand 1,Manufacturer Direct,Standard Category
PRD-01392,FAM-00521,Floral arrangements - Standard Category,Generic Brand 2,Manufacturer Direct,Standard Category
PRD-01393,FAM-00522,Artificial flowers - Standard Category,Generic Brand 1,Manufacturer Direct,Standard Category
PRD-01394,FAM-00522,Artificial flowers - Standard Category,Generic Brand 2,Manufacturer Direct,Standard Category
PRD-01395,FAM-00523,Wedding flowers - Standard Category,Generic Brand 1,Manufacturer Direct,Standard Category
PRD-01396,FAM-00523,Wedding flowers - Standard Category,Generic Brand 2,Manufacturer Direct,Standard Category
PRD-01397,FAM-00524,Funeral flowers - Standard Category,Generic Brand 1,Manufacturer Direct,Standard Category
PRD-01398,FAM-00524,Funeral flowers - Standard Category,Generic Brand 2,Manufacturer Direct,Standard Category
PRD-01399,FAM-00525,Gift plants - Standard Category,Generic Brand 1,Manufacturer Direct,Standard Category
PRD-01400,FAM-00525,Gift plants - Standard Category,Generic Brand 2,Manufacturer Direct,Standard Category
PRD-01401,FAM-00526,Decorative planters - Standard Category,Generic Brand 1,Manufacturer Direct,Standard Category
PRD-01402,FAM-00526,Decorative planters - Standard Category,Generic Brand 2,Manufacturer Direct,Standard Category
PRD-01403,FAM-00527,Supermarket - Standard Category,Generic Brand 1,Manufacturer Direct,Standard Category
PRD-01404,FAM-00527,Supermarket - Standard Category,Generic Brand 2,Manufacturer Direct,Standard Category
PRD-01405,FAM-00528,Bakery - Standard Category,Generic Brand 1,Manufacturer Direct,Standard Category
PRD-01406,FAM-00528,Bakery - Standard Category,Generic Brand 2,Manufacturer Direct,Standard Category
PRD-01407,FAM-00529,Café - Standard Category,Generic Brand 1,Manufacturer Direct,Standard Category
PRD-01408,FAM-00529,Café - Standard Category,Generic Brand 2,Manufacturer Direct,Standard Category
PRD-01409,FAM-00530,Coffee shop - Standard Category,Generic Brand 1,Manufacturer Direct,Standard Category
PRD-01410,FAM-00530,Coffee shop - Standard Category,Generic Brand 2,Manufacturer Direct,Standard Category
PRD-01411,FAM-00531,Juice bar - Standard Category,Generic Brand 1,Manufacturer Direct,Standard Category
PRD-01412,FAM-00531,Juice bar - Standard Category,Generic Brand 2,Manufacturer Direct,Standard Category
PRD-01413,FAM-00532,Restaurant - Standard Category,Generic Brand 1,Manufacturer Direct,Standard Category
PRD-01414,FAM-00532,Restaurant - Standard Category,Generic Brand 2,Manufacturer Direct,Standard Category
PRD-01415,FAM-00533,Fast food - Standard Category,Generic Brand 1,Manufacturer Direct,Standard Category
PRD-01416,FAM-00533,Fast food - Standard Category,Generic Brand 2,Manufacturer Direct,Standard Category
PRD-01417,FAM-00534,Fine dining - Standard Category,Generic Brand 1,Manufacturer Direct,Standard Category
PRD-01418,FAM-00534,Fine dining - Standard Category,Generic Brand 2,Manufacturer Direct,Standard Category
PRD-01419,FAM-00535,Food court - Standard Category,Generic Brand 1,Manufacturer Direct,Standard Category
PRD-01420,FAM-00535,Food court - Standard Category,Generic Brand 2,Manufacturer Direct,Standard Category
PRD-01421,FAM-00536,Dessert shop - Standard Category,Generic Brand 1,Manufacturer Direct,Standard Category
PRD-01422,FAM-00536,Dessert shop - Standard Category,Generic Brand 2,Manufacturer Direct,Standard Category
PRD-01423,FAM-00537,Ice cream counter - Standard Category,Generic Brand 1,Manufacturer Direct,Standard Category
PRD-01424,FAM-00537,Ice cream counter - Standard Category,Generic Brand 2,Manufacturer Direct,Standard Category
PRD-01425,FAM-00538,Specialty cuisine outlets - Standard Category,Generic Brand 1,Manufacturer Direct,Standard Category
PRD-01426,FAM-00538,Specialty cuisine outlets - Standard Category,Generic Brand 2,Manufacturer Direct,Standard Category
PRD-01427,FAM-00539,Takeaway counter - Standard Category,Generic Brand 1,Manufacturer Direct,Standard Category
PRD-01428,FAM-00539,Takeaway counter - Standard Category,Generic Brand 2,Manufacturer Direct,Standard Category
PRD-01429,FAM-00540,Catering - Standard Category,Generic Brand 1,Manufacturer Direct,Standard Category
PRD-01430,FAM-00540,Catering - Standard Category,Generic Brand 2,Manufacturer Direct,Standard Category
PRD-01431,FAM-00541,Formal shoes - Standard Fit,Brand X,Manufacturer Direct,Standard Fit
PRD-01432,FAM-00541,Formal shoes - Standard Fit,Brand Y,Manufacturer Direct,Standard Fit
PRD-01433,FAM-00541,Formal shoes - Premium Style,Brand X,Manufacturer Direct,Premium Style
PRD-01434,FAM-00541,Formal shoes - Premium Style,Brand Y,Manufacturer Direct,Premium Style
PRD-01435,FAM-00542,Casual shoes - Standard Fit,Brand X,Manufacturer Direct,Standard Fit
PRD-01436,FAM-00542,Casual shoes - Standard Fit,Brand Y,Manufacturer Direct,Standard Fit
PRD-01437,FAM-00542,Casual shoes - Premium Style,Brand X,Manufacturer Direct,Premium Style
PRD-01438,FAM-00542,Casual shoes - Premium Style,Brand Y,Manufacturer Direct,Premium Style
PRD-01439,FAM-00543,Sneakers - Standard Fit,Brand X,Manufacturer Direct,Standard Fit
PRD-01440,FAM-00543,Sneakers - Standard Fit,Brand Y,Manufacturer Direct,Standard Fit
PRD-01441,FAM-00543,Sneakers - Premium Style,Brand X,Manufacturer Direct,Premium Style
PRD-01442,FAM-00543,Sneakers - Premium Style,Brand Y,Manufacturer Direct,Premium Style
PRD-01443,FAM-00544,Boots - Standard Fit,Brand X,Manufacturer Direct,Standard Fit
PRD-01444,FAM-00544,Boots - Standard Fit,Brand Y,Manufacturer Direct,Standard Fit
PRD-01445,FAM-00544,Boots - Premium Style,Brand X,Manufacturer Direct,Premium Style
PRD-01446,FAM-00544,Boots - Premium Style,Brand Y,Manufacturer Direct,Premium Style
PRD-01447,FAM-00545,Sandals - Standard Fit,Brand X,Manufacturer Direct,Standard Fit
PRD-01448,FAM-00545,Sandals - Standard Fit,Brand Y,Manufacturer Direct,Standard Fit
PRD-01449,FAM-00545,Sandals - Premium Style,Brand X,Manufacturer Direct,Premium Style
PRD-01450,FAM-00545,Sandals - Premium Style,Brand Y,Manufacturer Direct,Premium Style
PRD-01451,FAM-00546,Slippers - Standard Fit,Brand X,Manufacturer Direct,Standard Fit
PRD-01452,FAM-00546,Slippers - Standard Fit,Brand Y,Manufacturer Direct,Standard Fit
PRD-01453,FAM-00546,Slippers - Premium Style,Brand X,Manufacturer Direct,Premium Style
PRD-01454,FAM-00546,Slippers - Premium Style,Brand Y,Manufacturer Direct,Premium Style
PRD-01455,FAM-00547,Loafers - Standard Fit,Brand X,Manufacturer Direct,Standard Fit
PRD-01456,FAM-00547,Loafers - Standard Fit,Brand Y,Manufacturer Direct,Standard Fit
PRD-01457,FAM-00547,Loafers - Premium Style,Brand X,Manufacturer Direct,Premium Style
PRD-01458,FAM-00547,Loafers - Premium Style,Brand Y,Manufacturer Direct,Premium Style
PRD-01459,FAM-00548,Sports shoes - Standard Fit,Brand X,Manufacturer Direct,Standard Fit
PRD-01460,FAM-00548,Sports shoes - Standard Fit,Brand Y,Manufacturer Direct,Standard Fit
PRD-01461,FAM-00548,Sports shoes - Premium Style,Brand X,Manufacturer Direct,Premium Style
PRD-01462,FAM-00548,Sports shoes - Premium Style,Brand Y,Manufacturer Direct,Premium Style
PRD-01463,FAM-00549,Heels - Standard Fit,Brand X,Manufacturer Direct,Standard Fit
PRD-01464,FAM-00549,Heels - Standard Fit,Brand Y,Manufacturer Direct,Standard Fit
PRD-01465,FAM-00549,Heels - Premium Style,Brand X,Manufacturer Direct,Premium Style
PRD-01466,FAM-00549,Heels - Premium Style,Brand Y,Manufacturer Direct,Premium Style
PRD-01467,FAM-00550,Flats - Standard Fit,Brand X,Manufacturer Direct,Standard Fit
PRD-01468,FAM-00550,Flats - Standard Fit,Brand Y,Manufacturer Direct,Standard Fit
PRD-01469,FAM-00550,Flats - Premium Style,Brand X,Manufacturer Direct,Premium Style
PRD-01470,FAM-00550,Flats - Premium Style,Brand Y,Manufacturer Direct,Premium Style
PRD-01471,FAM-00551,Sandals - Standard Fit,Brand X,Manufacturer Direct,Standard Fit
PRD-01472,FAM-00551,Sandals - Standard Fit,Brand Y,Manufacturer Direct,Standard Fit
PRD-01473,FAM-00551,Sandals - Premium Style,Brand X,Manufacturer Direct,Premium Style
PRD-01474,FAM-00551,Sandals - Premium Style,Brand Y,Manufacturer Direct,Premium Style
PRD-01475,FAM-00552,Wedges - Standard Fit,Brand X,Manufacturer Direct,Standard Fit
PRD-01476,FAM-00552,Wedges - Standard Fit,Brand Y,Manufacturer Direct,Standard Fit
PRD-01477,FAM-00552,Wedges - Premium Style,Brand X,Manufacturer Direct,Premium Style
PRD-01478,FAM-00552,Wedges - Premium Style,Brand Y,Manufacturer Direct,Premium Style
PRD-01479,FAM-00553,Sneakers - Standard Fit,Brand X,Manufacturer Direct,Standard Fit
PRD-01480,FAM-00553,Sneakers - Standard Fit,Brand Y,Manufacturer Direct,Standard Fit
PRD-01481,FAM-00553,Sneakers - Premium Style,Brand X,Manufacturer Direct,Premium Style
PRD-01482,FAM-00553,Sneakers - Premium Style,Brand Y,Manufacturer Direct,Premium Style
PRD-01483,FAM-00554,Boots - Standard Fit,Brand X,Manufacturer Direct,Standard Fit
PRD-01484,FAM-00554,Boots - Standard Fit,Brand Y,Manufacturer Direct,Standard Fit
PRD-01485,FAM-00554,Boots - Premium Style,Brand X,Manufacturer Direct,Premium Style
PRD-01486,FAM-00554,Boots - Premium Style,Brand Y,Manufacturer Direct,Premium Style
PRD-01487,FAM-00555,Slippers - Standard Fit,Brand X,Manufacturer Direct,Standard Fit
PRD-01488,FAM-00555,Slippers - Standard Fit,Brand Y,Manufacturer Direct,Standard Fit
PRD-01489,FAM-00555,Slippers - Premium Style,Brand X,Manufacturer Direct,Premium Style
PRD-01490,FAM-00555,Slippers - Premium Style,Brand Y,Manufacturer Direct,Premium Style
PRD-01491,FAM-00556,School shoes - Standard Fit,Brand X,Manufacturer Direct,Standard Fit
PRD-01492,FAM-00556,School shoes - Standard Fit,Brand Y,Manufacturer Direct,Standard Fit
PRD-01493,FAM-00556,School shoes - Premium Style,Brand X,Manufacturer Direct,Premium Style
PRD-01494,FAM-00556,School shoes - Premium Style,Brand Y,Manufacturer Direct,Premium Style
PRD-01495,FAM-00557,Sneakers - Standard Fit,Brand X,Manufacturer Direct,Standard Fit
PRD-01496,FAM-00557,Sneakers - Standard Fit,Brand Y,Manufacturer Direct,Standard Fit
PRD-01497,FAM-00557,Sneakers - Premium Style,Brand X,Manufacturer Direct,Premium Style
PRD-01498,FAM-00557,Sneakers - Premium Style,Brand Y,Manufacturer Direct,Premium Style
PRD-01499,FAM-00558,Sandals - Standard Fit,Brand X,Manufacturer Direct,Standard Fit
PRD-01500,FAM-00558,Sandals - Standard Fit,Brand Y,Manufacturer Direct,Standard Fit
PRD-01501,FAM-00558,Sandals - Premium Style,Brand X,Manufacturer Direct,Premium Style
PRD-01502,FAM-00558,Sandals - Premium Style,Brand Y,Manufacturer Direct,Premium Style
PRD-01503,FAM-00559,Boots - Standard Fit,Brand X,Manufacturer Direct,Standard Fit
PRD-01504,FAM-00559,Boots - Standard Fit,Brand Y,Manufacturer Direct,Standard Fit
PRD-01505,FAM-00559,Boots - Premium Style,Brand X,Manufacturer Direct,Premium Style
PRD-01506,FAM-00559,Boots - Premium Style,Brand Y,Manufacturer Direct,Premium Style
PRD-01507,FAM-00560,Casual shoes - Standard Fit,Brand X,Manufacturer Direct,Standard Fit
PRD-01508,FAM-00560,Casual shoes - Standard Fit,Brand Y,Manufacturer Direct,Standard Fit
PRD-01509,FAM-00560,Casual shoes - Premium Style,Brand X,Manufacturer Direct,Premium Style
PRD-01510,FAM-00560,Casual shoes - Premium Style,Brand Y,Manufacturer Direct,Premium Style
PRD-01511,FAM-00561,Running shoes - Standard Fit,Brand X,Manufacturer Direct,Standard Fit
PRD-01512,FAM-00561,Running shoes - Standard Fit,Brand Y,Manufacturer Direct,Standard Fit
PRD-01513,FAM-00561,Running shoes - Premium Style,Brand X,Manufacturer Direct,Premium Style
PRD-01514,FAM-00561,Running shoes - Premium Style,Brand Y,Manufacturer Direct,Premium Style
PRD-01515,FAM-00562,Hiking shoes - Standard Fit,Brand X,Manufacturer Direct,Standard Fit
PRD-01516,FAM-00562,Hiking shoes - Standard Fit,Brand Y,Manufacturer Direct,Standard Fit
PRD-01517,FAM-00562,Hiking shoes - Premium Style,Brand X,Manufacturer Direct,Premium Style
PRD-01518,FAM-00562,Hiking shoes - Premium Style,Brand Y,Manufacturer Direct,Premium Style
PRD-01519,FAM-00563,Safety footwear - Standard Fit,Brand X,Manufacturer Direct,Standard Fit
PRD-01520,FAM-00563,Safety footwear - Standard Fit,Brand Y,Manufacturer Direct,Standard Fit
PRD-01521,FAM-00563,Safety footwear - Premium Style,Brand X,Manufacturer Direct,Premium Style
PRD-01522,FAM-00563,Safety footwear - Premium Style,Brand Y,Manufacturer Direct,Premium Style
PRD-01523,FAM-00564,Work boots - Standard Fit,Brand X,Manufacturer Direct,Standard Fit
PRD-01524,FAM-00564,Work boots - Standard Fit,Brand Y,Manufacturer Direct,Standard Fit
PRD-01525,FAM-00564,Work boots - Premium Style,Brand X,Manufacturer Direct,Premium Style
PRD-01526,FAM-00564,Work boots - Premium Style,Brand Y,Manufacturer Direct,Premium Style
PRD-01527,FAM-00565,Rain footwear - Standard Fit,Brand X,Manufacturer Direct,Standard Fit
PRD-01528,FAM-00565,Rain footwear - Standard Fit,Brand Y,Manufacturer Direct,Standard Fit
PRD-01529,FAM-00565,Rain footwear - Premium Style,Brand X,Manufacturer Direct,Premium Style
PRD-01530,FAM-00565,Rain footwear - Premium Style,Brand Y,Manufacturer Direct,Premium Style
PRD-01531,FAM-00566,Insoles - Standard Fit,Brand X,Manufacturer Direct,Standard Fit
PRD-01532,FAM-00566,Insoles - Standard Fit,Brand Y,Manufacturer Direct,Standard Fit
PRD-01533,FAM-00566,Insoles - Premium Style,Brand X,Manufacturer Direct,Premium Style
PRD-01534,FAM-00566,Insoles - Premium Style,Brand Y,Manufacturer Direct,Premium Style
PRD-01535,FAM-00567,Laces - Standard Fit,Brand X,Manufacturer Direct,Standard Fit
PRD-01536,FAM-00567,Laces - Standard Fit,Brand Y,Manufacturer Direct,Standard Fit
PRD-01537,FAM-00567,Laces - Premium Style,Brand X,Manufacturer Direct,Premium Style
PRD-01538,FAM-00567,Laces - Premium Style,Brand Y,Manufacturer Direct,Premium Style
PRD-01539,FAM-00568,Shoe polish - Standard Fit,Brand X,Manufacturer Direct,Standard Fit
PRD-01540,FAM-00568,Shoe polish - Standard Fit,Brand Y,Manufacturer Direct,Standard Fit
PRD-01541,FAM-00568,Shoe polish - Premium Style,Brand X,Manufacturer Direct,Premium Style
PRD-01542,FAM-00568,Shoe polish - Premium Style,Brand Y,Manufacturer Direct,Premium Style
PRD-01543,FAM-00569,Shoe trees - Standard Fit,Brand X,Manufacturer Direct,Standard Fit
PRD-01544,FAM-00569,Shoe trees - Standard Fit,Brand Y,Manufacturer Direct,Standard Fit
PRD-01545,FAM-00569,Shoe trees - Premium Style,Brand X,Manufacturer Direct,Premium Style
PRD-01546,FAM-00569,Shoe trees - Premium Style,Brand Y,Manufacturer Direct,Premium Style
PRD-01547,FAM-00570,Cleaning kits - Standard Fit,Brand X,Manufacturer Direct,Standard Fit
PRD-01548,FAM-00570,Cleaning kits - Standard Fit,Brand Y,Manufacturer Direct,Standard Fit
PRD-01549,FAM-00570,Cleaning kits - Premium Style,Brand X,Manufacturer Direct,Premium Style
PRD-01550,FAM-00570,Cleaning kits - Premium Style,Brand Y,Manufacturer Direct,Premium Style
PRD-01551,FAM-00571,Apples - Standard,Farm Fresh,Local Supplier,Standard
PRD-01552,FAM-00571,Apples - Standard,Orchard Select,Local Supplier,Standard
PRD-01553,FAM-00572,Bananas - Standard,Brand A,Supplier X,Standard
PRD-01554,FAM-00572,Bananas - Standard,Brand B,Supplier X,Standard
PRD-01555,FAM-00573,Oranges - Standard,Brand A,Supplier X,Standard
PRD-01556,FAM-00573,Oranges - Standard,Brand B,Supplier X,Standard
PRD-01557,FAM-00574,Grapes - Standard,Brand A,Supplier X,Standard
PRD-01558,FAM-00574,Grapes - Standard,Brand B,Supplier X,Standard
PRD-01559,FAM-00575,Mangoes - Standard,Farm X,Supplier A,Standard
PRD-01560,FAM-00575,Mangoes - Standard,Tropical Orchards,Supplier A,Standard
PRD-01561,FAM-00576,Papaya - Standard,Brand A,Supplier X,Standard
PRD-01562,FAM-00576,Papaya - Standard,Brand B,Supplier X,Standard
PRD-01563,FAM-00577,Watermelon - Standard,Brand A,Supplier X,Standard
PRD-01564,FAM-00577,Watermelon - Standard,Brand B,Supplier X,Standard
PRD-01565,FAM-00578,Pineapple - Standard,Brand A,Supplier X,Standard
PRD-01566,FAM-00578,Pineapple - Standard,Brand B,Supplier X,Standard
PRD-01567,FAM-00579,Guava - Standard,Brand A,Supplier X,Standard
PRD-01568,FAM-00579,Guava - Standard,Brand B,Supplier X,Standard
PRD-01569,FAM-00580,Pomegranate - Standard,Brand A,Supplier X,Standard
PRD-01570,FAM-00580,Pomegranate - Standard,Brand B,Supplier X,Standard
PRD-01571,FAM-00581,Kiwi - Standard,Brand A,Supplier X,Standard
PRD-01572,FAM-00581,Kiwi - Standard,Brand B,Supplier X,Standard
PRD-01573,FAM-00582,Dragon fruit - Standard,Brand A,Supplier X,Standard
PRD-01574,FAM-00582,Dragon fruit - Standard,Brand B,Supplier X,Standard
PRD-01575,FAM-00583,Berries - Standard,Brand A,Supplier X,Standard
PRD-01576,FAM-00583,Berries - Standard,Brand B,Supplier X,Standard
PRD-01577,FAM-00584,Stone fruits - Standard,Brand A,Supplier X,Standard
PRD-01578,FAM-00584,Stone fruits - Standard,Brand B,Supplier X,Standard
PRD-01579,FAM-00585,Citrus fruits - Standard,Brand A,Supplier X,Standard
PRD-01580,FAM-00585,Citrus fruits - Standard,Brand B,Supplier X,Standard
PRD-01581,FAM-00586,Imported fruits - Standard,Brand A,Supplier X,Standard
PRD-01582,FAM-00586,Imported fruits - Standard,Brand B,Supplier X,Standard
PRD-01583,FAM-00587,Exotic fruits - Standard,Brand A,Supplier X,Standard
PRD-01584,FAM-00587,Exotic fruits - Standard,Brand B,Supplier X,Standard
PRD-01585,FAM-00588,Potato - Standard,Brand A,Supplier X,Standard
PRD-01586,FAM-00588,Potato - Standard,Brand B,Supplier X,Standard
PRD-01587,FAM-00589,Tomato - Standard,Brand A,Supplier X,Standard
PRD-01588,FAM-00589,Tomato - Standard,Brand B,Supplier X,Standard
PRD-01589,FAM-00590,Onion - Standard,Brand A,Supplier X,Standard
PRD-01590,FAM-00590,Onion - Standard,Brand B,Supplier X,Standard
PRD-01591,FAM-00591,Carrot - Standard,Brand A,Supplier X,Standard
PRD-01592,FAM-00591,Carrot - Standard,Brand B,Supplier X,Standard
PRD-01593,FAM-00592,Beans - Standard,Brand A,Supplier X,Standard
PRD-01594,FAM-00592,Beans - Standard,Brand B,Supplier X,Standard
PRD-01595,FAM-00593,Brinjal - Standard,Brand A,Supplier X,Standard
PRD-01596,FAM-00593,Brinjal - Standard,Brand B,Supplier X,Standard
PRD-01597,FAM-00594,Cabbage - Standard,Brand A,Supplier X,Standard
PRD-01598,FAM-00594,Cabbage - Standard,Brand B,Supplier X,Standard
PRD-01599,FAM-00595,Cauliflower - Standard,Brand A,Supplier X,Standard
PRD-01600,FAM-00595,Cauliflower - Standard,Brand B,Supplier X,Standard
PRD-01601,FAM-00596,Broccoli - Standard,Brand A,Supplier X,Standard
PRD-01602,FAM-00596,Broccoli - Standard,Brand B,Supplier X,Standard
PRD-01603,FAM-00597,Spinach - Standard,Brand A,Supplier X,Standard
PRD-01604,FAM-00597,Spinach - Standard,Brand B,Supplier X,Standard
PRD-01605,FAM-00598,Lettuce - Standard,Brand A,Supplier X,Standard
PRD-01606,FAM-00598,Lettuce - Standard,Brand B,Supplier X,Standard
PRD-01607,FAM-00599,Capsicum - Standard,Brand A,Supplier X,Standard
PRD-01608,FAM-00599,Capsicum - Standard,Brand B,Supplier X,Standard
PRD-01609,FAM-00600,Pumpkin - Standard,Brand A,Supplier X,Standard
PRD-01610,FAM-00600,Pumpkin - Standard,Brand B,Supplier X,Standard
PRD-01611,FAM-00601,Cucumber - Standard,Brand A,Supplier X,Standard
PRD-01612,FAM-00601,Cucumber - Standard,Brand B,Supplier X,Standard
PRD-01613,FAM-00602,Beetroot - Standard,Brand A,Supplier X,Standard
PRD-01614,FAM-00602,Beetroot - Standard,Brand B,Supplier X,Standard
PRD-01615,FAM-00603,Radish - Standard,Brand A,Supplier X,Standard
PRD-01616,FAM-00603,Radish - Standard,Brand B,Supplier X,Standard
PRD-01617,FAM-00604,Sweet potato - Standard,Brand A,Supplier X,Standard
PRD-01618,FAM-00604,Sweet potato - Standard,Brand B,Supplier X,Standard
PRD-01619,FAM-00605,Mushrooms - Standard,Brand A,Supplier X,Standard
PRD-01620,FAM-00605,Mushrooms - Standard,Brand B,Supplier X,Standard
PRD-01621,FAM-00606,Spinach - Standard,Brand A,Supplier X,Standard
PRD-01622,FAM-00606,Spinach - Standard,Brand B,Supplier X,Standard
PRD-01623,FAM-00607,Coriander - Standard,Brand A,Supplier X,Standard
PRD-01624,FAM-00607,Coriander - Standard,Brand B,Supplier X,Standard
PRD-01625,FAM-00608,Mint - Standard,Brand A,Supplier X,Standard
PRD-01626,FAM-00608,Mint - Standard,Brand B,Supplier X,Standard
PRD-01627,FAM-00609,Curry leaves - Standard,Brand A,Supplier X,Standard
PRD-01628,FAM-00609,Curry leaves - Standard,Brand B,Supplier X,Standard
PRD-01629,FAM-00610,Moringa - Standard,Brand A,Supplier X,Standard
PRD-01630,FAM-00610,Moringa - Standard,Brand B,Supplier X,Standard
PRD-01631,FAM-00611,Lettuce varieties - Standard,Brand A,Supplier X,Standard
PRD-01632,FAM-00611,Lettuce varieties - Standard,Brand B,Supplier X,Standard
PRD-01633,FAM-00612,Salad greens - Standard,Brand A,Supplier X,Standard
PRD-01634,FAM-00612,Salad greens - Standard,Brand B,Supplier X,Standard
PRD-01635,FAM-00613,Basil - Standard,Brand A,Supplier X,Standard
PRD-01636,FAM-00613,Basil - Standard,Brand B,Supplier X,Standard
PRD-01637,FAM-00614,Rosemary - Standard,Brand A,Supplier X,Standard
PRD-01638,FAM-00614,Rosemary - Standard,Brand B,Supplier X,Standard
PRD-01639,FAM-00615,Thyme - Standard,Brand A,Supplier X,Standard
PRD-01640,FAM-00615,Thyme - Standard,Brand B,Supplier X,Standard
PRD-01641,FAM-00616,Parsley - Standard,Brand A,Supplier X,Standard
PRD-01642,FAM-00616,Parsley - Standard,Brand B,Supplier X,Standard
PRD-01643,FAM-00617,Dill - Standard,Brand A,Supplier X,Standard
PRD-01644,FAM-00617,Dill - Standard,Brand B,Supplier X,Standard
PRD-01645,FAM-00618,Lemongrass - Standard,Brand A,Supplier X,Standard
PRD-01646,FAM-00618,Lemongrass - Standard,Brand B,Supplier X,Standard
PRD-01647,FAM-00619,Organic fruits - Standard,Brand A,Supplier X,Standard
PRD-01648,FAM-00619,Organic fruits - Standard,Brand B,Supplier X,Standard
PRD-01649,FAM-00620,Organic vegetables - Standard,Brand A,Supplier X,Standard
PRD-01650,FAM-00620,Organic vegetables - Standard,Brand B,Supplier X,Standard
PRD-01651,FAM-00621,Hydroponic produce - Standard,Brand A,Supplier X,Standard
PRD-01652,FAM-00621,Hydroponic produce - Standard,Brand B,Supplier X,Standard
PRD-01653,FAM-00622,Farm-direct produce - Standard,Brand A,Supplier X,Standard
PRD-01654,FAM-00622,Farm-direct produce - Standard,Brand B,Supplier X,Standard
PRD-01655,FAM-00623,Specialty/exotic produce - Standard,Brand A,Supplier X,Standard
PRD-01656,FAM-00623,Specialty/exotic produce - Standard,Brand B,Supplier X,Standard
PRD-01657,FAM-00624,Frozen vegetables - Standard,Frozen Brand A,Supplier X,Standard
PRD-01658,FAM-00624,Frozen vegetables - Standard,Frozen Brand B,Supplier X,Standard
PRD-01659,FAM-00625,Frozen fruits - Standard,Brand A,Supplier X,Standard
PRD-01660,FAM-00625,Frozen fruits - Standard,Brand B,Supplier X,Standard
PRD-01661,FAM-00626,Frozen meat - Standard,Brand A,Supplier X,Standard
PRD-01662,FAM-00626,Frozen meat - Standard,Brand B,Supplier X,Standard
PRD-01663,FAM-00627,Frozen seafood - Standard,Brand A,Supplier X,Standard
PRD-01664,FAM-00627,Frozen seafood - Standard,Brand B,Supplier X,Standard
PRD-01665,FAM-00628,Ice cream - Standard,Brand A,Supplier X,Standard
PRD-01666,FAM-00628,Ice cream - Standard,Brand B,Supplier X,Standard
PRD-01667,FAM-00629,Frozen desserts - Standard,Brand A,Supplier X,Standard
PRD-01668,FAM-00629,Frozen desserts - Standard,Brand B,Supplier X,Standard
PRD-01669,FAM-00630,Frozen pizza - Standard,Brand A,Supplier X,Standard
PRD-01670,FAM-00630,Frozen pizza - Standard,Brand B,Supplier X,Standard
PRD-01671,FAM-00631,Frozen snacks - Standard,Brand A,Supplier X,Standard
PRD-01672,FAM-00631,Frozen snacks - Standard,Brand B,Supplier X,Standard
PRD-01673,FAM-00632,Frozen parathas - Standard,Brand A,Supplier X,Standard
PRD-01674,FAM-00632,Frozen parathas - Standard,Brand B,Supplier X,Standard
PRD-01675,FAM-00633,Frozen meals - Standard,Brand A,Supplier X,Standard
PRD-01676,FAM-00633,Frozen meals - Standard,Brand B,Supplier X,Standard
PRD-01677,FAM-00634,Ready-to-cook meals - Standard,Brand A,Supplier X,Standard
PRD-01678,FAM-00634,Ready-to-cook meals - Standard,Brand B,Supplier X,Standard
PRD-01679,FAM-00635,Instant meals - Standard,Brand A,Supplier X,Standard
PRD-01680,FAM-00635,Instant meals - Standard,Brand B,Supplier X,Standard
PRD-01681,FAM-00636,Instant noodles - Standard,Brand A,Supplier X,Standard
PRD-01682,FAM-00636,Instant noodles - Standard,Brand B,Supplier X,Standard
PRD-01683,FAM-00637,Soup - Standard,Brand A,Supplier X,Standard
PRD-01684,FAM-00637,Soup - Standard,Brand B,Supplier X,Standard
PRD-01685,FAM-00638,Pasta - Standard,Brand A,Supplier X,Standard
PRD-01686,FAM-00638,Pasta - Standard,Brand B,Supplier X,Standard
PRD-01687,FAM-00639,Microwave meals - Standard,Brand A,Supplier X,Standard
PRD-01688,FAM-00639,Microwave meals - Standard,Brand B,Supplier X,Standard
PRD-01689,FAM-00640,Sofas - Standard,HomeBrand X,Manufacturer Direct,Standard
PRD-01690,FAM-00640,Sofas - Standard,HomeBrand Y,Manufacturer Direct,Standard
PRD-01691,FAM-00641,Recliners - Standard,HomeBrand X,Manufacturer Direct,Standard
PRD-01692,FAM-00641,Recliners - Standard,HomeBrand Y,Manufacturer Direct,Standard
PRD-01693,FAM-00642,Coffee tables - Standard,HomeBrand X,Manufacturer Direct,Standard
PRD-01694,FAM-00642,Coffee tables - Standard,HomeBrand Y,Manufacturer Direct,Standard
PRD-01695,FAM-00643,Side tables - Standard,HomeBrand X,Manufacturer Direct,Standard
PRD-01696,FAM-00643,Side tables - Standard,HomeBrand Y,Manufacturer Direct,Standard
PRD-01697,FAM-00644,TV units - Standard,HomeBrand X,Manufacturer Direct,Standard
PRD-01698,FAM-00644,TV units - Standard,HomeBrand Y,Manufacturer Direct,Standard
PRD-01699,FAM-00645,Shelving - Standard,HomeBrand X,Manufacturer Direct,Standard
PRD-01700,FAM-00645,Shelving - Standard,HomeBrand Y,Manufacturer Direct,Standard
PRD-01701,FAM-00646,Beds - Standard,SleepBrand,Manufacturer Direct,Standard
PRD-01702,FAM-00646,Beds - Standard,BedWorks,Manufacturer Direct,Standard
PRD-01703,FAM-00647,Mattresses - Standard,HomeBrand X,Manufacturer Direct,Standard
PRD-01704,FAM-00647,Mattresses - Standard,HomeBrand Y,Manufacturer Direct,Standard
PRD-01705,FAM-00648,Wardrobes - Standard,HomeBrand X,Manufacturer Direct,Standard
PRD-01706,FAM-00648,Wardrobes - Standard,HomeBrand Y,Manufacturer Direct,Standard
PRD-01707,FAM-00649,Dressers - Standard,HomeBrand X,Manufacturer Direct,Standard
PRD-01708,FAM-00649,Dressers - Standard,HomeBrand Y,Manufacturer Direct,Standard
PRD-01709,FAM-00650,Bedside tables - Standard,HomeBrand X,Manufacturer Direct,Standard
PRD-01710,FAM-00650,Bedside tables - Standard,HomeBrand Y,Manufacturer Direct,Standard
PRD-01711,FAM-00651,Dining tables - Standard,HomeBrand X,Manufacturer Direct,Standard
PRD-01712,FAM-00651,Dining tables - Standard,HomeBrand Y,Manufacturer Direct,Standard
PRD-01713,FAM-00652,Chairs - Standard,HomeBrand X,Manufacturer Direct,Standard
PRD-01714,FAM-00652,Chairs - Standard,HomeBrand Y,Manufacturer Direct,Standard
PRD-01715,FAM-00653,Benches - Standard,HomeBrand X,Manufacturer Direct,Standard
PRD-01716,FAM-00653,Benches - Standard,HomeBrand Y,Manufacturer Direct,Standard
PRD-01717,FAM-00654,Bar stools - Standard,HomeBrand X,Manufacturer Direct,Standard
PRD-01718,FAM-00654,Bar stools - Standard,HomeBrand Y,Manufacturer Direct,Standard
PRD-01719,FAM-00655,Office desks - Standard,HomeBrand X,Manufacturer Direct,Standard
PRD-01720,FAM-00655,Office desks - Standard,HomeBrand Y,Manufacturer Direct,Standard
PRD-01721,FAM-00656,Office chairs - Standard,HomeBrand X,Manufacturer Direct,Standard
PRD-01722,FAM-00656,Office chairs - Standard,HomeBrand Y,Manufacturer Direct,Standard
PRD-01723,FAM-00657,Filing cabinets - Standard,HomeBrand X,Manufacturer Direct,Standard
PRD-01724,FAM-00657,Filing cabinets - Standard,HomeBrand Y,Manufacturer Direct,Standard
PRD-01725,FAM-00658,Workstations - Standard,HomeBrand X,Manufacturer Direct,Standard
PRD-01726,FAM-00658,Workstations - Standard,HomeBrand Y,Manufacturer Direct,Standard
PRD-01727,FAM-00659,Study desks - Standard,HomeBrand X,Manufacturer Direct,Standard
PRD-01728,FAM-00659,Study desks - Standard,HomeBrand Y,Manufacturer Direct,Standard
PRD-01729,FAM-00660,Bunk beds - Standard,HomeBrand X,Manufacturer Direct,Standard
PRD-01730,FAM-00660,Bunk beds - Standard,HomeBrand Y,Manufacturer Direct,Standard
PRD-01731,FAM-00661,Kids' tables - Standard,HomeBrand X,Manufacturer Direct,Standard
PRD-01732,FAM-00661,Kids' tables - Standard,HomeBrand Y,Manufacturer Direct,Standard
PRD-01733,FAM-00662,Kids' chairs - Standard,HomeBrand X,Manufacturer Direct,Standard
PRD-01734,FAM-00662,Kids' chairs - Standard,HomeBrand Y,Manufacturer Direct,Standard
PRD-01735,FAM-00663,Patio furniture - Standard,HomeBrand X,Manufacturer Direct,Standard
PRD-01736,FAM-00663,Patio furniture - Standard,HomeBrand Y,Manufacturer Direct,Standard
PRD-01737,FAM-00664,Garden chairs - Standard,HomeBrand X,Manufacturer Direct,Standard
PRD-01738,FAM-00664,Garden chairs - Standard,HomeBrand Y,Manufacturer Direct,Standard
PRD-01739,FAM-00665,Garden tables - Standard,HomeBrand X,Manufacturer Direct,Standard
PRD-01740,FAM-00665,Garden tables - Standard,HomeBrand Y,Manufacturer Direct,Standard
PRD-01741,FAM-00666,Swings - Standard,HomeBrand X,Manufacturer Direct,Standard
PRD-01742,FAM-00666,Swings - Standard,HomeBrand Y,Manufacturer Direct,Standard
PRD-01743,FAM-00667,Chess - Standard Category,Generic Brand 1,Manufacturer Direct,Standard Category
PRD-01744,FAM-00667,Chess - Standard Category,Generic Brand 2,Manufacturer Direct,Standard Category
PRD-01745,FAM-00668,Checkers - Standard Category,Generic Brand 1,Manufacturer Direct,Standard Category
PRD-01746,FAM-00668,Checkers - Standard Category,Generic Brand 2,Manufacturer Direct,Standard Category
PRD-01747,FAM-00669,Monopoly-style games - Standard Category,Generic Brand 1,Manufacturer Direct,Standard Category
PRD-01748,FAM-00669,Monopoly-style games - Standard Category,Generic Brand 2,Manufacturer Direct,Standard Category
PRD-01749,FAM-00670,Strategy games - Standard Category,Generic Brand 1,Manufacturer Direct,Standard Category
PRD-01750,FAM-00670,Strategy games - Standard Category,Generic Brand 2,Manufacturer Direct,Standard Category
PRD-01751,FAM-00671,Family games - Standard Category,Generic Brand 1,Manufacturer Direct,Standard Category
PRD-01752,FAM-00671,Family games - Standard Category,Generic Brand 2,Manufacturer Direct,Standard Category
PRD-01753,FAM-00672,Playing cards - Standard Category,Generic Brand 1,Manufacturer Direct,Standard Category
PRD-01754,FAM-00672,Playing cards - Standard Category,Generic Brand 2,Manufacturer Direct,Standard Category
PRD-01755,FAM-00673,Collectible card games - Standard Category,Generic Brand 1,Manufacturer Direct,Standard Category
PRD-01756,FAM-00673,Collectible card games - Standard Category,Generic Brand 2,Manufacturer Direct,Standard Category
PRD-01757,FAM-00674,Trading cards - Standard Category,Generic Brand 1,Manufacturer Direct,Standard Category
PRD-01758,FAM-00674,Trading cards - Standard Category,Generic Brand 2,Manufacturer Direct,Standard Category
PRD-01759,FAM-00675,Jigsaw puzzles - Standard Category,Generic Brand 1,Manufacturer Direct,Standard Category
PRD-01760,FAM-00675,Jigsaw puzzles - Standard Category,Generic Brand 2,Manufacturer Direct,Standard Category
PRD-01761,FAM-00676,3D puzzles - Standard Category,Generic Brand 1,Manufacturer Direct,Standard Category
PRD-01762,FAM-00676,3D puzzles - Standard Category,Generic Brand 2,Manufacturer Direct,Standard Category
PRD-01763,FAM-00677,Logic puzzles - Standard Category,Generic Brand 1,Manufacturer Direct,Standard Category
PRD-01764,FAM-00677,Logic puzzles - Standard Category,Generic Brand 2,Manufacturer Direct,Standard Category
PRD-01765,FAM-00678,Brain teasers - Standard Category,Generic Brand 1,Manufacturer Direct,Standard Category
PRD-01766,FAM-00678,Brain teasers - Standard Category,Generic Brand 2,Manufacturer Direct,Standard Category
PRD-01767,FAM-00679,Gaming consoles - Standard Category,Generic Brand 1,Manufacturer Direct,Standard Category
PRD-01768,FAM-00679,Gaming consoles - Standard Category,Generic Brand 2,Manufacturer Direct,Standard Category
PRD-01769,FAM-00680,Controllers - Standard Category,Generic Brand 1,Manufacturer Direct,Standard Category
PRD-01770,FAM-00680,Controllers - Standard Category,Generic Brand 2,Manufacturer Direct,Standard Category
PRD-01771,FAM-00681,Gaming accessories - Standard Category,Generic Brand 1,Manufacturer Direct,Standard Category
PRD-01772,FAM-00681,Gaming accessories - Standard Category,Generic Brand 2,Manufacturer Direct,Standard Category
PRD-01773,FAM-00682,VR headsets - Standard Category,Generic Brand 1,Manufacturer Direct,Standard Category
PRD-01774,FAM-00682,VR headsets - Standard Category,Generic Brand 2,Manufacturer Direct,Standard Category
PRD-01775,FAM-00683,Indoor plants - Standard Category,Generic Brand 1,Manufacturer Direct,Standard Category
PRD-01776,FAM-00683,Indoor plants - Standard Category,Generic Brand 2,Manufacturer Direct,Standard Category
PRD-01777,FAM-00684,Outdoor plants - Standard Category,Generic Brand 1,Manufacturer Direct,Standard Category
PRD-01778,FAM-00684,Outdoor plants - Standard Category,Generic Brand 2,Manufacturer Direct,Standard Category
PRD-01779,FAM-00685,Flowering plants - Standard Category,Generic Brand 1,Manufacturer Direct,Standard Category
PRD-01780,FAM-00685,Flowering plants - Standard Category,Generic Brand 2,Manufacturer Direct,Standard Category
PRD-01781,FAM-00686,Vegetable plants - Standard Category,Generic Brand 1,Manufacturer Direct,Standard Category
PRD-01782,FAM-00686,Vegetable plants - Standard Category,Generic Brand 2,Manufacturer Direct,Standard Category
PRD-01783,FAM-00687,Herbs - Standard Category,Generic Brand 1,Manufacturer Direct,Standard Category
PRD-01784,FAM-00687,Herbs - Standard Category,Generic Brand 2,Manufacturer Direct,Standard Category
PRD-01785,FAM-00688,Succulents - Standard Category,Generic Brand 1,Manufacturer Direct,Standard Category
PRD-01786,FAM-00688,Succulents - Standard Category,Generic Brand 2,Manufacturer Direct,Standard Category
PRD-01787,FAM-00689,Bonsai - Standard Category,Generic Brand 1,Manufacturer Direct,Standard Category
PRD-01788,FAM-00689,Bonsai - Standard Category,Generic Brand 2,Manufacturer Direct,Standard Category
PRD-01789,FAM-00690,Seeds - Standard Category,Generic Brand 1,Manufacturer Direct,Standard Category
PRD-01790,FAM-00690,Seeds - Standard Category,Generic Brand 2,Manufacturer Direct,Standard Category
PRD-01791,FAM-00691,Soil - Standard Category,Generic Brand 1,Manufacturer Direct,Standard Category
PRD-01792,FAM-00691,Soil - Standard Category,Generic Brand 2,Manufacturer Direct,Standard Category
PRD-01793,FAM-00692,Compost - Standard Category,Generic Brand 1,Manufacturer Direct,Standard Category
PRD-01794,FAM-00692,Compost - Standard Category,Generic Brand 2,Manufacturer Direct,Standard Category
PRD-01795,FAM-00693,Fertilizer - Standard Category,Generic Brand 1,Manufacturer Direct,Standard Category
PRD-01796,FAM-00693,Fertilizer - Standard Category,Generic Brand 2,Manufacturer Direct,Standard Category
PRD-01797,FAM-00694,Pots - Standard Category,Generic Brand 1,Manufacturer Direct,Standard Category
PRD-01798,FAM-00694,Pots - Standard Category,Generic Brand 2,Manufacturer Direct,Standard Category
PRD-01799,FAM-00695,Planters - Standard Category,Generic Brand 1,Manufacturer Direct,Standard Category
PRD-01800,FAM-00695,Planters - Standard Category,Generic Brand 2,Manufacturer Direct,Standard Category
PRD-01801,FAM-00696,Trays - Standard Category,Generic Brand 1,Manufacturer Direct,Standard Category
PRD-01802,FAM-00696,Trays - Standard Category,Generic Brand 2,Manufacturer Direct,Standard Category
PRD-01803,FAM-00697,Watering cans - Standard Category,Generic Brand 1,Manufacturer Direct,Standard Category
PRD-01804,FAM-00697,Watering cans - Standard Category,Generic Brand 2,Manufacturer Direct,Standard Category
PRD-01805,FAM-00698,Hoses - Standard Category,Generic Brand 1,Manufacturer Direct,Standard Category
PRD-01806,FAM-00698,Hoses - Standard Category,Generic Brand 2,Manufacturer Direct,Standard Category
PRD-01807,FAM-00699,Gardening tools - Standard Category,Generic Brand 1,Manufacturer Direct,Standard Category
PRD-01808,FAM-00699,Gardening tools - Standard Category,Generic Brand 2,Manufacturer Direct,Standard Category
PRD-01809,FAM-00700,Patio furniture - Standard Category,Generic Brand 1,Manufacturer Direct,Standard Category
PRD-01810,FAM-00700,Patio furniture - Standard Category,Generic Brand 2,Manufacturer Direct,Standard Category
PRD-01811,FAM-00701,Barbecue equipment - Standard Category,Generic Brand 1,Manufacturer Direct,Standard Category
PRD-01812,FAM-00701,Barbecue equipment - Standard Category,Generic Brand 2,Manufacturer Direct,Standard Category
PRD-01813,FAM-00702,Outdoor lighting - Standard Category,Generic Brand 1,Manufacturer Direct,Standard Category
PRD-01814,FAM-00702,Outdoor lighting - Standard Category,Generic Brand 2,Manufacturer Direct,Standard Category
PRD-01815,FAM-00703,Garden decor - Standard Category,Generic Brand 1,Manufacturer Direct,Standard Category
PRD-01816,FAM-00703,Garden decor - Standard Category,Generic Brand 2,Manufacturer Direct,Standard Category
PRD-01817,FAM-00704,Gazebos - Standard Category,Generic Brand 1,Manufacturer Direct,Standard Category
PRD-01818,FAM-00704,Gazebos - Standard Category,Generic Brand 2,Manufacturer Direct,Standard Category
PRD-01819,FAM-00705,Hammocks - Standard Category,Generic Brand 1,Manufacturer Direct,Standard Category
PRD-01820,FAM-00705,Hammocks - Standard Category,Generic Brand 2,Manufacturer Direct,Standard Category
PRD-01821,FAM-00706,Outdoor storage - Standard Category,Generic Brand 1,Manufacturer Direct,Standard Category
PRD-01822,FAM-00706,Outdoor storage - Standard Category,Generic Brand 2,Manufacturer Direct,Standard Category
PRD-01823,FAM-00707,Gift boxes - Standard Category,Generic Brand 1,Manufacturer Direct,Standard Category
PRD-01824,FAM-00707,Gift boxes - Standard Category,Generic Brand 2,Manufacturer Direct,Standard Category
PRD-01825,FAM-00708,Greeting cards - Standard Category,Generic Brand 1,Manufacturer Direct,Standard Category
PRD-01826,FAM-00708,Greeting cards - Standard Category,Generic Brand 2,Manufacturer Direct,Standard Category
PRD-01827,FAM-00709,Personalized gifts - Standard Category,Generic Brand 1,Manufacturer Direct,Standard Category
PRD-01828,FAM-00709,Personalized gifts - Standard Category,Generic Brand 2,Manufacturer Direct,Standard Category
PRD-01829,FAM-00710,Photo frames - Standard Category,Generic Brand 1,Manufacturer Direct,Standard Category
PRD-01830,FAM-00710,Photo frames - Standard Category,Generic Brand 2,Manufacturer Direct,Standard Category
PRD-01831,FAM-00711,Mugs - Standard Category,Generic Brand 1,Manufacturer Direct,Standard Category
PRD-01832,FAM-00711,Mugs - Standard Category,Generic Brand 2,Manufacturer Direct,Standard Category
PRD-01833,FAM-00712,Keychains - Standard Category,Generic Brand 1,Manufacturer Direct,Standard Category
PRD-01834,FAM-00712,Keychains - Standard Category,Generic Brand 2,Manufacturer Direct,Standard Category
PRD-01835,FAM-00713,Souvenirs - Standard Category,Generic Brand 1,Manufacturer Direct,Standard Category
PRD-01836,FAM-00713,Souvenirs - Standard Category,Generic Brand 2,Manufacturer Direct,Standard Category
PRD-01837,FAM-00714,Novelties - Standard Category,Generic Brand 1,Manufacturer Direct,Standard Category
PRD-01838,FAM-00714,Novelties - Standard Category,Generic Brand 2,Manufacturer Direct,Standard Category
PRD-01839,FAM-00715,Decorative gifts - Standard Category,Generic Brand 1,Manufacturer Direct,Standard Category
PRD-01840,FAM-00715,Decorative gifts - Standard Category,Generic Brand 2,Manufacturer Direct,Standard Category
PRD-01841,FAM-00716,Corporate gifts - Standard Category,Generic Brand 1,Manufacturer Direct,Standard Category
PRD-01842,FAM-00716,Corporate gifts - Standard Category,Generic Brand 2,Manufacturer Direct,Standard Category
PRD-01843,FAM-00717,Premium gift hampers - Standard Category,Generic Brand 1,Manufacturer Direct,Standard Category
PRD-01844,FAM-00717,Premium gift hampers - Standard Category,Generic Brand 2,Manufacturer Direct,Standard Category
PRD-01845,FAM-00718,Rice - Standard,Brand A,Supplier A,Standard
PRD-01846,FAM-00718,Rice - Standard,Brand B,Supplier A,Standard
PRD-01847,FAM-00719,Wheat - Standard,Brand X,Supplier A,Standard
PRD-01848,FAM-00719,Wheat - Standard,Brand Y,Supplier A,Standard
PRD-01849,FAM-00720,Maida - Standard,Brand A,Supplier X,Standard
PRD-01850,FAM-00720,Maida - Standard,Brand B,Supplier X,Standard
PRD-01851,FAM-00721,Atta - Standard,Brand A,Supplier X,Standard
PRD-01852,FAM-00721,Atta - Standard,Brand B,Supplier X,Standard
PRD-01853,FAM-00722,Rava/sooji - Standard,Brand A,Supplier X,Standard
PRD-01854,FAM-00722,Rava/sooji - Standard,Brand B,Supplier X,Standard
PRD-01855,FAM-00723,Semolina - Standard,Brand A,Supplier X,Standard
PRD-01856,FAM-00723,Semolina - Standard,Brand B,Supplier X,Standard
PRD-01857,FAM-00724,Broken rice - Standard,Brand A,Supplier X,Standard
PRD-01858,FAM-00724,Broken rice - Standard,Brand B,Supplier X,Standard
PRD-01859,FAM-00725,Barley - Standard,Brand A,Supplier X,Standard
PRD-01860,FAM-00725,Barley - Standard,Brand B,Supplier X,Standard
PRD-01861,FAM-00726,Oats - Standard,Brand A,Supplier X,Standard
PRD-01862,FAM-00726,Oats - Standard,Brand B,Supplier X,Standard
PRD-01863,FAM-00727,Corn - Standard,Brand A,Supplier X,Standard
PRD-01864,FAM-00727,Corn - Standard,Brand B,Supplier X,Standard
PRD-01865,FAM-00728,Millet - Standard,Brand A,Supplier X,Standard
PRD-01866,FAM-00728,Millet - Standard,Brand B,Supplier X,Standard
PRD-01867,FAM-00729,Quinoa - Standard,Brand A,Supplier X,Standard
PRD-01868,FAM-00729,Quinoa - Standard,Brand B,Supplier X,Standard
PRD-01869,FAM-00730,Couscous - Standard,Brand A,Supplier X,Standard
PRD-01870,FAM-00730,Couscous - Standard,Brand B,Supplier X,Standard
PRD-01871,FAM-00731,Specialty grains - Standard,Brand A,Supplier X,Standard
PRD-01872,FAM-00731,Specialty grains - Standard,Brand B,Supplier X,Standard
PRD-01873,FAM-00732,Breakfast cereals - Standard,Brand A,Supplier X,Standard
PRD-01874,FAM-00732,Breakfast cereals - Standard,Brand B,Supplier X,Standard
PRD-01875,FAM-00733,Toor dal - Standard,Brand A,Supplier X,Standard
PRD-01876,FAM-00733,Toor dal - Standard,Brand B,Supplier X,Standard
PRD-01877,FAM-00734,Moong dal - Standard,Brand A,Supplier X,Standard
PRD-01878,FAM-00734,Moong dal - Standard,Brand B,Supplier X,Standard
PRD-01879,FAM-00735,Urad dal - Standard,Brand A,Supplier X,Standard
PRD-01880,FAM-00735,Urad dal - Standard,Brand B,Supplier X,Standard
PRD-01881,FAM-00736,Chana dal - Standard,Brand A,Supplier X,Standard
PRD-01882,FAM-00736,Chana dal - Standard,Brand B,Supplier X,Standard
PRD-01883,FAM-00737,Masoor dal - Standard,Brand A,Supplier X,Standard
PRD-01884,FAM-00737,Masoor dal - Standard,Brand B,Supplier X,Standard
PRD-01885,FAM-00738,Rajma - Standard,Brand A,Supplier X,Standard
PRD-01886,FAM-00738,Rajma - Standard,Brand B,Supplier X,Standard
PRD-01887,FAM-00739,Chickpeas - Standard,Brand A,Supplier X,Standard
PRD-01888,FAM-00739,Chickpeas - Standard,Brand B,Supplier X,Standard
PRD-01889,FAM-00740,Black beans - Standard,Brand A,Supplier X,Standard
PRD-01890,FAM-00740,Black beans - Standard,Brand B,Supplier X,Standard
PRD-01891,FAM-00741,Kidney beans - Standard,Brand A,Supplier X,Standard
PRD-01892,FAM-00741,Kidney beans - Standard,Brand B,Supplier X,Standard
PRD-01893,FAM-00742,Soybeans - Standard,Brand A,Supplier X,Standard
PRD-01894,FAM-00742,Soybeans - Standard,Brand B,Supplier X,Standard
PRD-01895,FAM-00743,Peas - Standard,Brand A,Supplier X,Standard
PRD-01896,FAM-00743,Peas - Standard,Brand B,Supplier X,Standard
PRD-01897,FAM-00744,Lentils - Standard,Brand A,Supplier X,Standard
PRD-01898,FAM-00744,Lentils - Standard,Brand B,Supplier X,Standard
PRD-01899,FAM-00745,Wheat flour - Standard,Brand A,Supplier X,Standard
PRD-01900,FAM-00745,Wheat flour - Standard,Brand B,Supplier X,Standard
PRD-01901,FAM-00746,Rice flour - Standard,Brand A,Supplier X,Standard
PRD-01902,FAM-00746,Rice flour - Standard,Brand B,Supplier X,Standard
PRD-01903,FAM-00747,Besan - Standard,Brand A,Supplier X,Standard
PRD-01904,FAM-00747,Besan - Standard,Brand B,Supplier X,Standard
PRD-01905,FAM-00748,Corn flour - Standard,Brand A,Supplier X,Standard
PRD-01906,FAM-00748,Corn flour - Standard,Brand B,Supplier X,Standard
PRD-01907,FAM-00749,Almond flour - Standard,Brand A,Supplier X,Standard
PRD-01908,FAM-00749,Almond flour - Standard,Brand B,Supplier X,Standard
PRD-01909,FAM-00750,Coconut flour - Standard,Brand A,Supplier X,Standard
PRD-01910,FAM-00750,Coconut flour - Standard,Brand B,Supplier X,Standard
PRD-01911,FAM-00751,Baking powder - Standard,Brand A,Supplier X,Standard
PRD-01912,FAM-00751,Baking powder - Standard,Brand B,Supplier X,Standard
PRD-01913,FAM-00752,Baking soda - Standard,Brand A,Supplier X,Standard
PRD-01914,FAM-00752,Baking soda - Standard,Brand B,Supplier X,Standard
PRD-01915,FAM-00753,Yeast - Standard,Brand A,Supplier X,Standard
PRD-01916,FAM-00753,Yeast - Standard,Brand B,Supplier X,Standard
PRD-01917,FAM-00754,Cocoa - Standard,Brand A,Supplier X,Standard
PRD-01918,FAM-00754,Cocoa - Standard,Brand B,Supplier X,Standard
PRD-01919,FAM-00755,Baking chocolate - Standard,Brand A,Supplier X,Standard
PRD-01920,FAM-00755,Baking chocolate - Standard,Brand B,Supplier X,Standard
PRD-01921,FAM-00756,Food colouring - Standard,Brand A,Supplier X,Standard
PRD-01922,FAM-00756,Food colouring - Standard,Brand B,Supplier X,Standard
PRD-01923,FAM-00757,Cake mixes - Standard,Brand A,Supplier X,Standard
PRD-01924,FAM-00757,Cake mixes - Standard,Brand B,Supplier X,Standard
PRD-01925,FAM-00758,Sunflower oil - Standard,Brand A,Supplier X,Standard
PRD-01926,FAM-00758,Sunflower oil - Standard,Brand B,Supplier X,Standard
PRD-01927,FAM-00759,Groundnut oil - Standard,Brand A,Supplier X,Standard
PRD-01928,FAM-00759,Groundnut oil - Standard,Brand B,Supplier X,Standard
PRD-01929,FAM-00760,Coconut oil - Standard,Brand A,Supplier X,Standard
PRD-01930,FAM-00760,Coconut oil - Standard,Brand B,Supplier X,Standard
PRD-01931,FAM-00761,Mustard oil - Standard,Brand A,Supplier X,Standard
PRD-01932,FAM-00761,Mustard oil - Standard,Brand B,Supplier X,Standard
PRD-01933,FAM-00762,Olive oil - Standard,Brand A,Supplier X,Standard
PRD-01934,FAM-00762,Olive oil - Standard,Brand B,Supplier X,Standard
PRD-01935,FAM-00763,Sesame oil - Standard,Brand A,Supplier X,Standard
PRD-01936,FAM-00763,Sesame oil - Standard,Brand B,Supplier X,Standard
PRD-01937,FAM-00764,Rice bran oil - Standard,Brand A,Supplier X,Standard
PRD-01938,FAM-00764,Rice bran oil - Standard,Brand B,Supplier X,Standard
PRD-01939,FAM-00765,Palm oil - Standard,Brand A,Supplier X,Standard
PRD-01940,FAM-00765,Palm oil - Standard,Brand B,Supplier X,Standard
PRD-01941,FAM-00766,Ghee - Standard,Brand A,Supplier X,Standard
PRD-01942,FAM-00766,Ghee - Standard,Brand B,Supplier X,Standard
PRD-01943,FAM-00767,Butter - Standard,Brand A,Supplier X,Standard
PRD-01944,FAM-00767,Butter - Standard,Brand B,Supplier X,Standard
PRD-01945,FAM-00768,Shortening - Standard,Brand A,Supplier X,Standard
PRD-01946,FAM-00768,Shortening - Standard,Brand B,Supplier X,Standard
PRD-01947,FAM-00769,Turmeric - Standard,Brand A,Supplier X,Standard
PRD-01948,FAM-00769,Turmeric - Standard,Brand B,Supplier X,Standard
PRD-01949,FAM-00770,Chilli powder - Standard,Brand A,Supplier X,Standard
PRD-01950,FAM-00770,Chilli powder - Standard,Brand B,Supplier X,Standard
PRD-01951,FAM-00771,Pepper - Standard,Brand A,Supplier X,Standard
PRD-01952,FAM-00771,Pepper - Standard,Brand B,Supplier X,Standard
PRD-01953,FAM-00772,Cardamom - Standard,Brand A,Supplier X,Standard
PRD-01954,FAM-00772,Cardamom - Standard,Brand B,Supplier X,Standard
PRD-01955,FAM-00773,Cinnamon - Standard,Brand A,Supplier X,Standard
PRD-01956,FAM-00773,Cinnamon - Standard,Brand B,Supplier X,Standard
PRD-01957,FAM-00774,Cloves - Standard,Brand A,Supplier X,Standard
PRD-01958,FAM-00774,Cloves - Standard,Brand B,Supplier X,Standard
PRD-01959,FAM-00775,Cumin - Standard,Brand A,Supplier X,Standard
PRD-01960,FAM-00775,Cumin - Standard,Brand B,Supplier X,Standard
PRD-01961,FAM-00776,Coriander - Standard,Brand A,Supplier X,Standard
PRD-01962,FAM-00776,Coriander - Standard,Brand B,Supplier X,Standard
PRD-01963,FAM-00777,Fennel - Standard,Brand A,Supplier X,Standard
PRD-01964,FAM-00777,Fennel - Standard,Brand B,Supplier X,Standard
PRD-01965,FAM-00778,Fenugreek - Standard,Brand A,Supplier X,Standard
PRD-01966,FAM-00778,Fenugreek - Standard,Brand B,Supplier X,Standard
PRD-01967,FAM-00779,Nutmeg - Standard,Brand A,Supplier X,Standard
PRD-01968,FAM-00779,Nutmeg - Standard,Brand B,Supplier X,Standard
PRD-01969,FAM-00780,Star anise - Standard,Brand A,Supplier X,Standard
PRD-01970,FAM-00780,Star anise - Standard,Brand B,Supplier X,Standard
PRD-01971,FAM-00781,Mixed masalas - Standard,Brand A,Supplier X,Standard
PRD-01972,FAM-00781,Mixed masalas - Standard,Brand B,Supplier X,Standard
PRD-01973,FAM-00782,Regional spice blends - Standard,Brand A,Supplier X,Standard
PRD-01974,FAM-00782,Regional spice blends - Standard,Brand B,Supplier X,Standard
PRD-01975,FAM-00783,International spice blends - Standard,Brand A,Supplier X,Standard
PRD-01976,FAM-00783,International spice blends - Standard,Brand B,Supplier X,Standard
PRD-01977,FAM-00784,Table salt - Standard,Brand A,Supplier X,Standard
PRD-01978,FAM-00784,Table salt - Standard,Brand B,Supplier X,Standard
PRD-01979,FAM-00785,Rock salt - Standard,Brand A,Supplier X,Standard
PRD-01980,FAM-00785,Rock salt - Standard,Brand B,Supplier X,Standard
PRD-01981,FAM-00786,Sea salt - Standard,Brand A,Supplier X,Standard
PRD-01982,FAM-00786,Sea salt - Standard,Brand B,Supplier X,Standard
PRD-01983,FAM-00787,Pink salt - Standard,Brand A,Supplier X,Standard
PRD-01984,FAM-00787,Pink salt - Standard,Brand B,Supplier X,Standard
PRD-01985,FAM-00788,Sugar - Standard,Brand A,Supplier X,Standard
PRD-01986,FAM-00788,Sugar - Standard,Brand B,Supplier X,Standard
PRD-01987,FAM-00789,Brown sugar - Standard,Brand A,Supplier X,Standard
PRD-01988,FAM-00789,Brown sugar - Standard,Brand B,Supplier X,Standard
PRD-01989,FAM-00790,Jaggery - Standard,Brand A,Supplier X,Standard
PRD-01990,FAM-00790,Jaggery - Standard,Brand B,Supplier X,Standard
PRD-01991,FAM-00791,Honey - Standard,Brand A,Supplier X,Standard
PRD-01992,FAM-00791,Honey - Standard,Brand B,Supplier X,Standard
PRD-01993,FAM-00792,Maple syrup - Standard,Brand A,Supplier X,Standard
PRD-01994,FAM-00792,Maple syrup - Standard,Brand B,Supplier X,Standard
PRD-01995,FAM-00793,Artificial sweeteners - Standard,Brand A,Supplier X,Standard
PRD-01996,FAM-00793,Artificial sweeteners - Standard,Brand B,Supplier X,Standard
PRD-01997,FAM-00794,Ketchup - Standard,Brand A,Supplier X,Standard
PRD-01998,FAM-00794,Ketchup - Standard,Brand B,Supplier X,Standard
PRD-01999,FAM-00795,Mayonnaise - Standard,Brand A,Supplier X,Standard
PRD-02000,FAM-00795,Mayonnaise - Standard,Brand B,Supplier X,Standard
PRD-02001,FAM-00796,Mustard - Standard,Brand A,Supplier X,Standard
PRD-02002,FAM-00796,Mustard - Standard,Brand B,Supplier X,Standard
PRD-02003,FAM-00797,Chilli sauce - Standard,Brand A,Supplier X,Standard
PRD-02004,FAM-00797,Chilli sauce - Standard,Brand B,Supplier X,Standard
PRD-02005,FAM-00798,Soy sauce - Standard,Brand A,Supplier X,Standard
PRD-02006,FAM-00798,Soy sauce - Standard,Brand B,Supplier X,Standard
PRD-02007,FAM-00799,Vinegar - Standard,Brand A,Supplier X,Standard
PRD-02008,FAM-00799,Vinegar - Standard,Brand B,Supplier X,Standard
PRD-02009,FAM-00800,Pasta sauce - Standard,Brand A,Supplier X,Standard
PRD-02010,FAM-00800,Pasta sauce - Standard,Brand B,Supplier X,Standard
PRD-02011,FAM-00801,Pizza sauce - Standard,Brand A,Supplier X,Standard
PRD-02012,FAM-00801,Pizza sauce - Standard,Brand B,Supplier X,Standard
PRD-02013,FAM-00802,Pickles - Standard,Brand A,Supplier X,Standard
PRD-02014,FAM-00802,Pickles - Standard,Brand B,Supplier X,Standard
PRD-02015,FAM-00803,Chutneys - Standard,Brand A,Supplier X,Standard
PRD-02016,FAM-00803,Chutneys - Standard,Brand B,Supplier X,Standard
PRD-02017,FAM-00804,Relishes - Standard,Brand A,Supplier X,Standard
PRD-02018,FAM-00804,Relishes - Standard,Brand B,Supplier X,Standard
PRD-02019,FAM-00805,Dips - Standard,Brand A,Supplier X,Standard
PRD-02020,FAM-00805,Dips - Standard,Brand B,Supplier X,Standard
PRD-02021,FAM-00806,Hammers - Standard Category,Generic Brand 1,Manufacturer Direct,Standard Category
PRD-02022,FAM-00806,Hammers - Standard Category,Generic Brand 2,Manufacturer Direct,Standard Category
PRD-02023,FAM-00807,Screwdrivers - Standard Category,Generic Brand 1,Manufacturer Direct,Standard Category
PRD-02024,FAM-00807,Screwdrivers - Standard Category,Generic Brand 2,Manufacturer Direct,Standard Category
PRD-02025,FAM-00808,Pliers - Standard Category,Generic Brand 1,Manufacturer Direct,Standard Category
PRD-02026,FAM-00808,Pliers - Standard Category,Generic Brand 2,Manufacturer Direct,Standard Category
PRD-02027,FAM-00809,Wrenches - Standard Category,Generic Brand 1,Manufacturer Direct,Standard Category
PRD-02028,FAM-00809,Wrenches - Standard Category,Generic Brand 2,Manufacturer Direct,Standard Category
PRD-02029,FAM-00810,Saws - Standard Category,Generic Brand 1,Manufacturer Direct,Standard Category
PRD-02030,FAM-00810,Saws - Standard Category,Generic Brand 2,Manufacturer Direct,Standard Category
PRD-02031,FAM-00811,Cutting tools - Standard Category,Generic Brand 1,Manufacturer Direct,Standard Category
PRD-02032,FAM-00811,Cutting tools - Standard Category,Generic Brand 2,Manufacturer Direct,Standard Category
PRD-02033,FAM-00812,Drills - Standard Category,Generic Brand 1,Manufacturer Direct,Standard Category
PRD-02034,FAM-00812,Drills - Standard Category,Generic Brand 2,Manufacturer Direct,Standard Category
PRD-02035,FAM-00813,Sanders - Standard Category,Generic Brand 1,Manufacturer Direct,Standard Category
PRD-02036,FAM-00813,Sanders - Standard Category,Generic Brand 2,Manufacturer Direct,Standard Category
PRD-02037,FAM-00814,Grinders - Standard Category,Generic Brand 1,Manufacturer Direct,Standard Category
PRD-02038,FAM-00814,Grinders - Standard Category,Generic Brand 2,Manufacturer Direct,Standard Category
PRD-02039,FAM-00815,Saws - Standard Category,Generic Brand 1,Manufacturer Direct,Standard Category
PRD-02040,FAM-00815,Saws - Standard Category,Generic Brand 2,Manufacturer Direct,Standard Category
PRD-02041,FAM-00816,Heat guns - Standard Category,Generic Brand 1,Manufacturer Direct,Standard Category
PRD-02042,FAM-00816,Heat guns - Standard Category,Generic Brand 2,Manufacturer Direct,Standard Category
PRD-02043,FAM-00817,Screws - Standard Category,Generic Brand 1,Manufacturer Direct,Standard Category
PRD-02044,FAM-00817,Screws - Standard Category,Generic Brand 2,Manufacturer Direct,Standard Category
PRD-02045,FAM-00818,Nails - Standard Category,Generic Brand 1,Manufacturer Direct,Standard Category
PRD-02046,FAM-00818,Nails - Standard Category,Generic Brand 2,Manufacturer Direct,Standard Category
PRD-02047,FAM-00819,Bolts - Standard Category,Generic Brand 1,Manufacturer Direct,Standard Category
PRD-02048,FAM-00819,Bolts - Standard Category,Generic Brand 2,Manufacturer Direct,Standard Category
PRD-02049,FAM-00820,Nuts - Standard Category,Generic Brand 1,Manufacturer Direct,Standard Category
PRD-02050,FAM-00820,Nuts - Standard Category,Generic Brand 2,Manufacturer Direct,Standard Category
PRD-02051,FAM-00821,Washers - Standard Category,Generic Brand 1,Manufacturer Direct,Standard Category
PRD-02052,FAM-00821,Washers - Standard Category,Generic Brand 2,Manufacturer Direct,Standard Category
PRD-02053,FAM-00822,Anchors - Standard Category,Generic Brand 1,Manufacturer Direct,Standard Category
PRD-02054,FAM-00822,Anchors - Standard Category,Generic Brand 2,Manufacturer Direct,Standard Category
PRD-02055,FAM-00823,Glue - Standard Category,Generic Brand 1,Manufacturer Direct,Standard Category
PRD-02056,FAM-00823,Glue - Standard Category,Generic Brand 2,Manufacturer Direct,Standard Category
PRD-02057,FAM-00824,Epoxy - Standard Category,Generic Brand 1,Manufacturer Direct,Standard Category
PRD-02058,FAM-00824,Epoxy - Standard Category,Generic Brand 2,Manufacturer Direct,Standard Category
PRD-02059,FAM-00825,Sealants - Standard Category,Generic Brand 1,Manufacturer Direct,Standard Category
PRD-02060,FAM-00825,Sealants - Standard Category,Generic Brand 2,Manufacturer Direct,Standard Category
PRD-02061,FAM-00826,Tapes - Standard Category,Generic Brand 1,Manufacturer Direct,Standard Category
PRD-02062,FAM-00826,Tapes - Standard Category,Generic Brand 2,Manufacturer Direct,Standard Category
PRD-02063,FAM-00827,Gloves - Standard Category,Generic Brand 1,Manufacturer Direct,Standard Category
PRD-02064,FAM-00827,Gloves - Standard Category,Generic Brand 2,Manufacturer Direct,Standard Category
PRD-02065,FAM-00828,Goggles - Standard Category,Generic Brand 1,Manufacturer Direct,Standard Category
PRD-02066,FAM-00828,Goggles - Standard Category,Generic Brand 2,Manufacturer Direct,Standard Category
PRD-02067,FAM-00829,Masks - Standard Category,Generic Brand 1,Manufacturer Direct,Standard Category
PRD-02068,FAM-00829,Masks - Standard Category,Generic Brand 2,Manufacturer Direct,Standard Category
PRD-02069,FAM-00830,Helmets - Standard Category,Generic Brand 1,Manufacturer Direct,Standard Category
PRD-02070,FAM-00830,Helmets - Standard Category,Generic Brand 2,Manufacturer Direct,Standard Category
PRD-02071,FAM-00831,Ear protection - Standard Category,Generic Brand 1,Manufacturer Direct,Standard Category
PRD-02072,FAM-00831,Ear protection - Standard Category,Generic Brand 2,Manufacturer Direct,Standard Category
PRD-02073,FAM-00832,Pain relief - Standard,Brand X,Manufacturer Direct,Standard
PRD-02074,FAM-00832,Pain relief - Standard,Brand Y,Manufacturer Direct,Standard
PRD-02075,FAM-00833,Cold/cough products - Standard,Brand X,Manufacturer Direct,Standard
PRD-02076,FAM-00833,Cold/cough products - Standard,Brand Y,Manufacturer Direct,Standard
PRD-02077,FAM-00834,Antacids - Standard,Brand X,Manufacturer Direct,Standard
PRD-02078,FAM-00834,Antacids - Standard,Brand Y,Manufacturer Direct,Standard
PRD-02079,FAM-00835,Digestive aids - Standard,Brand X,Manufacturer Direct,Standard
PRD-02080,FAM-00835,Digestive aids - Standard,Brand Y,Manufacturer Direct,Standard
PRD-02081,FAM-00836,First-aid products - Standard,Brand X,Manufacturer Direct,Standard
PRD-02082,FAM-00836,First-aid products - Standard,Brand Y,Manufacturer Direct,Standard
PRD-02083,FAM-00837,Bandages - Standard,Brand X,Manufacturer Direct,Standard
PRD-02084,FAM-00837,Bandages - Standard,Brand Y,Manufacturer Direct,Standard
PRD-02085,FAM-00838,Gauze - Standard,Brand X,Manufacturer Direct,Standard
PRD-02086,FAM-00838,Gauze - Standard,Brand Y,Manufacturer Direct,Standard
PRD-02087,FAM-00839,Thermometers - Standard,Brand X,Manufacturer Direct,Standard
PRD-02088,FAM-00839,Thermometers - Standard,Brand Y,Manufacturer Direct,Standard
PRD-02089,FAM-00840,Masks - Standard,Brand X,Manufacturer Direct,Standard
PRD-02090,FAM-00840,Masks - Standard,Brand Y,Manufacturer Direct,Standard
PRD-02091,FAM-00841,Gloves - Standard,Brand X,Manufacturer Direct,Standard
PRD-02092,FAM-00841,Gloves - Standard,Brand Y,Manufacturer Direct,Standard
PRD-02093,FAM-00842,Digital blood pressure monitors - Standard,Brand X,Manufacturer Direct,Standard
PRD-02094,FAM-00842,Digital blood pressure monitors - Standard,Brand Y,Manufacturer Direct,Standard
PRD-02095,FAM-00843,Glucose monitors - Standard,Brand X,Manufacturer Direct,Standard
PRD-02096,FAM-00843,Glucose monitors - Standard,Brand Y,Manufacturer Direct,Standard
PRD-02097,FAM-00844,Heating pads - Standard,Brand X,Manufacturer Direct,Standard
PRD-02098,FAM-00844,Heating pads - Standard,Brand Y,Manufacturer Direct,Standard
PRD-02099,FAM-00845,Supports/braces - Standard,Brand X,Manufacturer Direct,Standard
PRD-02100,FAM-00845,Supports/braces - Standard,Brand Y,Manufacturer Direct,Standard
PRD-02101,FAM-00846,Vitamins - Standard,Brand X,Manufacturer Direct,Standard
PRD-02102,FAM-00846,Vitamins - Standard,Brand Y,Manufacturer Direct,Standard
PRD-02103,FAM-00847,Minerals - Standard,Brand X,Manufacturer Direct,Standard
PRD-02104,FAM-00847,Minerals - Standard,Brand Y,Manufacturer Direct,Standard
PRD-02105,FAM-00848,Nutritional products - Standard,Brand X,Manufacturer Direct,Standard
PRD-02106,FAM-00848,Nutritional products - Standard,Brand Y,Manufacturer Direct,Standard
PRD-02107,FAM-00849,Oral rehydration products - Standard,Brand X,Manufacturer Direct,Standard
PRD-02108,FAM-00849,Oral rehydration products - Standard,Brand Y,Manufacturer Direct,Standard
PRD-02109,FAM-00850,Protein products - Standard,Brand X,Manufacturer Direct,Standard
PRD-02110,FAM-00850,Protein products - Standard,Brand Y,Manufacturer Direct,Standard
PRD-02111,FAM-00851,Wellness beverages - Standard,Brand X,Manufacturer Direct,Standard
PRD-02112,FAM-00851,Wellness beverages - Standard,Brand Y,Manufacturer Direct,Standard
PRD-02113,FAM-00852,Paints - Standard Category,Generic Brand 1,Manufacturer Direct,Standard Category
PRD-02114,FAM-00852,Paints - Standard Category,Generic Brand 2,Manufacturer Direct,Standard Category
PRD-02115,FAM-00853,Brushes - Standard Category,Generic Brand 1,Manufacturer Direct,Standard Category
PRD-02116,FAM-00853,Brushes - Standard Category,Generic Brand 2,Manufacturer Direct,Standard Category
PRD-02117,FAM-00854,Canvas - Standard Category,Generic Brand 1,Manufacturer Direct,Standard Category
PRD-02118,FAM-00854,Canvas - Standard Category,Generic Brand 2,Manufacturer Direct,Standard Category
PRD-02119,FAM-00855,Sketchbooks - Standard Category,Generic Brand 1,Manufacturer Direct,Standard Category
PRD-02120,FAM-00855,Sketchbooks - Standard Category,Generic Brand 2,Manufacturer Direct,Standard Category
PRD-02121,FAM-00856,Drawing pencils - Standard Category,Generic Brand 1,Manufacturer Direct,Standard Category
PRD-02122,FAM-00856,Drawing pencils - Standard Category,Generic Brand 2,Manufacturer Direct,Standard Category
PRD-02123,FAM-00857,Charcoal - Standard Category,Generic Brand 1,Manufacturer Direct,Standard Category
PRD-02124,FAM-00857,Charcoal - Standard Category,Generic Brand 2,Manufacturer Direct,Standard Category
PRD-02125,FAM-00858,Easels - Standard Category,Generic Brand 1,Manufacturer Direct,Standard Category
PRD-02126,FAM-00858,Easels - Standard Category,Generic Brand 2,Manufacturer Direct,Standard Category
PRD-02127,FAM-00859,Glue - Standard Category,Generic Brand 1,Manufacturer Direct,Standard Category
PRD-02128,FAM-00859,Glue - Standard Category,Generic Brand 2,Manufacturer Direct,Standard Category
PRD-02129,FAM-00860,Craft paper - Standard Category,Generic Brand 1,Manufacturer Direct,Standard Category
PRD-02130,FAM-00860,Craft paper - Standard Category,Generic Brand 2,Manufacturer Direct,Standard Category
PRD-02131,FAM-00861,Beads - Standard Category,Generic Brand 1,Manufacturer Direct,Standard Category
PRD-02132,FAM-00861,Beads - Standard Category,Generic Brand 2,Manufacturer Direct,Standard Category
PRD-02133,FAM-00862,Threads - Standard Category,Generic Brand 1,Manufacturer Direct,Standard Category
PRD-02134,FAM-00862,Threads - Standard Category,Generic Brand 2,Manufacturer Direct,Standard Category
PRD-02135,FAM-00863,Scissors - Standard Category,Generic Brand 1,Manufacturer Direct,Standard Category
PRD-02136,FAM-00863,Scissors - Standard Category,Generic Brand 2,Manufacturer Direct,Standard Category
PRD-02137,FAM-00864,Cutting tools - Standard Category,Generic Brand 1,Manufacturer Direct,Standard Category
PRD-02138,FAM-00864,Cutting tools - Standard Category,Generic Brand 2,Manufacturer Direct,Standard Category
PRD-02139,FAM-00865,Craft kits - Standard Category,Generic Brand 1,Manufacturer Direct,Standard Category
PRD-02140,FAM-00865,Craft kits - Standard Category,Generic Brand 2,Manufacturer Direct,Standard Category
PRD-02141,FAM-00866,Model kits - Standard Category,Generic Brand 1,Manufacturer Direct,Standard Category
PRD-02142,FAM-00866,Model kits - Standard Category,Generic Brand 2,Manufacturer Direct,Standard Category
PRD-02143,FAM-00867,Woodcraft kits - Standard Category,Generic Brand 1,Manufacturer Direct,Standard Category
PRD-02144,FAM-00867,Woodcraft kits - Standard Category,Generic Brand 2,Manufacturer Direct,Standard Category
PRD-02145,FAM-00868,Miniature kits - Standard Category,Generic Brand 1,Manufacturer Direct,Standard Category
PRD-02146,FAM-00868,Miniature kits - Standard Category,Generic Brand 2,Manufacturer Direct,Standard Category
PRD-02147,FAM-00869,Stamps - Standard Category,Generic Brand 1,Manufacturer Direct,Standard Category
PRD-02148,FAM-00869,Stamps - Standard Category,Generic Brand 2,Manufacturer Direct,Standard Category
PRD-02149,FAM-00870,Coins - Standard Category,Generic Brand 1,Manufacturer Direct,Standard Category
PRD-02150,FAM-00870,Coins - Standard Category,Generic Brand 2,Manufacturer Direct,Standard Category
PRD-02151,FAM-00871,Trading cards - Standard Category,Generic Brand 1,Manufacturer Direct,Standard Category
PRD-02152,FAM-00871,Trading cards - Standard Category,Generic Brand 2,Manufacturer Direct,Standard Category
PRD-02153,FAM-00872,Memorabilia - Standard Category,Generic Brand 1,Manufacturer Direct,Standard Category
PRD-02154,FAM-00872,Memorabilia - Standard Category,Generic Brand 2,Manufacturer Direct,Standard Category
PRD-02155,FAM-00873,Figurines - Standard Category,Generic Brand 1,Manufacturer Direct,Standard Category
PRD-02156,FAM-00873,Figurines - Standard Category,Generic Brand 2,Manufacturer Direct,Standard Category
PRD-02157,FAM-00874,Refrigerators - Standard Model,TechBrand X,Manufacturer Direct,Standard Model
PRD-02158,FAM-00874,Refrigerators - Standard Model,TechBrand Y,Manufacturer Direct,Standard Model
PRD-02159,FAM-00874,Refrigerators - Compact Model,TechBrand X,Manufacturer Direct,Compact Model
PRD-02160,FAM-00874,Refrigerators - Compact Model,TechBrand Y,Manufacturer Direct,Compact Model
PRD-02161,FAM-00875,Freezers - Standard Model,TechBrand X,Manufacturer Direct,Standard Model
PRD-02162,FAM-00875,Freezers - Standard Model,TechBrand Y,Manufacturer Direct,Standard Model
PRD-02163,FAM-00875,Freezers - Compact Model,TechBrand X,Manufacturer Direct,Compact Model
PRD-02164,FAM-00875,Freezers - Compact Model,TechBrand Y,Manufacturer Direct,Compact Model
PRD-02165,FAM-00876,Microwave ovens - Standard Model,TechBrand X,Manufacturer Direct,Standard Model
PRD-02166,FAM-00876,Microwave ovens - Standard Model,TechBrand Y,Manufacturer Direct,Standard Model
PRD-02167,FAM-00876,Microwave ovens - Compact Model,TechBrand X,Manufacturer Direct,Compact Model
PRD-02168,FAM-00876,Microwave ovens - Compact Model,TechBrand Y,Manufacturer Direct,Compact Model
PRD-02169,FAM-00877,OTGs - Standard Model,TechBrand X,Manufacturer Direct,Standard Model
PRD-02170,FAM-00877,OTGs - Standard Model,TechBrand Y,Manufacturer Direct,Standard Model
PRD-02171,FAM-00877,OTGs - Compact Model,TechBrand X,Manufacturer Direct,Compact Model
PRD-02172,FAM-00877,OTGs - Compact Model,TechBrand Y,Manufacturer Direct,Compact Model
PRD-02173,FAM-00878,Electric ovens - Standard Model,TechBrand X,Manufacturer Direct,Standard Model
PRD-02174,FAM-00878,Electric ovens - Standard Model,TechBrand Y,Manufacturer Direct,Standard Model
PRD-02175,FAM-00878,Electric ovens - Compact Model,TechBrand X,Manufacturer Direct,Compact Model
PRD-02176,FAM-00878,Electric ovens - Compact Model,TechBrand Y,Manufacturer Direct,Compact Model
PRD-02177,FAM-00879,Air fryers - Standard Model,TechBrand X,Manufacturer Direct,Standard Model
PRD-02178,FAM-00879,Air fryers - Standard Model,TechBrand Y,Manufacturer Direct,Standard Model
PRD-02179,FAM-00879,Air fryers - Compact Model,TechBrand X,Manufacturer Direct,Compact Model
PRD-02180,FAM-00879,Air fryers - Compact Model,TechBrand Y,Manufacturer Direct,Compact Model
PRD-02181,FAM-00880,Mixers - Standard Model,TechBrand X,Manufacturer Direct,Standard Model
PRD-02182,FAM-00880,Mixers - Standard Model,TechBrand Y,Manufacturer Direct,Standard Model
PRD-02183,FAM-00880,Mixers - Compact Model,TechBrand X,Manufacturer Direct,Compact Model
PRD-02184,FAM-00880,Mixers - Compact Model,TechBrand Y,Manufacturer Direct,Compact Model
PRD-02185,FAM-00881,Blenders - Standard Model,TechBrand X,Manufacturer Direct,Standard Model
PRD-02186,FAM-00881,Blenders - Standard Model,TechBrand Y,Manufacturer Direct,Standard Model
PRD-02187,FAM-00881,Blenders - Compact Model,TechBrand X,Manufacturer Direct,Compact Model
PRD-02188,FAM-00881,Blenders - Compact Model,TechBrand Y,Manufacturer Direct,Compact Model
PRD-02189,FAM-00882,Food processors - Standard Model,TechBrand X,Manufacturer Direct,Standard Model
PRD-02190,FAM-00882,Food processors - Standard Model,TechBrand Y,Manufacturer Direct,Standard Model
PRD-02191,FAM-00882,Food processors - Compact Model,TechBrand X,Manufacturer Direct,Compact Model
PRD-02192,FAM-00882,Food processors - Compact Model,TechBrand Y,Manufacturer Direct,Compact Model
PRD-02193,FAM-00883,Juicers - Standard Model,TechBrand X,Manufacturer Direct,Standard Model
PRD-02194,FAM-00883,Juicers - Standard Model,TechBrand Y,Manufacturer Direct,Standard Model
PRD-02195,FAM-00883,Juicers - Compact Model,TechBrand X,Manufacturer Direct,Compact Model
PRD-02196,FAM-00883,Juicers - Compact Model,TechBrand Y,Manufacturer Direct,Compact Model
PRD-02197,FAM-00884,Toasters - Standard Model,TechBrand X,Manufacturer Direct,Standard Model
PRD-02198,FAM-00884,Toasters - Standard Model,TechBrand Y,Manufacturer Direct,Standard Model
PRD-02199,FAM-00884,Toasters - Compact Model,TechBrand X,Manufacturer Direct,Compact Model
PRD-02200,FAM-00884,Toasters - Compact Model,TechBrand Y,Manufacturer Direct,Compact Model
PRD-02201,FAM-00885,Sandwich makers - Standard Model,TechBrand X,Manufacturer Direct,Standard Model
PRD-02202,FAM-00885,Sandwich makers - Standard Model,TechBrand Y,Manufacturer Direct,Standard Model
PRD-02203,FAM-00885,Sandwich makers - Compact Model,TechBrand X,Manufacturer Direct,Compact Model
PRD-02204,FAM-00885,Sandwich makers - Compact Model,TechBrand Y,Manufacturer Direct,Compact Model
PRD-02205,FAM-00886,Coffee machines - Standard Model,TechBrand X,Manufacturer Direct,Standard Model
PRD-02206,FAM-00886,Coffee machines - Standard Model,TechBrand Y,Manufacturer Direct,Standard Model
PRD-02207,FAM-00886,Coffee machines - Compact Model,TechBrand X,Manufacturer Direct,Compact Model
PRD-02208,FAM-00886,Coffee machines - Compact Model,TechBrand Y,Manufacturer Direct,Compact Model
PRD-02209,FAM-00887,Kettles - Standard Model,TechBrand X,Manufacturer Direct,Standard Model
PRD-02210,FAM-00887,Kettles - Standard Model,TechBrand Y,Manufacturer Direct,Standard Model
PRD-02211,FAM-00887,Kettles - Compact Model,TechBrand X,Manufacturer Direct,Compact Model
PRD-02212,FAM-00887,Kettles - Compact Model,TechBrand Y,Manufacturer Direct,Compact Model
PRD-02213,FAM-00888,Rice cookers - Standard Model,TechBrand X,Manufacturer Direct,Standard Model
PRD-02214,FAM-00888,Rice cookers - Standard Model,TechBrand Y,Manufacturer Direct,Standard Model
PRD-02215,FAM-00888,Rice cookers - Compact Model,TechBrand X,Manufacturer Direct,Compact Model
PRD-02216,FAM-00888,Rice cookers - Compact Model,TechBrand Y,Manufacturer Direct,Compact Model
PRD-02217,FAM-00889,Induction cooktops - Standard Model,TechBrand X,Manufacturer Direct,Standard Model
PRD-02218,FAM-00889,Induction cooktops - Standard Model,TechBrand Y,Manufacturer Direct,Standard Model
PRD-02219,FAM-00889,Induction cooktops - Compact Model,TechBrand X,Manufacturer Direct,Compact Model
PRD-02220,FAM-00889,Induction cooktops - Compact Model,TechBrand Y,Manufacturer Direct,Compact Model
PRD-02221,FAM-00890,Dishwashers - Standard Model,TechBrand X,Manufacturer Direct,Standard Model
PRD-02222,FAM-00890,Dishwashers - Standard Model,TechBrand Y,Manufacturer Direct,Standard Model
PRD-02223,FAM-00890,Dishwashers - Compact Model,TechBrand X,Manufacturer Direct,Compact Model
PRD-02224,FAM-00890,Dishwashers - Compact Model,TechBrand Y,Manufacturer Direct,Compact Model
PRD-02225,FAM-00891,Washing machines - Standard Model,TechBrand X,Manufacturer Direct,Standard Model
PRD-02226,FAM-00891,Washing machines - Standard Model,TechBrand Y,Manufacturer Direct,Standard Model
PRD-02227,FAM-00891,Washing machines - Compact Model,TechBrand X,Manufacturer Direct,Compact Model
PRD-02228,FAM-00891,Washing machines - Compact Model,TechBrand Y,Manufacturer Direct,Compact Model
PRD-02229,FAM-00892,Dryers - Standard Model,TechBrand X,Manufacturer Direct,Standard Model
PRD-02230,FAM-00892,Dryers - Standard Model,TechBrand Y,Manufacturer Direct,Standard Model
PRD-02231,FAM-00892,Dryers - Compact Model,TechBrand X,Manufacturer Direct,Compact Model
PRD-02232,FAM-00892,Dryers - Compact Model,TechBrand Y,Manufacturer Direct,Compact Model
PRD-02233,FAM-00893,Steamers - Standard Model,TechBrand X,Manufacturer Direct,Standard Model
PRD-02234,FAM-00893,Steamers - Standard Model,TechBrand Y,Manufacturer Direct,Standard Model
PRD-02235,FAM-00893,Steamers - Compact Model,TechBrand X,Manufacturer Direct,Compact Model
PRD-02236,FAM-00893,Steamers - Compact Model,TechBrand Y,Manufacturer Direct,Compact Model
PRD-02237,FAM-00894,Irons - Standard Model,TechBrand X,Manufacturer Direct,Standard Model
PRD-02238,FAM-00894,Irons - Standard Model,TechBrand Y,Manufacturer Direct,Standard Model
PRD-02239,FAM-00894,Irons - Compact Model,TechBrand X,Manufacturer Direct,Compact Model
PRD-02240,FAM-00894,Irons - Compact Model,TechBrand Y,Manufacturer Direct,Compact Model
PRD-02241,FAM-00895,Air conditioners - Standard Model,TechBrand X,Manufacturer Direct,Standard Model
PRD-02242,FAM-00895,Air conditioners - Standard Model,TechBrand Y,Manufacturer Direct,Standard Model
PRD-02243,FAM-00895,Air conditioners - Compact Model,TechBrand X,Manufacturer Direct,Compact Model
PRD-02244,FAM-00895,Air conditioners - Compact Model,TechBrand Y,Manufacturer Direct,Compact Model
PRD-02245,FAM-00896,Fans - Standard Model,TechBrand X,Manufacturer Direct,Standard Model
PRD-02246,FAM-00896,Fans - Standard Model,TechBrand Y,Manufacturer Direct,Standard Model
PRD-02247,FAM-00896,Fans - Compact Model,TechBrand X,Manufacturer Direct,Compact Model
PRD-02248,FAM-00896,Fans - Compact Model,TechBrand Y,Manufacturer Direct,Compact Model
PRD-02249,FAM-00897,Air coolers - Standard Model,TechBrand X,Manufacturer Direct,Standard Model
PRD-02250,FAM-00897,Air coolers - Standard Model,TechBrand Y,Manufacturer Direct,Standard Model
PRD-02251,FAM-00897,Air coolers - Compact Model,TechBrand X,Manufacturer Direct,Compact Model
PRD-02252,FAM-00897,Air coolers - Compact Model,TechBrand Y,Manufacturer Direct,Compact Model
PRD-02253,FAM-00898,Heaters - Standard Model,TechBrand X,Manufacturer Direct,Standard Model
PRD-02254,FAM-00898,Heaters - Standard Model,TechBrand Y,Manufacturer Direct,Standard Model
PRD-02255,FAM-00898,Heaters - Compact Model,TechBrand X,Manufacturer Direct,Compact Model
PRD-02256,FAM-00898,Heaters - Compact Model,TechBrand Y,Manufacturer Direct,Compact Model
PRD-02257,FAM-00899,Air purifiers - Standard Model,TechBrand X,Manufacturer Direct,Standard Model
PRD-02258,FAM-00899,Air purifiers - Standard Model,TechBrand Y,Manufacturer Direct,Standard Model
PRD-02259,FAM-00899,Air purifiers - Compact Model,TechBrand X,Manufacturer Direct,Compact Model
PRD-02260,FAM-00899,Air purifiers - Compact Model,TechBrand Y,Manufacturer Direct,Compact Model
PRD-02261,FAM-00900,Humidifiers - Standard Model,TechBrand X,Manufacturer Direct,Standard Model
PRD-02262,FAM-00900,Humidifiers - Standard Model,TechBrand Y,Manufacturer Direct,Standard Model
PRD-02263,FAM-00900,Humidifiers - Compact Model,TechBrand X,Manufacturer Direct,Compact Model
PRD-02264,FAM-00900,Humidifiers - Compact Model,TechBrand Y,Manufacturer Direct,Compact Model
PRD-02265,FAM-00901,Dehumidifiers - Standard Model,TechBrand X,Manufacturer Direct,Standard Model
PRD-02266,FAM-00901,Dehumidifiers - Standard Model,TechBrand Y,Manufacturer Direct,Standard Model
PRD-02267,FAM-00901,Dehumidifiers - Compact Model,TechBrand X,Manufacturer Direct,Compact Model
PRD-02268,FAM-00901,Dehumidifiers - Compact Model,TechBrand Y,Manufacturer Direct,Compact Model
PRD-02269,FAM-00902,Curtains - Standard,DecorBrand,Manufacturer Direct,Standard
PRD-02270,FAM-00902,Curtains - Standard,HomeTextiles,Manufacturer Direct,Standard
PRD-02271,FAM-00903,Bedsheets - Standard,HomeBrand X,Manufacturer Direct,Standard
PRD-02272,FAM-00903,Bedsheets - Standard,HomeBrand Y,Manufacturer Direct,Standard
PRD-02273,FAM-00904,Pillow covers - Standard,HomeBrand X,Manufacturer Direct,Standard
PRD-02274,FAM-00904,Pillow covers - Standard,HomeBrand Y,Manufacturer Direct,Standard
PRD-02275,FAM-00905,Blankets - Standard,HomeBrand X,Manufacturer Direct,Standard
PRD-02276,FAM-00905,Blankets - Standard,HomeBrand Y,Manufacturer Direct,Standard
PRD-02277,FAM-00906,Quilts - Standard,HomeBrand X,Manufacturer Direct,Standard
PRD-02278,FAM-00906,Quilts - Standard,HomeBrand Y,Manufacturer Direct,Standard
PRD-02279,FAM-00907,Comforters - Standard,HomeBrand X,Manufacturer Direct,Standard
PRD-02280,FAM-00907,Comforters - Standard,HomeBrand Y,Manufacturer Direct,Standard
PRD-02281,FAM-00908,Duvets - Standard,HomeBrand X,Manufacturer Direct,Standard
PRD-02282,FAM-00908,Duvets - Standard,HomeBrand Y,Manufacturer Direct,Standard
PRD-02283,FAM-00909,Towels - Standard,HomeBrand X,Manufacturer Direct,Standard
PRD-02284,FAM-00909,Towels - Standard,HomeBrand Y,Manufacturer Direct,Standard
PRD-02285,FAM-00910,Tablecloths - Standard,HomeBrand X,Manufacturer Direct,Standard
PRD-02286,FAM-00910,Tablecloths - Standard,HomeBrand Y,Manufacturer Direct,Standard
PRD-02287,FAM-00911,Napkins - Standard,HomeBrand X,Manufacturer Direct,Standard
PRD-02288,FAM-00911,Napkins - Standard,HomeBrand Y,Manufacturer Direct,Standard
PRD-02289,FAM-00912,Carpets - Standard,HomeBrand X,Manufacturer Direct,Standard
PRD-02290,FAM-00912,Carpets - Standard,HomeBrand Y,Manufacturer Direct,Standard
PRD-02291,FAM-00913,Rugs - Standard,HomeBrand X,Manufacturer Direct,Standard
PRD-02292,FAM-00913,Rugs - Standard,HomeBrand Y,Manufacturer Direct,Standard
PRD-02293,FAM-00914,Mats - Standard,HomeBrand X,Manufacturer Direct,Standard
PRD-02294,FAM-00914,Mats - Standard,HomeBrand Y,Manufacturer Direct,Standard
PRD-02295,FAM-00915,Door mats - Standard,HomeBrand X,Manufacturer Direct,Standard
PRD-02296,FAM-00915,Door mats - Standard,HomeBrand Y,Manufacturer Direct,Standard
PRD-02297,FAM-00916,Wall art - Standard,HomeBrand X,Manufacturer Direct,Standard
PRD-02298,FAM-00916,Wall art - Standard,HomeBrand Y,Manufacturer Direct,Standard
PRD-02299,FAM-00917,Paintings - Standard,HomeBrand X,Manufacturer Direct,Standard
PRD-02300,FAM-00917,Paintings - Standard,HomeBrand Y,Manufacturer Direct,Standard
PRD-02301,FAM-00918,Mirrors - Standard,HomeBrand X,Manufacturer Direct,Standard
PRD-02302,FAM-00918,Mirrors - Standard,HomeBrand Y,Manufacturer Direct,Standard
PRD-02303,FAM-00919,Vases - Standard,HomeBrand X,Manufacturer Direct,Standard
PRD-02304,FAM-00919,Vases - Standard,HomeBrand Y,Manufacturer Direct,Standard
PRD-02305,FAM-00920,Figurines - Standard,HomeBrand X,Manufacturer Direct,Standard
PRD-02306,FAM-00920,Figurines - Standard,HomeBrand Y,Manufacturer Direct,Standard
PRD-02307,FAM-00921,Sculptures - Standard,HomeBrand X,Manufacturer Direct,Standard
PRD-02308,FAM-00921,Sculptures - Standard,HomeBrand Y,Manufacturer Direct,Standard
PRD-02309,FAM-00922,Decorative boxes - Standard,HomeBrand X,Manufacturer Direct,Standard
PRD-02310,FAM-00922,Decorative boxes - Standard,HomeBrand Y,Manufacturer Direct,Standard
PRD-02311,FAM-00923,Clocks - Standard,HomeBrand X,Manufacturer Direct,Standard
PRD-02312,FAM-00923,Clocks - Standard,HomeBrand Y,Manufacturer Direct,Standard
PRD-02313,FAM-00924,Candles - Standard,HomeBrand X,Manufacturer Direct,Standard
PRD-02314,FAM-00924,Candles - Standard,HomeBrand Y,Manufacturer Direct,Standard
PRD-02315,FAM-00925,Candle holders - Standard,HomeBrand X,Manufacturer Direct,Standard
PRD-02316,FAM-00925,Candle holders - Standard,HomeBrand Y,Manufacturer Direct,Standard
PRD-02317,FAM-00926,Cushions - Standard,HomeBrand X,Manufacturer Direct,Standard
PRD-02318,FAM-00926,Cushions - Standard,HomeBrand Y,Manufacturer Direct,Standard
PRD-02319,FAM-00927,Throws - Standard,HomeBrand X,Manufacturer Direct,Standard
PRD-02320,FAM-00927,Throws - Standard,HomeBrand Y,Manufacturer Direct,Standard
PRD-02321,FAM-00928,Poufs - Standard,HomeBrand X,Manufacturer Direct,Standard
PRD-02322,FAM-00928,Poufs - Standard,HomeBrand Y,Manufacturer Direct,Standard
PRD-02323,FAM-00929,Beanbags - Standard,HomeBrand X,Manufacturer Direct,Standard
PRD-02324,FAM-00929,Beanbags - Standard,HomeBrand Y,Manufacturer Direct,Standard
PRD-02325,FAM-00930,Detergent - Standard,CleanBrand,Manufacturer Direct,Standard
PRD-02326,FAM-00930,Detergent - Standard,WashPro,Manufacturer Direct,Standard
PRD-02327,FAM-00931,Fabric softener - Standard,Brand X,Manufacturer Direct,Standard
PRD-02328,FAM-00931,Fabric softener - Standard,Brand Y,Manufacturer Direct,Standard
PRD-02329,FAM-00932,Stain remover - Standard,Brand X,Manufacturer Direct,Standard
PRD-02330,FAM-00932,Stain remover - Standard,Brand Y,Manufacturer Direct,Standard
PRD-02331,FAM-00933,Bleach - Standard,Brand X,Manufacturer Direct,Standard
PRD-02332,FAM-00933,Bleach - Standard,Brand Y,Manufacturer Direct,Standard
PRD-02333,FAM-00934,Laundry pods - Standard,Brand X,Manufacturer Direct,Standard
PRD-02334,FAM-00934,Laundry pods - Standard,Brand Y,Manufacturer Direct,Standard
PRD-02335,FAM-00935,Dishwash liquid - Standard,Brand X,Manufacturer Direct,Standard
PRD-02336,FAM-00935,Dishwash liquid - Standard,Brand Y,Manufacturer Direct,Standard
PRD-02337,FAM-00936,Dishwasher tablets - Standard,Brand X,Manufacturer Direct,Standard
PRD-02338,FAM-00936,Dishwasher tablets - Standard,Brand Y,Manufacturer Direct,Standard
PRD-02339,FAM-00937,Dishwashing powder - Standard,Brand X,Manufacturer Direct,Standard
PRD-02340,FAM-00937,Dishwashing powder - Standard,Brand Y,Manufacturer Direct,Standard
PRD-02341,FAM-00938,Scrubbers - Standard,Brand X,Manufacturer Direct,Standard
PRD-02342,FAM-00938,Scrubbers - Standard,Brand Y,Manufacturer Direct,Standard
PRD-02343,FAM-00939,Floor cleaner - Standard,Brand X,Manufacturer Direct,Standard
PRD-02344,FAM-00939,Floor cleaner - Standard,Brand Y,Manufacturer Direct,Standard
PRD-02345,FAM-00940,Glass cleaner - Standard,Brand X,Manufacturer Direct,Standard
PRD-02346,FAM-00940,Glass cleaner - Standard,Brand Y,Manufacturer Direct,Standard
PRD-02347,FAM-00941,Bathroom cleaner - Standard,Brand X,Manufacturer Direct,Standard
PRD-02348,FAM-00941,Bathroom cleaner - Standard,Brand Y,Manufacturer Direct,Standard
PRD-02349,FAM-00942,Kitchen cleaner - Standard,Brand X,Manufacturer Direct,Standard
PRD-02350,FAM-00942,Kitchen cleaner - Standard,Brand Y,Manufacturer Direct,Standard
PRD-02351,FAM-00943,Disinfectant - Standard,Brand X,Manufacturer Direct,Standard
PRD-02352,FAM-00943,Disinfectant - Standard,Brand Y,Manufacturer Direct,Standard
PRD-02353,FAM-00944,Multipurpose cleaner - Standard,Brand X,Manufacturer Direct,Standard
PRD-02354,FAM-00944,Multipurpose cleaner - Standard,Brand Y,Manufacturer Direct,Standard
PRD-02355,FAM-00945,Brooms - Standard,Brand X,Manufacturer Direct,Standard
PRD-02356,FAM-00945,Brooms - Standard,Brand Y,Manufacturer Direct,Standard
PRD-02357,FAM-00946,Mops - Standard,Brand X,Manufacturer Direct,Standard
PRD-02358,FAM-00946,Mops - Standard,Brand Y,Manufacturer Direct,Standard
PRD-02359,FAM-00947,Buckets - Standard,Brand X,Manufacturer Direct,Standard
PRD-02360,FAM-00947,Buckets - Standard,Brand Y,Manufacturer Direct,Standard
PRD-02361,FAM-00948,Brushes - Standard,Brand X,Manufacturer Direct,Standard
PRD-02362,FAM-00948,Brushes - Standard,Brand Y,Manufacturer Direct,Standard
PRD-02363,FAM-00949,Dustpans - Standard,Brand X,Manufacturer Direct,Standard
PRD-02364,FAM-00949,Dustpans - Standard,Brand Y,Manufacturer Direct,Standard
PRD-02365,FAM-00950,Sponges - Standard,Brand X,Manufacturer Direct,Standard
PRD-02366,FAM-00950,Sponges - Standard,Brand Y,Manufacturer Direct,Standard
PRD-02367,FAM-00951,Microfiber cloths - Standard,Brand X,Manufacturer Direct,Standard
PRD-02368,FAM-00951,Microfiber cloths - Standard,Brand Y,Manufacturer Direct,Standard
PRD-02369,FAM-00952,Gloves - Standard,Brand X,Manufacturer Direct,Standard
PRD-02370,FAM-00952,Gloves - Standard,Brand Y,Manufacturer Direct,Standard
PRD-02371,FAM-00953,Gold jewellery - Standard Fit,Brand X,Manufacturer Direct,Standard Fit
PRD-02372,FAM-00953,Gold jewellery - Standard Fit,Brand Y,Manufacturer Direct,Standard Fit
PRD-02373,FAM-00953,Gold jewellery - Premium Style,Brand X,Manufacturer Direct,Premium Style
PRD-02374,FAM-00953,Gold jewellery - Premium Style,Brand Y,Manufacturer Direct,Premium Style
PRD-02375,FAM-00954,Silver jewellery - Standard Fit,Brand X,Manufacturer Direct,Standard Fit
PRD-02376,FAM-00954,Silver jewellery - Standard Fit,Brand Y,Manufacturer Direct,Standard Fit
PRD-02377,FAM-00954,Silver jewellery - Premium Style,Brand X,Manufacturer Direct,Premium Style
PRD-02378,FAM-00954,Silver jewellery - Premium Style,Brand Y,Manufacturer Direct,Premium Style
PRD-02379,FAM-00955,Platinum jewellery - Standard Fit,Brand X,Manufacturer Direct,Standard Fit
PRD-02380,FAM-00955,Platinum jewellery - Standard Fit,Brand Y,Manufacturer Direct,Standard Fit
PRD-02381,FAM-00955,Platinum jewellery - Premium Style,Brand X,Manufacturer Direct,Premium Style
PRD-02382,FAM-00955,Platinum jewellery - Premium Style,Brand Y,Manufacturer Direct,Premium Style
PRD-02383,FAM-00956,Diamond jewellery - Standard Fit,Brand X,Manufacturer Direct,Standard Fit
PRD-02384,FAM-00956,Diamond jewellery - Standard Fit,Brand Y,Manufacturer Direct,Standard Fit
PRD-02385,FAM-00956,Diamond jewellery - Premium Style,Brand X,Manufacturer Direct,Premium Style
PRD-02386,FAM-00956,Diamond jewellery - Premium Style,Brand Y,Manufacturer Direct,Premium Style
PRD-02387,FAM-00957,Gemstone jewellery - Standard Fit,Brand X,Manufacturer Direct,Standard Fit
PRD-02388,FAM-00957,Gemstone jewellery - Standard Fit,Brand Y,Manufacturer Direct,Standard Fit
PRD-02389,FAM-00957,Gemstone jewellery - Premium Style,Brand X,Manufacturer Direct,Premium Style
PRD-02390,FAM-00957,Gemstone jewellery - Premium Style,Brand Y,Manufacturer Direct,Premium Style
PRD-02391,FAM-00958,Artificial jewellery - Standard Fit,Brand X,Manufacturer Direct,Standard Fit
PRD-02392,FAM-00958,Artificial jewellery - Standard Fit,Brand Y,Manufacturer Direct,Standard Fit
PRD-02393,FAM-00958,Artificial jewellery - Premium Style,Brand X,Manufacturer Direct,Premium Style
PRD-02394,FAM-00958,Artificial jewellery - Premium Style,Brand Y,Manufacturer Direct,Premium Style
PRD-02395,FAM-00959,Costume jewellery - Standard Fit,Brand X,Manufacturer Direct,Standard Fit
PRD-02396,FAM-00959,Costume jewellery - Standard Fit,Brand Y,Manufacturer Direct,Standard Fit
PRD-02397,FAM-00959,Costume jewellery - Premium Style,Brand X,Manufacturer Direct,Premium Style
PRD-02398,FAM-00959,Costume jewellery - Premium Style,Brand Y,Manufacturer Direct,Premium Style
PRD-02399,FAM-00960,Chains - Standard Fit,Brand X,Manufacturer Direct,Standard Fit
PRD-02400,FAM-00960,Chains - Standard Fit,Brand Y,Manufacturer Direct,Standard Fit
PRD-02401,FAM-00960,Chains - Premium Style,Brand X,Manufacturer Direct,Premium Style
PRD-02402,FAM-00960,Chains - Premium Style,Brand Y,Manufacturer Direct,Premium Style
PRD-02403,FAM-00961,Necklaces - Standard Fit,Brand X,Manufacturer Direct,Standard Fit
PRD-02404,FAM-00961,Necklaces - Standard Fit,Brand Y,Manufacturer Direct,Standard Fit
PRD-02405,FAM-00961,Necklaces - Premium Style,Brand X,Manufacturer Direct,Premium Style
PRD-02406,FAM-00961,Necklaces - Premium Style,Brand Y,Manufacturer Direct,Premium Style
PRD-02407,FAM-00962,Bracelets - Standard Fit,Brand X,Manufacturer Direct,Standard Fit
PRD-02408,FAM-00962,Bracelets - Standard Fit,Brand Y,Manufacturer Direct,Standard Fit
PRD-02409,FAM-00962,Bracelets - Premium Style,Brand X,Manufacturer Direct,Premium Style
PRD-02410,FAM-00962,Bracelets - Premium Style,Brand Y,Manufacturer Direct,Premium Style
PRD-02411,FAM-00963,Bangles - Standard Fit,Brand X,Manufacturer Direct,Standard Fit
PRD-02412,FAM-00963,Bangles - Standard Fit,Brand Y,Manufacturer Direct,Standard Fit
PRD-02413,FAM-00963,Bangles - Premium Style,Brand X,Manufacturer Direct,Premium Style
PRD-02414,FAM-00963,Bangles - Premium Style,Brand Y,Manufacturer Direct,Premium Style
PRD-02415,FAM-00964,Rings - Standard Fit,Brand X,Manufacturer Direct,Standard Fit
PRD-02416,FAM-00964,Rings - Standard Fit,Brand Y,Manufacturer Direct,Standard Fit
PRD-02417,FAM-00964,Rings - Premium Style,Brand X,Manufacturer Direct,Premium Style
PRD-02418,FAM-00964,Rings - Premium Style,Brand Y,Manufacturer Direct,Premium Style
PRD-02419,FAM-00965,Earrings - Standard Fit,Brand X,Manufacturer Direct,Standard Fit
PRD-02420,FAM-00965,Earrings - Standard Fit,Brand Y,Manufacturer Direct,Standard Fit
PRD-02421,FAM-00965,Earrings - Premium Style,Brand X,Manufacturer Direct,Premium Style
PRD-02422,FAM-00965,Earrings - Premium Style,Brand Y,Manufacturer Direct,Premium Style
PRD-02423,FAM-00966,Anklets - Standard Fit,Brand X,Manufacturer Direct,Standard Fit
PRD-02424,FAM-00966,Anklets - Standard Fit,Brand Y,Manufacturer Direct,Standard Fit
PRD-02425,FAM-00966,Anklets - Premium Style,Brand X,Manufacturer Direct,Premium Style
PRD-02426,FAM-00966,Anklets - Premium Style,Brand Y,Manufacturer Direct,Premium Style
PRD-02427,FAM-00967,Pendants - Standard Fit,Brand X,Manufacturer Direct,Standard Fit
PRD-02428,FAM-00967,Pendants - Standard Fit,Brand Y,Manufacturer Direct,Standard Fit
PRD-02429,FAM-00967,Pendants - Premium Style,Brand X,Manufacturer Direct,Premium Style
PRD-02430,FAM-00967,Pendants - Premium Style,Brand Y,Manufacturer Direct,Premium Style
PRD-02431,FAM-00968,Jewellery boxes - Standard Fit,Brand X,Manufacturer Direct,Standard Fit
PRD-02432,FAM-00968,Jewellery boxes - Standard Fit,Brand Y,Manufacturer Direct,Standard Fit
PRD-02433,FAM-00968,Jewellery boxes - Premium Style,Brand X,Manufacturer Direct,Premium Style
PRD-02434,FAM-00968,Jewellery boxes - Premium Style,Brand Y,Manufacturer Direct,Premium Style
PRD-02435,FAM-00969,Jewellery organizers - Standard Fit,Brand X,Manufacturer Direct,Standard Fit
PRD-02436,FAM-00969,Jewellery organizers - Standard Fit,Brand Y,Manufacturer Direct,Standard Fit
PRD-02437,FAM-00969,Jewellery organizers - Premium Style,Brand X,Manufacturer Direct,Premium Style
PRD-02438,FAM-00969,Jewellery organizers - Premium Style,Brand Y,Manufacturer Direct,Premium Style
PRD-02439,FAM-00970,Watch boxes - Standard Fit,Brand X,Manufacturer Direct,Standard Fit
PRD-02440,FAM-00970,Watch boxes - Standard Fit,Brand Y,Manufacturer Direct,Standard Fit
PRD-02441,FAM-00970,Watch boxes - Premium Style,Brand X,Manufacturer Direct,Premium Style
PRD-02442,FAM-00970,Watch boxes - Premium Style,Brand Y,Manufacturer Direct,Premium Style
PRD-02443,FAM-00971,Pots - Standard,HomeBrand X,Manufacturer Direct,Standard
PRD-02444,FAM-00971,Pots - Standard,HomeBrand Y,Manufacturer Direct,Standard
PRD-02445,FAM-00972,Pans - Standard,HomeBrand X,Manufacturer Direct,Standard
PRD-02446,FAM-00972,Pans - Standard,HomeBrand Y,Manufacturer Direct,Standard
PRD-02447,FAM-00973,Pressure cookers - Standard,HomeBrand X,Manufacturer Direct,Standard
PRD-02448,FAM-00973,Pressure cookers - Standard,HomeBrand Y,Manufacturer Direct,Standard
PRD-02449,FAM-00974,Tawas - Standard,HomeBrand X,Manufacturer Direct,Standard
PRD-02450,FAM-00974,Tawas - Standard,HomeBrand Y,Manufacturer Direct,Standard
PRD-02451,FAM-00975,Woks - Standard,HomeBrand X,Manufacturer Direct,Standard
PRD-02452,FAM-00975,Woks - Standard,HomeBrand Y,Manufacturer Direct,Standard
PRD-02453,FAM-00976,Sauce pans - Standard,HomeBrand X,Manufacturer Direct,Standard
PRD-02454,FAM-00976,Sauce pans - Standard,HomeBrand Y,Manufacturer Direct,Standard
PRD-02455,FAM-00977,Dutch ovens - Standard,HomeBrand X,Manufacturer Direct,Standard
PRD-02456,FAM-00977,Dutch ovens - Standard,HomeBrand Y,Manufacturer Direct,Standard
PRD-02457,FAM-00978,Baking trays - Standard,HomeBrand X,Manufacturer Direct,Standard
PRD-02458,FAM-00978,Baking trays - Standard,HomeBrand Y,Manufacturer Direct,Standard
PRD-02459,FAM-00979,Cake moulds - Standard,HomeBrand X,Manufacturer Direct,Standard
PRD-02460,FAM-00979,Cake moulds - Standard,HomeBrand Y,Manufacturer Direct,Standard
PRD-02461,FAM-00980,Baking tins - Standard,HomeBrand X,Manufacturer Direct,Standard
PRD-02462,FAM-00980,Baking tins - Standard,HomeBrand Y,Manufacturer Direct,Standard
PRD-02463,FAM-00981,Oven dishes - Standard,HomeBrand X,Manufacturer Direct,Standard
PRD-02464,FAM-00981,Oven dishes - Standard,HomeBrand Y,Manufacturer Direct,Standard
PRD-02465,FAM-00982,Knives - Standard,HomeBrand X,Manufacturer Direct,Standard
PRD-02466,FAM-00982,Knives - Standard,HomeBrand Y,Manufacturer Direct,Standard
PRD-02467,FAM-00983,Peelers - Standard,HomeBrand X,Manufacturer Direct,Standard
PRD-02468,FAM-00983,Peelers - Standard,HomeBrand Y,Manufacturer Direct,Standard
PRD-02469,FAM-00984,Graters - Standard,HomeBrand X,Manufacturer Direct,Standard
PRD-02470,FAM-00984,Graters - Standard,HomeBrand Y,Manufacturer Direct,Standard
PRD-02471,FAM-00985,Choppers - Standard,HomeBrand X,Manufacturer Direct,Standard
PRD-02472,FAM-00985,Choppers - Standard,HomeBrand Y,Manufacturer Direct,Standard
PRD-02473,FAM-00986,Whisks - Standard,HomeBrand X,Manufacturer Direct,Standard
PRD-02474,FAM-00986,Whisks - Standard,HomeBrand Y,Manufacturer Direct,Standard
PRD-02475,FAM-00987,Spatulas - Standard,HomeBrand X,Manufacturer Direct,Standard
PRD-02476,FAM-00987,Spatulas - Standard,HomeBrand Y,Manufacturer Direct,Standard
PRD-02477,FAM-00988,Tongs - Standard,HomeBrand X,Manufacturer Direct,Standard
PRD-02478,FAM-00988,Tongs - Standard,HomeBrand Y,Manufacturer Direct,Standard
PRD-02479,FAM-00989,Measuring cups - Standard,HomeBrand X,Manufacturer Direct,Standard
PRD-02480,FAM-00989,Measuring cups - Standard,HomeBrand Y,Manufacturer Direct,Standard
PRD-02481,FAM-00990,Containers - Standard,HomeBrand X,Manufacturer Direct,Standard
PRD-02482,FAM-00990,Containers - Standard,HomeBrand Y,Manufacturer Direct,Standard
PRD-02483,FAM-00991,Jars - Standard,HomeBrand X,Manufacturer Direct,Standard
PRD-02484,FAM-00991,Jars - Standard,HomeBrand Y,Manufacturer Direct,Standard
PRD-02485,FAM-00992,Spice boxes - Standard,HomeBrand X,Manufacturer Direct,Standard
PRD-02486,FAM-00992,Spice boxes - Standard,HomeBrand Y,Manufacturer Direct,Standard
PRD-02487,FAM-00993,Lunch boxes - Standard,HomeBrand X,Manufacturer Direct,Standard
PRD-02488,FAM-00993,Lunch boxes - Standard,HomeBrand Y,Manufacturer Direct,Standard
PRD-02489,FAM-00994,Water bottles - Standard,HomeBrand X,Manufacturer Direct,Standard
PRD-02490,FAM-00994,Water bottles - Standard,HomeBrand Y,Manufacturer Direct,Standard
PRD-02491,FAM-00995,Thermos - Standard,HomeBrand X,Manufacturer Direct,Standard
PRD-02492,FAM-00995,Thermos - Standard,HomeBrand Y,Manufacturer Direct,Standard
PRD-02493,FAM-00996,Plates - Standard,HomeBrand X,Manufacturer Direct,Standard
PRD-02494,FAM-00996,Plates - Standard,HomeBrand Y,Manufacturer Direct,Standard
PRD-02495,FAM-00997,Bowls - Standard,HomeBrand X,Manufacturer Direct,Standard
PRD-02496,FAM-00997,Bowls - Standard,HomeBrand Y,Manufacturer Direct,Standard
PRD-02497,FAM-00998,Cups - Standard,HomeBrand X,Manufacturer Direct,Standard
PRD-02498,FAM-00998,Cups - Standard,HomeBrand Y,Manufacturer Direct,Standard
PRD-02499,FAM-00999,Mugs - Standard,HomeBrand X,Manufacturer Direct,Standard
PRD-02500,FAM-00999,Mugs - Standard,HomeBrand Y,Manufacturer Direct,Standard
PRD-02501,FAM-01000,Glasses - Standard,HomeBrand X,Manufacturer Direct,Standard
PRD-02502,FAM-01000,Glasses - Standard,HomeBrand Y,Manufacturer Direct,Standard
PRD-02503,FAM-01001,Cutlery - Standard,HomeBrand X,Manufacturer Direct,Standard
PRD-02504,FAM-01001,Cutlery - Standard,HomeBrand Y,Manufacturer Direct,Standard
PRD-02505,FAM-01002,Serving dishes - Standard,HomeBrand X,Manufacturer Direct,Standard
PRD-02506,FAM-01002,Serving dishes - Standard,HomeBrand Y,Manufacturer Direct,Standard
PRD-02507,FAM-01003,Coffee makers - Standard,HomeBrand X,Manufacturer Direct,Standard
PRD-02508,FAM-01003,Coffee makers - Standard,HomeBrand Y,Manufacturer Direct,Standard
PRD-02509,FAM-01004,French presses - Standard,HomeBrand X,Manufacturer Direct,Standard
PRD-02510,FAM-01004,French presses - Standard,HomeBrand Y,Manufacturer Direct,Standard
PRD-02511,FAM-01005,Bar equipment - Standard,HomeBrand X,Manufacturer Direct,Standard
PRD-02512,FAM-01005,Bar equipment - Standard,HomeBrand Y,Manufacturer Direct,Standard
PRD-02513,FAM-01006,Cheese boards - Standard,HomeBrand X,Manufacturer Direct,Standard
PRD-02514,FAM-01006,Cheese boards - Standard,HomeBrand Y,Manufacturer Direct,Standard
PRD-02515,FAM-01007,Sushi equipment - Standard,HomeBrand X,Manufacturer Direct,Standard
PRD-02516,FAM-01007,Sushi equipment - Standard,HomeBrand Y,Manufacturer Direct,Standard
PRD-02517,FAM-01008,Chicken - Standard,FreshMeats,Supplier M,Standard
PRD-02518,FAM-01008,Chicken - Standard,FarmCut,Supplier M,Standard
PRD-02519,FAM-01009,Mutton - Standard,Brand A,Supplier X,Standard
PRD-02520,FAM-01009,Mutton - Standard,Brand B,Supplier X,Standard
PRD-02521,FAM-01010,Beef/buffalo where legally applicable - Standard,Brand A,Supplier X,Standard
PRD-02522,FAM-01010,Beef/buffalo where legally applicable - Standard,Brand B,Supplier X,Standard
PRD-02523,FAM-01011,Pork where applicable - Standard,Brand A,Supplier X,Standard
PRD-02524,FAM-01011,Pork where applicable - Standard,Brand B,Supplier X,Standard
PRD-02525,FAM-01012,Lamb - Standard,Brand A,Supplier X,Standard
PRD-02526,FAM-01012,Lamb - Standard,Brand B,Supplier X,Standard
PRD-02527,FAM-01013,Turkey - Standard,Brand A,Supplier X,Standard
PRD-02528,FAM-01013,Turkey - Standard,Brand B,Supplier X,Standard
PRD-02529,FAM-01014,Duck - Standard,Brand A,Supplier X,Standard
PRD-02530,FAM-01014,Duck - Standard,Brand B,Supplier X,Standard
PRD-02531,FAM-01015,Processed meat - Standard,Brand A,Supplier X,Standard
PRD-02532,FAM-01015,Processed meat - Standard,Brand B,Supplier X,Standard
PRD-02533,FAM-01016,Freshwater fish - Standard,Brand A,Supplier X,Standard
PRD-02534,FAM-01016,Freshwater fish - Standard,Brand B,Supplier X,Standard
PRD-02535,FAM-01017,Marine fish - Standard,Brand A,Supplier X,Standard
PRD-02536,FAM-01017,Marine fish - Standard,Brand B,Supplier X,Standard
PRD-02537,FAM-01018,Premium fish - Standard,Brand A,Supplier X,Standard
PRD-02538,FAM-01018,Premium fish - Standard,Brand B,Supplier X,Standard
PRD-02539,FAM-01019,Fillets - Standard,Brand A,Supplier X,Standard
PRD-02540,FAM-01019,Fillets - Standard,Brand B,Supplier X,Standard
PRD-02541,FAM-01020,Whole fish - Standard,Brand A,Supplier X,Standard
PRD-02542,FAM-01020,Whole fish - Standard,Brand B,Supplier X,Standard
PRD-02543,FAM-01021,Prawns - Standard,Brand A,Supplier X,Standard
PRD-02544,FAM-01021,Prawns - Standard,Brand B,Supplier X,Standard
PRD-02545,FAM-01022,Shrimp - Standard,Brand A,Supplier X,Standard
PRD-02546,FAM-01022,Shrimp - Standard,Brand B,Supplier X,Standard
PRD-02547,FAM-01023,Crab - Standard,Brand A,Supplier X,Standard
PRD-02548,FAM-01023,Crab - Standard,Brand B,Supplier X,Standard
PRD-02549,FAM-01024,Lobster - Standard,Brand A,Supplier X,Standard
PRD-02550,FAM-01024,Lobster - Standard,Brand B,Supplier X,Standard
PRD-02551,FAM-01025,Squid - Standard,Brand A,Supplier X,Standard
PRD-02552,FAM-01025,Squid - Standard,Brand B,Supplier X,Standard
PRD-02553,FAM-01026,Mussels - Standard,Brand A,Supplier X,Standard
PRD-02554,FAM-01026,Mussels - Standard,Brand B,Supplier X,Standard
PRD-02555,FAM-01027,Oysters - Standard,Brand A,Supplier X,Standard
PRD-02556,FAM-01027,Oysters - Standard,Brand B,Supplier X,Standard
PRD-02557,FAM-01028,Clams - Standard,Brand A,Supplier X,Standard
PRD-02558,FAM-01028,Clams - Standard,Brand B,Supplier X,Standard
PRD-02559,FAM-01029,Chicken eggs - Standard,Brand A,Supplier X,Standard
PRD-02560,FAM-01029,Chicken eggs - Standard,Brand B,Supplier X,Standard
PRD-02561,FAM-01030,Quail eggs - Standard,Brand A,Supplier X,Standard
PRD-02562,FAM-01030,Quail eggs - Standard,Brand B,Supplier X,Standard
PRD-02563,FAM-01031,Duck eggs - Standard,Brand A,Supplier X,Standard
PRD-02564,FAM-01031,Duck eggs - Standard,Brand B,Supplier X,Standard
PRD-02565,FAM-01032,Free-range eggs - Standard,Brand A,Supplier X,Standard
PRD-02566,FAM-01032,Free-range eggs - Standard,Brand B,Supplier X,Standard
PRD-02567,FAM-01033,Organic eggs - Standard,Brand A,Supplier X,Standard
PRD-02568,FAM-01033,Organic eggs - Standard,Brand B,Supplier X,Standard
PRD-02569,FAM-01034,Sausages - Standard,Brand A,Supplier X,Standard
PRD-02570,FAM-01034,Sausages - Standard,Brand B,Supplier X,Standard
PRD-02571,FAM-01035,Salami - Standard,Brand A,Supplier X,Standard
PRD-02572,FAM-01035,Salami - Standard,Brand B,Supplier X,Standard
PRD-02573,FAM-01036,Ham - Standard,Brand A,Supplier X,Standard
PRD-02574,FAM-01036,Ham - Standard,Brand B,Supplier X,Standard
PRD-02575,FAM-01037,Nuggets - Standard,Brand A,Supplier X,Standard
PRD-02576,FAM-01037,Nuggets - Standard,Brand B,Supplier X,Standard
PRD-02577,FAM-01038,Kebabs - Standard,Brand A,Supplier X,Standard
PRD-02578,FAM-01038,Kebabs - Standard,Brand B,Supplier X,Standard
PRD-02579,FAM-01039,Meatballs - Standard,Brand A,Supplier X,Standard
PRD-02580,FAM-01039,Meatballs - Standard,Brand B,Supplier X,Standard
PRD-02581,FAM-01040,Marinated meat - Standard,Brand A,Supplier X,Standard
PRD-02582,FAM-01040,Marinated meat - Standard,Brand B,Supplier X,Standard
PRD-02583,FAM-01041,Guitars - Standard Category,Generic Brand 1,Manufacturer Direct,Standard Category
PRD-02584,FAM-01041,Guitars - Standard Category,Generic Brand 2,Manufacturer Direct,Standard Category
PRD-02585,FAM-01042,Keyboards - Standard Category,Generic Brand 1,Manufacturer Direct,Standard Category
PRD-02586,FAM-01042,Keyboards - Standard Category,Generic Brand 2,Manufacturer Direct,Standard Category
PRD-02587,FAM-01043,Pianos - Standard Category,Generic Brand 1,Manufacturer Direct,Standard Category
PRD-02588,FAM-01043,Pianos - Standard Category,Generic Brand 2,Manufacturer Direct,Standard Category
PRD-02589,FAM-01044,Violins - Standard Category,Generic Brand 1,Manufacturer Direct,Standard Category
PRD-02590,FAM-01044,Violins - Standard Category,Generic Brand 2,Manufacturer Direct,Standard Category
PRD-02591,FAM-01045,Drums - Standard Category,Generic Brand 1,Manufacturer Direct,Standard Category
PRD-02592,FAM-01045,Drums - Standard Category,Generic Brand 2,Manufacturer Direct,Standard Category
PRD-02593,FAM-01046,Ukuleles - Standard Category,Generic Brand 1,Manufacturer Direct,Standard Category
PRD-02594,FAM-01046,Ukuleles - Standard Category,Generic Brand 2,Manufacturer Direct,Standard Category
PRD-02595,FAM-01047,Flutes - Standard Category,Generic Brand 1,Manufacturer Direct,Standard Category
PRD-02596,FAM-01047,Flutes - Standard Category,Generic Brand 2,Manufacturer Direct,Standard Category
PRD-02597,FAM-01048,Harmonicas - Standard Category,Generic Brand 1,Manufacturer Direct,Standard Category
PRD-02598,FAM-01048,Harmonicas - Standard Category,Generic Brand 2,Manufacturer Direct,Standard Category
PRD-02599,FAM-01049,Indian classical instruments - Standard Category,Generic Brand 1,Manufacturer Direct,Standard Category
PRD-02600,FAM-01049,Indian classical instruments - Standard Category,Generic Brand 2,Manufacturer Direct,Standard Category
PRD-02601,FAM-01050,Percussion instruments - Standard Category,Generic Brand 1,Manufacturer Direct,Standard Category
PRD-02602,FAM-01050,Percussion instruments - Standard Category,Generic Brand 2,Manufacturer Direct,Standard Category
PRD-02603,FAM-01051,Strings - Standard Category,Generic Brand 1,Manufacturer Direct,Standard Category
PRD-02604,FAM-01051,Strings - Standard Category,Generic Brand 2,Manufacturer Direct,Standard Category
PRD-02605,FAM-01052,Picks - Standard Category,Generic Brand 1,Manufacturer Direct,Standard Category
PRD-02606,FAM-01052,Picks - Standard Category,Generic Brand 2,Manufacturer Direct,Standard Category
PRD-02607,FAM-01053,Stands - Standard Category,Generic Brand 1,Manufacturer Direct,Standard Category
PRD-02608,FAM-01053,Stands - Standard Category,Generic Brand 2,Manufacturer Direct,Standard Category
PRD-02609,FAM-01054,Cases - Standard Category,Generic Brand 1,Manufacturer Direct,Standard Category
PRD-02610,FAM-01054,Cases - Standard Category,Generic Brand 2,Manufacturer Direct,Standard Category
PRD-02611,FAM-01055,Tuners - Standard Category,Generic Brand 1,Manufacturer Direct,Standard Category
PRD-02612,FAM-01055,Tuners - Standard Category,Generic Brand 2,Manufacturer Direct,Standard Category
PRD-02613,FAM-01056,Metronomes - Standard Category,Generic Brand 1,Manufacturer Direct,Standard Category
PRD-02614,FAM-01056,Metronomes - Standard Category,Generic Brand 2,Manufacturer Direct,Standard Category
PRD-02615,FAM-01057,Microphones - Standard Category,Generic Brand 1,Manufacturer Direct,Standard Category
PRD-02616,FAM-01057,Microphones - Standard Category,Generic Brand 2,Manufacturer Direct,Standard Category
PRD-02617,FAM-01058,Amplifiers - Standard Category,Generic Brand 1,Manufacturer Direct,Standard Category
PRD-02618,FAM-01058,Amplifiers - Standard Category,Generic Brand 2,Manufacturer Direct,Standard Category
PRD-02619,FAM-01059,Cables - Standard Category,Generic Brand 1,Manufacturer Direct,Standard Category
PRD-02620,FAM-01059,Cables - Standard Category,Generic Brand 2,Manufacturer Direct,Standard Category
PRD-02621,FAM-01060,Printer paper - Standard Category,Generic Brand 1,Manufacturer Direct,Standard Category
PRD-02622,FAM-01060,Printer paper - Standard Category,Generic Brand 2,Manufacturer Direct,Standard Category
PRD-02623,FAM-01061,Toner - Standard Category,Generic Brand 1,Manufacturer Direct,Standard Category
PRD-02624,FAM-01061,Toner - Standard Category,Generic Brand 2,Manufacturer Direct,Standard Category
PRD-02625,FAM-01062,Ink cartridges - Standard Category,Generic Brand 1,Manufacturer Direct,Standard Category
PRD-02626,FAM-01062,Ink cartridges - Standard Category,Generic Brand 2,Manufacturer Direct,Standard Category
PRD-02627,FAM-01063,Files - Standard Category,Generic Brand 1,Manufacturer Direct,Standard Category
PRD-02628,FAM-01063,Files - Standard Category,Generic Brand 2,Manufacturer Direct,Standard Category
PRD-02629,FAM-01064,Folders - Standard Category,Generic Brand 1,Manufacturer Direct,Standard Category
PRD-02630,FAM-01064,Folders - Standard Category,Generic Brand 2,Manufacturer Direct,Standard Category
PRD-02631,FAM-01065,Office furniture - Standard Category,Generic Brand 1,Manufacturer Direct,Standard Category
PRD-02632,FAM-01065,Office furniture - Standard Category,Generic Brand 2,Manufacturer Direct,Standard Category
PRD-02633,FAM-01066,Stationery - Standard Category,Generic Brand 1,Manufacturer Direct,Standard Category
PRD-02634,FAM-01066,Stationery - Standard Category,Generic Brand 2,Manufacturer Direct,Standard Category
PRD-02635,FAM-01067,Labels - Standard Category,Generic Brand 1,Manufacturer Direct,Standard Category
PRD-02636,FAM-01067,Labels - Standard Category,Generic Brand 2,Manufacturer Direct,Standard Category
PRD-02637,FAM-01068,Packaging materials - Standard Category,Generic Brand 1,Manufacturer Direct,Standard Category
PRD-02638,FAM-01068,Packaging materials - Standard Category,Generic Brand 2,Manufacturer Direct,Standard Category
PRD-02639,FAM-01069,Shipping boxes - Standard Category,Generic Brand 1,Manufacturer Direct,Standard Category
PRD-02640,FAM-01069,Shipping boxes - Standard Category,Generic Brand 2,Manufacturer Direct,Standard Category
PRD-02641,FAM-01070,Bubble wrap - Standard Category,Generic Brand 1,Manufacturer Direct,Standard Category
PRD-02642,FAM-01070,Bubble wrap - Standard Category,Generic Brand 2,Manufacturer Direct,Standard Category
PRD-02643,FAM-01071,Tape - Standard Category,Generic Brand 1,Manufacturer Direct,Standard Category
PRD-02644,FAM-01071,Tape - Standard Category,Generic Brand 2,Manufacturer Direct,Standard Category
PRD-02645,FAM-01072,POS rolls - Standard Category,Generic Brand 1,Manufacturer Direct,Standard Category
PRD-02646,FAM-01072,POS rolls - Standard Category,Generic Brand 2,Manufacturer Direct,Standard Category
PRD-02647,FAM-01073,Receipt paper - Standard Category,Generic Brand 1,Manufacturer Direct,Standard Category
PRD-02648,FAM-01073,Receipt paper - Standard Category,Generic Brand 2,Manufacturer Direct,Standard Category
PRD-02649,FAM-01074,Barcode labels - Standard Category,Generic Brand 1,Manufacturer Direct,Standard Category
PRD-02650,FAM-01074,Barcode labels - Standard Category,Generic Brand 2,Manufacturer Direct,Standard Category
PRD-02651,FAM-01075,Storage containers - Standard Category,Generic Brand 1,Manufacturer Direct,Standard Category
PRD-02652,FAM-01075,Storage containers - Standard Category,Generic Brand 2,Manufacturer Direct,Standard Category
PRD-02653,FAM-01076,Corrugated boxes - Standard Category,Generic Brand 1,Manufacturer Direct,Standard Category
PRD-02654,FAM-01076,Corrugated boxes - Standard Category,Generic Brand 2,Manufacturer Direct,Standard Category
PRD-02655,FAM-01077,Cartons - Standard Category,Generic Brand 1,Manufacturer Direct,Standard Category
PRD-02656,FAM-01077,Cartons - Standard Category,Generic Brand 2,Manufacturer Direct,Standard Category
PRD-02657,FAM-01078,Mailers - Standard Category,Generic Brand 1,Manufacturer Direct,Standard Category
PRD-02658,FAM-01078,Mailers - Standard Category,Generic Brand 2,Manufacturer Direct,Standard Category
PRD-02659,FAM-01079,Courier bags - Standard Category,Generic Brand 1,Manufacturer Direct,Standard Category
PRD-02660,FAM-01079,Courier bags - Standard Category,Generic Brand 2,Manufacturer Direct,Standard Category
PRD-02661,FAM-01080,Bubble wrap - Standard Category,Generic Brand 1,Manufacturer Direct,Standard Category
PRD-02662,FAM-01080,Bubble wrap - Standard Category,Generic Brand 2,Manufacturer Direct,Standard Category
PRD-02663,FAM-01081,Foam packaging - Standard Category,Generic Brand 1,Manufacturer Direct,Standard Category
PRD-02664,FAM-01081,Foam packaging - Standard Category,Generic Brand 2,Manufacturer Direct,Standard Category
PRD-02665,FAM-01082,Stretch film - Standard Category,Generic Brand 1,Manufacturer Direct,Standard Category
PRD-02666,FAM-01082,Stretch film - Standard Category,Generic Brand 2,Manufacturer Direct,Standard Category
PRD-02667,FAM-01083,Packing tape - Standard Category,Generic Brand 1,Manufacturer Direct,Standard Category
PRD-02668,FAM-01083,Packing tape - Standard Category,Generic Brand 2,Manufacturer Direct,Standard Category
PRD-02669,FAM-01084,Labels - Standard Category,Generic Brand 1,Manufacturer Direct,Standard Category
PRD-02670,FAM-01084,Labels - Standard Category,Generic Brand 2,Manufacturer Direct,Standard Category
PRD-02671,FAM-01085,Thermal labels - Standard Category,Generic Brand 1,Manufacturer Direct,Standard Category
PRD-02672,FAM-01085,Thermal labels - Standard Category,Generic Brand 2,Manufacturer Direct,Standard Category
PRD-02673,FAM-01086,Strapping - Standard Category,Generic Brand 1,Manufacturer Direct,Standard Category
PRD-02674,FAM-01086,Strapping - Standard Category,Generic Brand 2,Manufacturer Direct,Standard Category
PRD-02675,FAM-01087,Protective packaging - Standard Category,Generic Brand 1,Manufacturer Direct,Standard Category
PRD-02676,FAM-01087,Protective packaging - Standard Category,Generic Brand 2,Manufacturer Direct,Standard Category
PRD-02677,FAM-01088,Interior paint - Standard Category,Generic Brand 1,Manufacturer Direct,Standard Category
PRD-02678,FAM-01088,Interior paint - Standard Category,Generic Brand 2,Manufacturer Direct,Standard Category
PRD-02679,FAM-01089,Exterior paint - Standard Category,Generic Brand 1,Manufacturer Direct,Standard Category
PRD-02680,FAM-01089,Exterior paint - Standard Category,Generic Brand 2,Manufacturer Direct,Standard Category
PRD-02681,FAM-01090,Primers - Standard Category,Generic Brand 1,Manufacturer Direct,Standard Category
PRD-02682,FAM-01090,Primers - Standard Category,Generic Brand 2,Manufacturer Direct,Standard Category
PRD-02683,FAM-01091,Wood finishes - Standard Category,Generic Brand 1,Manufacturer Direct,Standard Category
PRD-02684,FAM-01091,Wood finishes - Standard Category,Generic Brand 2,Manufacturer Direct,Standard Category
PRD-02685,FAM-01092,Varnishes - Standard Category,Generic Brand 1,Manufacturer Direct,Standard Category
PRD-02686,FAM-01092,Varnishes - Standard Category,Generic Brand 2,Manufacturer Direct,Standard Category
PRD-02687,FAM-01093,Spray paint - Standard Category,Generic Brand 1,Manufacturer Direct,Standard Category
PRD-02688,FAM-01093,Spray paint - Standard Category,Generic Brand 2,Manufacturer Direct,Standard Category
PRD-02689,FAM-01094,Paint rollers - Standard Category,Generic Brand 1,Manufacturer Direct,Standard Category
PRD-02690,FAM-01094,Paint rollers - Standard Category,Generic Brand 2,Manufacturer Direct,Standard Category
PRD-02691,FAM-01095,Brushes - Standard Category,Generic Brand 1,Manufacturer Direct,Standard Category
PRD-02692,FAM-01095,Brushes - Standard Category,Generic Brand 2,Manufacturer Direct,Standard Category
PRD-02693,FAM-01096,Scrapers - Standard Category,Generic Brand 1,Manufacturer Direct,Standard Category
PRD-02694,FAM-01096,Scrapers - Standard Category,Generic Brand 2,Manufacturer Direct,Standard Category
PRD-02695,FAM-01097,Sandpaper - Standard Category,Generic Brand 1,Manufacturer Direct,Standard Category
PRD-02696,FAM-01097,Sandpaper - Standard Category,Generic Brand 2,Manufacturer Direct,Standard Category
PRD-02697,FAM-01098,Wall stickers - Standard Category,Generic Brand 1,Manufacturer Direct,Standard Category
PRD-02698,FAM-01098,Wall stickers - Standard Category,Generic Brand 2,Manufacturer Direct,Standard Category
PRD-02699,FAM-01099,Wallpaper - Standard Category,Generic Brand 1,Manufacturer Direct,Standard Category
PRD-02700,FAM-01099,Wallpaper - Standard Category,Generic Brand 2,Manufacturer Direct,Standard Category
PRD-02701,FAM-01100,Decorative panels - Standard Category,Generic Brand 1,Manufacturer Direct,Standard Category
PRD-02702,FAM-01100,Decorative panels - Standard Category,Generic Brand 2,Manufacturer Direct,Standard Category
PRD-02703,FAM-01101,Toilet paper - Standard,Brand X,Manufacturer Direct,Standard
PRD-02704,FAM-01101,Toilet paper - Standard,Brand Y,Manufacturer Direct,Standard
PRD-02705,FAM-01102,Tissues - Standard,Brand X,Manufacturer Direct,Standard
PRD-02706,FAM-01102,Tissues - Standard,Brand Y,Manufacturer Direct,Standard
PRD-02707,FAM-01103,Paper towels - Standard,Brand X,Manufacturer Direct,Standard
PRD-02708,FAM-01103,Paper towels - Standard,Brand Y,Manufacturer Direct,Standard
PRD-02709,FAM-01104,Napkins - Standard,Brand X,Manufacturer Direct,Standard
PRD-02710,FAM-01104,Napkins - Standard,Brand Y,Manufacturer Direct,Standard
PRD-02711,FAM-01105,Aluminum foil - Standard,Brand X,Manufacturer Direct,Standard
PRD-02712,FAM-01105,Aluminum foil - Standard,Brand Y,Manufacturer Direct,Standard
PRD-02713,FAM-01106,Cling film - Standard,Brand X,Manufacturer Direct,Standard
PRD-02714,FAM-01106,Cling film - Standard,Brand Y,Manufacturer Direct,Standard
PRD-02715,FAM-01107,Baking paper - Standard,Brand X,Manufacturer Direct,Standard
PRD-02716,FAM-01107,Baking paper - Standard,Brand Y,Manufacturer Direct,Standard
PRD-02717,FAM-01108,Garbage bags - Standard,Brand X,Manufacturer Direct,Standard
PRD-02718,FAM-01108,Garbage bags - Standard,Brand Y,Manufacturer Direct,Standard
PRD-02719,FAM-01109,Food storage bags - Standard,Brand X,Manufacturer Direct,Standard
PRD-02720,FAM-01109,Food storage bags - Standard,Brand Y,Manufacturer Direct,Standard
PRD-02721,FAM-01110,Disposable plates - Standard,Brand X,Manufacturer Direct,Standard
PRD-02722,FAM-01110,Disposable plates - Standard,Brand Y,Manufacturer Direct,Standard
PRD-02723,FAM-01111,Disposable cups - Standard,Brand X,Manufacturer Direct,Standard
PRD-02724,FAM-01111,Disposable cups - Standard,Brand Y,Manufacturer Direct,Standard
PRD-02725,FAM-01112,Disposable cutlery - Standard,Brand X,Manufacturer Direct,Standard
PRD-02726,FAM-01112,Disposable cutlery - Standard,Brand Y,Manufacturer Direct,Standard
PRD-02727,FAM-01113,Food containers - Standard,Brand X,Manufacturer Direct,Standard
PRD-02728,FAM-01113,Food containers - Standard,Brand Y,Manufacturer Direct,Standard
PRD-02729,FAM-01114,Takeaway packaging - Standard,Brand X,Manufacturer Direct,Standard
PRD-02730,FAM-01114,Takeaway packaging - Standard,Brand Y,Manufacturer Direct,Standard
PRD-02731,FAM-01115,Balloons - Standard Category,Generic Brand 1,Manufacturer Direct,Standard Category
PRD-02732,FAM-01115,Balloons - Standard Category,Generic Brand 2,Manufacturer Direct,Standard Category
PRD-02733,FAM-01116,Birthday banners - Standard Category,Generic Brand 1,Manufacturer Direct,Standard Category
PRD-02734,FAM-01116,Birthday banners - Standard Category,Generic Brand 2,Manufacturer Direct,Standard Category
PRD-02735,FAM-01117,Cake toppers - Standard Category,Generic Brand 1,Manufacturer Direct,Standard Category
PRD-02736,FAM-01117,Cake toppers - Standard Category,Generic Brand 2,Manufacturer Direct,Standard Category
PRD-02737,FAM-01118,Candles - Standard Category,Generic Brand 1,Manufacturer Direct,Standard Category
PRD-02738,FAM-01118,Candles - Standard Category,Generic Brand 2,Manufacturer Direct,Standard Category
PRD-02739,FAM-01119,Party hats - Standard Category,Generic Brand 1,Manufacturer Direct,Standard Category
PRD-02740,FAM-01119,Party hats - Standard Category,Generic Brand 2,Manufacturer Direct,Standard Category
PRD-02741,FAM-01120,Party plates - Standard Category,Generic Brand 1,Manufacturer Direct,Standard Category
PRD-02742,FAM-01120,Party plates - Standard Category,Generic Brand 2,Manufacturer Direct,Standard Category
PRD-02743,FAM-01121,Party cups - Standard Category,Generic Brand 1,Manufacturer Direct,Standard Category
PRD-02744,FAM-01121,Party cups - Standard Category,Generic Brand 2,Manufacturer Direct,Standard Category
PRD-02745,FAM-01122,Decorations - Standard Category,Generic Brand 1,Manufacturer Direct,Standard Category
PRD-02746,FAM-01122,Decorations - Standard Category,Generic Brand 2,Manufacturer Direct,Standard Category
PRD-02747,FAM-01123,Wedding decorations - Standard Category,Generic Brand 1,Manufacturer Direct,Standard Category
PRD-02748,FAM-01123,Wedding decorations - Standard Category,Generic Brand 2,Manufacturer Direct,Standard Category
PRD-02749,FAM-01124,Baby shower products - Standard Category,Generic Brand 1,Manufacturer Direct,Standard Category
PRD-02750,FAM-01124,Baby shower products - Standard Category,Generic Brand 2,Manufacturer Direct,Standard Category
PRD-02751,FAM-01125,Graduation decorations - Standard Category,Generic Brand 1,Manufacturer Direct,Standard Category
PRD-02752,FAM-01125,Graduation decorations - Standard Category,Generic Brand 2,Manufacturer Direct,Standard Category
PRD-02753,FAM-01126,Anniversary products - Standard Category,Generic Brand 1,Manufacturer Direct,Standard Category
PRD-02754,FAM-01126,Anniversary products - Standard Category,Generic Brand 2,Manufacturer Direct,Standard Category
PRD-02755,FAM-01127,Party games - Standard Category,Generic Brand 1,Manufacturer Direct,Standard Category
PRD-02756,FAM-01127,Party games - Standard Category,Generic Brand 2,Manufacturer Direct,Standard Category
PRD-02757,FAM-01128,Photo props - Standard Category,Generic Brand 1,Manufacturer Direct,Standard Category
PRD-02758,FAM-01128,Photo props - Standard Category,Generic Brand 2,Manufacturer Direct,Standard Category
PRD-02759,FAM-01129,Costumes - Standard Category,Generic Brand 1,Manufacturer Direct,Standard Category
PRD-02760,FAM-01129,Costumes - Standard Category,Generic Brand 2,Manufacturer Direct,Standard Category
PRD-02761,FAM-01130,Themed decorations - Standard Category,Generic Brand 1,Manufacturer Direct,Standard Category
PRD-02762,FAM-01130,Themed decorations - Standard Category,Generic Brand 2,Manufacturer Direct,Standard Category
PRD-02763,FAM-01131,Soap - Standard,SkinBrand A,Manufacturer Direct,Standard
PRD-02764,FAM-01131,Soap - Standard,SkinBrand B,Manufacturer Direct,Standard
PRD-02765,FAM-01132,Body wash - Standard,Brand X,Manufacturer Direct,Standard
PRD-02766,FAM-01132,Body wash - Standard,Brand Y,Manufacturer Direct,Standard
PRD-02767,FAM-01133,Bath salts - Standard,Brand X,Manufacturer Direct,Standard
PRD-02768,FAM-01133,Bath salts - Standard,Brand Y,Manufacturer Direct,Standard
PRD-02769,FAM-01134,Scrubs - Standard,Brand X,Manufacturer Direct,Standard
PRD-02770,FAM-01134,Scrubs - Standard,Brand Y,Manufacturer Direct,Standard
PRD-02771,FAM-01135,Sponges - Standard,Brand X,Manufacturer Direct,Standard
PRD-02772,FAM-01135,Sponges - Standard,Brand Y,Manufacturer Direct,Standard
PRD-02773,FAM-01136,Shampoo - Standard,HairCare Co.,Manufacturer Direct,Standard
PRD-02774,FAM-01136,Shampoo - Standard,Naturals,Manufacturer Direct,Standard
PRD-02775,FAM-01137,Conditioner - Standard,Brand X,Manufacturer Direct,Standard
PRD-02776,FAM-01137,Conditioner - Standard,Brand Y,Manufacturer Direct,Standard
PRD-02777,FAM-01138,Hair oil - Standard,Brand X,Manufacturer Direct,Standard
PRD-02778,FAM-01138,Hair oil - Standard,Brand Y,Manufacturer Direct,Standard
PRD-02779,FAM-01139,Hair serum - Standard,Brand X,Manufacturer Direct,Standard
PRD-02780,FAM-01139,Hair serum - Standard,Brand Y,Manufacturer Direct,Standard
PRD-02781,FAM-01140,Hair masks - Standard,Brand X,Manufacturer Direct,Standard
PRD-02782,FAM-01140,Hair masks - Standard,Brand Y,Manufacturer Direct,Standard
PRD-02783,FAM-01141,Hair colour - Standard,Brand X,Manufacturer Direct,Standard
PRD-02784,FAM-01141,Hair colour - Standard,Brand Y,Manufacturer Direct,Standard
PRD-02785,FAM-01142,Toothpaste - Standard,DentalPro,Manufacturer Direct,Standard
PRD-02786,FAM-01142,Toothpaste - Standard,SmileBrand,Manufacturer Direct,Standard
PRD-02787,FAM-01143,Toothbrush - Standard,Brand X,Manufacturer Direct,Standard
PRD-02788,FAM-01143,Toothbrush - Standard,Brand Y,Manufacturer Direct,Standard
PRD-02789,FAM-01144,Mouthwash - Standard,Brand X,Manufacturer Direct,Standard
PRD-02790,FAM-01144,Mouthwash - Standard,Brand Y,Manufacturer Direct,Standard
PRD-02791,FAM-01145,Dental floss - Standard,Brand X,Manufacturer Direct,Standard
PRD-02792,FAM-01145,Dental floss - Standard,Brand Y,Manufacturer Direct,Standard
PRD-02793,FAM-01146,Tongue cleaner - Standard,Brand X,Manufacturer Direct,Standard
PRD-02794,FAM-01146,Tongue cleaner - Standard,Brand Y,Manufacturer Direct,Standard
PRD-02795,FAM-01147,Whitening products - Standard,Brand X,Manufacturer Direct,Standard
PRD-02796,FAM-01147,Whitening products - Standard,Brand Y,Manufacturer Direct,Standard
PRD-02797,FAM-01148,Razors - Standard,Brand X,Manufacturer Direct,Standard
PRD-02798,FAM-01148,Razors - Standard,Brand Y,Manufacturer Direct,Standard
PRD-02799,FAM-01149,Shaving cream - Standard,Brand X,Manufacturer Direct,Standard
PRD-02800,FAM-01149,Shaving cream - Standard,Brand Y,Manufacturer Direct,Standard
PRD-02801,FAM-01150,Aftershave - Standard,Brand X,Manufacturer Direct,Standard
PRD-02802,FAM-01150,Aftershave - Standard,Brand Y,Manufacturer Direct,Standard
PRD-02803,FAM-01151,Trimmers - Standard,Brand X,Manufacturer Direct,Standard
PRD-02804,FAM-01151,Trimmers - Standard,Brand Y,Manufacturer Direct,Standard
PRD-02805,FAM-01152,Deodorants - Standard,Brand X,Manufacturer Direct,Standard
PRD-02806,FAM-01152,Deodorants - Standard,Brand Y,Manufacturer Direct,Standard
PRD-02807,FAM-01153,Antiperspirants - Standard,Brand X,Manufacturer Direct,Standard
PRD-02808,FAM-01153,Antiperspirants - Standard,Brand Y,Manufacturer Direct,Standard
PRD-02809,FAM-01154,Feminine hygiene - Standard,Brand X,Manufacturer Direct,Standard
PRD-02810,FAM-01154,Feminine hygiene - Standard,Brand Y,Manufacturer Direct,Standard
PRD-02811,FAM-01155,Intimate hygiene - Standard,Brand X,Manufacturer Direct,Standard
PRD-02812,FAM-01155,Intimate hygiene - Standard,Brand Y,Manufacturer Direct,Standard
PRD-02813,FAM-01156,Hand sanitizers - Standard,Brand X,Manufacturer Direct,Standard
PRD-02814,FAM-01156,Hand sanitizers - Standard,Brand Y,Manufacturer Direct,Standard
PRD-02815,FAM-01157,Wet wipes - Standard,Brand X,Manufacturer Direct,Standard
PRD-02816,FAM-01157,Wet wipes - Standard,Brand Y,Manufacturer Direct,Standard
PRD-02817,FAM-01158,Dog food - Standard Category,Generic Brand 1,Manufacturer Direct,Standard Category
PRD-02818,FAM-01158,Dog food - Standard Category,Generic Brand 2,Manufacturer Direct,Standard Category
PRD-02819,FAM-01159,Cat food - Standard Category,Generic Brand 1,Manufacturer Direct,Standard Category
PRD-02820,FAM-01159,Cat food - Standard Category,Generic Brand 2,Manufacturer Direct,Standard Category
PRD-02821,FAM-01160,Bird food - Standard Category,Generic Brand 1,Manufacturer Direct,Standard Category
PRD-02822,FAM-01160,Bird food - Standard Category,Generic Brand 2,Manufacturer Direct,Standard Category
PRD-02823,FAM-01161,Fish food - Standard Category,Generic Brand 1,Manufacturer Direct,Standard Category
PRD-02824,FAM-01161,Fish food - Standard Category,Generic Brand 2,Manufacturer Direct,Standard Category
PRD-02825,FAM-01162,Small-animal food - Standard Category,Generic Brand 1,Manufacturer Direct,Standard Category
PRD-02826,FAM-01162,Small-animal food - Standard Category,Generic Brand 2,Manufacturer Direct,Standard Category
PRD-02827,FAM-01163,Collars - Standard Category,Generic Brand 1,Manufacturer Direct,Standard Category
PRD-02828,FAM-01163,Collars - Standard Category,Generic Brand 2,Manufacturer Direct,Standard Category
PRD-02829,FAM-01164,Leashes - Standard Category,Generic Brand 1,Manufacturer Direct,Standard Category
PRD-02830,FAM-01164,Leashes - Standard Category,Generic Brand 2,Manufacturer Direct,Standard Category
PRD-02831,FAM-01165,Harnesses - Standard Category,Generic Brand 1,Manufacturer Direct,Standard Category
PRD-02832,FAM-01165,Harnesses - Standard Category,Generic Brand 2,Manufacturer Direct,Standard Category
PRD-02833,FAM-01166,Beds - Standard Category,Generic Brand 1,Manufacturer Direct,Standard Category
PRD-02834,FAM-01166,Beds - Standard Category,Generic Brand 2,Manufacturer Direct,Standard Category
PRD-02835,FAM-01167,Crates - Standard Category,Generic Brand 1,Manufacturer Direct,Standard Category
PRD-02836,FAM-01167,Crates - Standard Category,Generic Brand 2,Manufacturer Direct,Standard Category
PRD-02837,FAM-01168,Carriers - Standard Category,Generic Brand 1,Manufacturer Direct,Standard Category
PRD-02838,FAM-01168,Carriers - Standard Category,Generic Brand 2,Manufacturer Direct,Standard Category
PRD-02839,FAM-01169,Bowls - Standard Category,Generic Brand 1,Manufacturer Direct,Standard Category
PRD-02840,FAM-01169,Bowls - Standard Category,Generic Brand 2,Manufacturer Direct,Standard Category
PRD-02841,FAM-01170,Toys - Action Figures,ToyBrand A,Manufacturer Direct,Action Figures
PRD-02842,FAM-01170,Toys - Action Figures,ToyBrand B,Manufacturer Direct,Action Figures
PRD-02843,FAM-01171,Shampoos - Standard Category,Generic Brand 1,Manufacturer Direct,Standard Category
PRD-02844,FAM-01171,Shampoos - Standard Category,Generic Brand 2,Manufacturer Direct,Standard Category
PRD-02845,FAM-01172,Brushes - Standard Category,Generic Brand 1,Manufacturer Direct,Standard Category
PRD-02846,FAM-01172,Brushes - Standard Category,Generic Brand 2,Manufacturer Direct,Standard Category
PRD-02847,FAM-01173,Nail clippers - Standard Category,Generic Brand 1,Manufacturer Direct,Standard Category
PRD-02848,FAM-01173,Nail clippers - Standard Category,Generic Brand 2,Manufacturer Direct,Standard Category
PRD-02849,FAM-01174,Grooming tools - Standard Category,Generic Brand 1,Manufacturer Direct,Standard Category
PRD-02850,FAM-01174,Grooming tools - Standard Category,Generic Brand 2,Manufacturer Direct,Standard Category
PRD-02851,FAM-01175,Aquariums - Standard Category,Generic Brand 1,Manufacturer Direct,Standard Category
PRD-02852,FAM-01175,Aquariums - Standard Category,Generic Brand 2,Manufacturer Direct,Standard Category
PRD-02853,FAM-01176,Cages - Standard Category,Generic Brand 1,Manufacturer Direct,Standard Category
PRD-02854,FAM-01176,Cages - Standard Category,Generic Brand 2,Manufacturer Direct,Standard Category
PRD-02855,FAM-01177,Bedding - Standard Category,Generic Brand 1,Manufacturer Direct,Standard Category
PRD-02856,FAM-01177,Bedding - Standard Category,Generic Brand 2,Manufacturer Direct,Standard Category
PRD-02857,FAM-01178,Filters - Standard Category,Generic Brand 1,Manufacturer Direct,Standard Category
PRD-02858,FAM-01178,Filters - Standard Category,Generic Brand 2,Manufacturer Direct,Standard Category
PRD-02859,FAM-01179,Aquarium equipment - Standard Category,Generic Brand 1,Manufacturer Direct,Standard Category
PRD-02860,FAM-01179,Aquarium equipment - Standard Category,Generic Brand 2,Manufacturer Direct,Standard Category
PRD-02861,FAM-01180,Pipes - Standard Category,Generic Brand 1,Manufacturer Direct,Standard Category
PRD-02862,FAM-01180,Pipes - Standard Category,Generic Brand 2,Manufacturer Direct,Standard Category
PRD-02863,FAM-01181,Fittings - Standard Category,Generic Brand 1,Manufacturer Direct,Standard Category
PRD-02864,FAM-01181,Fittings - Standard Category,Generic Brand 2,Manufacturer Direct,Standard Category
PRD-02865,FAM-01182,Taps - Standard Category,Generic Brand 1,Manufacturer Direct,Standard Category
PRD-02866,FAM-01182,Taps - Standard Category,Generic Brand 2,Manufacturer Direct,Standard Category
PRD-02867,FAM-01183,Faucets - Standard Category,Generic Brand 1,Manufacturer Direct,Standard Category
PRD-02868,FAM-01183,Faucets - Standard Category,Generic Brand 2,Manufacturer Direct,Standard Category
PRD-02869,FAM-01184,Shower systems - Standard Category,Generic Brand 1,Manufacturer Direct,Standard Category
PRD-02870,FAM-01184,Shower systems - Standard Category,Generic Brand 2,Manufacturer Direct,Standard Category
PRD-02871,FAM-01185,Sinks - Standard Category,Generic Brand 1,Manufacturer Direct,Standard Category
PRD-02872,FAM-01185,Sinks - Standard Category,Generic Brand 2,Manufacturer Direct,Standard Category
PRD-02873,FAM-01186,Toilets - Standard Category,Generic Brand 1,Manufacturer Direct,Standard Category
PRD-02874,FAM-01186,Toilets - Standard Category,Generic Brand 2,Manufacturer Direct,Standard Category
PRD-02875,FAM-01187,Water tanks - Standard Category,Generic Brand 1,Manufacturer Direct,Standard Category
PRD-02876,FAM-01187,Water tanks - Standard Category,Generic Brand 2,Manufacturer Direct,Standard Category
PRD-02877,FAM-01188,Valves - Standard Category,Generic Brand 1,Manufacturer Direct,Standard Category
PRD-02878,FAM-01188,Valves - Standard Category,Generic Brand 2,Manufacturer Direct,Standard Category
PRD-02879,FAM-01189,Hose pipes - Standard Category,Generic Brand 1,Manufacturer Direct,Standard Category
PRD-02880,FAM-01189,Hose pipes - Standard Category,Generic Brand 2,Manufacturer Direct,Standard Category
PRD-02881,FAM-01190,Sealants - Standard Category,Generic Brand 1,Manufacturer Direct,Standard Category
PRD-02882,FAM-01190,Sealants - Standard Category,Generic Brand 2,Manufacturer Direct,Standard Category
PRD-02883,FAM-01191,Construction adhesives - Standard Category,Generic Brand 1,Manufacturer Direct,Standard Category
PRD-02884,FAM-01191,Construction adhesives - Standard Category,Generic Brand 2,Manufacturer Direct,Standard Category
PRD-02885,FAM-01192,Luxury watches - Standard Category,Generic Brand 1,Manufacturer Direct,Standard Category
PRD-02886,FAM-01192,Luxury watches - Standard Category,Generic Brand 2,Manufacturer Direct,Standard Category
PRD-02887,FAM-01193,Fine jewellery - Standard Category,Generic Brand 1,Manufacturer Direct,Standard Category
PRD-02888,FAM-01193,Fine jewellery - Standard Category,Generic Brand 2,Manufacturer Direct,Standard Category
PRD-02889,FAM-01194,Premium handbags - Standard Category,Generic Brand 1,Manufacturer Direct,Standard Category
PRD-02890,FAM-01194,Premium handbags - Standard Category,Generic Brand 2,Manufacturer Direct,Standard Category
PRD-02891,FAM-01195,Designer clothing - Standard Category,Generic Brand 1,Manufacturer Direct,Standard Category
PRD-02892,FAM-01195,Designer clothing - Standard Category,Generic Brand 2,Manufacturer Direct,Standard Category
PRD-02893,FAM-01196,Premium footwear - Standard Category,Generic Brand 1,Manufacturer Direct,Standard Category
PRD-02894,FAM-01196,Premium footwear - Standard Category,Generic Brand 2,Manufacturer Direct,Standard Category
PRD-02895,FAM-01197,Fine fragrances - Standard Category,Generic Brand 1,Manufacturer Direct,Standard Category
PRD-02896,FAM-01197,Fine fragrances - Standard Category,Generic Brand 2,Manufacturer Direct,Standard Category
PRD-02897,FAM-01198,Premium cosmetics - Standard Category,Generic Brand 1,Manufacturer Direct,Standard Category
PRD-02898,FAM-01198,Premium cosmetics - Standard Category,Generic Brand 2,Manufacturer Direct,Standard Category
PRD-02899,FAM-01199,Luxury gifts - Standard Category,Generic Brand 1,Manufacturer Direct,Standard Category
PRD-02900,FAM-01199,Luxury gifts - Standard Category,Generic Brand 2,Manufacturer Direct,Standard Category
PRD-02901,FAM-01200,Premium home decor - Standard Category,Generic Brand 1,Manufacturer Direct,Standard Category
PRD-02902,FAM-01200,Premium home decor - Standard Category,Generic Brand 2,Manufacturer Direct,Standard Category
PRD-02903,FAM-01201,Collectible goods - Standard Category,Generic Brand 1,Manufacturer Direct,Standard Category
PRD-02904,FAM-01201,Collectible goods - Standard Category,Generic Brand 2,Manufacturer Direct,Standard Category
PRD-02905,FAM-01202,Alcohol - Standard Category,Generic Brand 1,Manufacturer Direct,Standard Category
PRD-02906,FAM-01202,Alcohol - Standard Category,Generic Brand 2,Manufacturer Direct,Standard Category
PRD-02907,FAM-01203,Tobacco - Standard Category,Generic Brand 1,Manufacturer Direct,Standard Category
PRD-02908,FAM-01203,Tobacco - Standard Category,Generic Brand 2,Manufacturer Direct,Standard Category
PRD-02909,FAM-01204,Nicotine products - Standard Category,Generic Brand 1,Manufacturer Direct,Standard Category
PRD-02910,FAM-01204,Nicotine products - Standard Category,Generic Brand 2,Manufacturer Direct,Standard Category
PRD-02911,FAM-01205,Certain chemicals - Standard Category,Generic Brand 1,Manufacturer Direct,Standard Category
PRD-02912,FAM-01205,Certain chemicals - Standard Category,Generic Brand 2,Manufacturer Direct,Standard Category
PRD-02913,FAM-01206,Certain medicines - Standard Category,Generic Brand 1,Manufacturer Direct,Standard Category
PRD-02914,FAM-01206,Certain medicines - Standard Category,Generic Brand 2,Manufacturer Direct,Standard Category
PRD-02915,FAM-01207,Medical devices - Standard Category,Generic Brand 1,Manufacturer Direct,Standard Category
PRD-02916,FAM-01207,Medical devices - Standard Category,Generic Brand 2,Manufacturer Direct,Standard Category
PRD-02917,FAM-01208,Fireworks - Standard Category,Generic Brand 1,Manufacturer Direct,Standard Category
PRD-02918,FAM-01208,Fireworks - Standard Category,Generic Brand 2,Manufacturer Direct,Standard Category
PRD-02919,FAM-01209,Hazardous products - Standard Category,Generic Brand 1,Manufacturer Direct,Standard Category
PRD-02920,FAM-01209,Hazardous products - Standard Category,Generic Brand 2,Manufacturer Direct,Standard Category
PRD-02921,FAM-01210,Certain weapons/weapon-related goods - Standard Category,Generic Brand 1,Manufacturer Direct,Standard Category
PRD-02922,FAM-01210,Certain weapons/weapon-related goods - Standard Category,Generic Brand 2,Manufacturer Direct,Standard Category
PRD-02923,FAM-01211,Age-restricted products - Standard Category,Generic Brand 1,Manufacturer Direct,Standard Category
PRD-02924,FAM-01211,Age-restricted products - Standard Category,Generic Brand 2,Manufacturer Direct,Standard Category
PRD-02925,FAM-01212,Diyas - Standard Category,Generic Brand 1,Manufacturer Direct,Standard Category
PRD-02926,FAM-01212,Diyas - Standard Category,Generic Brand 2,Manufacturer Direct,Standard Category
PRD-02927,FAM-01213,Incense - Standard Category,Generic Brand 1,Manufacturer Direct,Standard Category
PRD-02928,FAM-01213,Incense - Standard Category,Generic Brand 2,Manufacturer Direct,Standard Category
PRD-02929,FAM-01214,Camphor - Standard Category,Generic Brand 1,Manufacturer Direct,Standard Category
PRD-02930,FAM-01214,Camphor - Standard Category,Generic Brand 2,Manufacturer Direct,Standard Category
PRD-02931,FAM-01215,Pooja items - Standard Category,Generic Brand 1,Manufacturer Direct,Standard Category
PRD-02932,FAM-01215,Pooja items - Standard Category,Generic Brand 2,Manufacturer Direct,Standard Category
PRD-02933,FAM-01216,Idols - Standard Category,Generic Brand 1,Manufacturer Direct,Standard Category
PRD-02934,FAM-01216,Idols - Standard Category,Generic Brand 2,Manufacturer Direct,Standard Category
PRD-02935,FAM-01217,Religious books - Standard Category,Generic Brand 1,Manufacturer Direct,Standard Category
PRD-02936,FAM-01217,Religious books - Standard Category,Generic Brand 2,Manufacturer Direct,Standard Category
PRD-02937,FAM-01218,Prayer accessories - Standard Category,Generic Brand 1,Manufacturer Direct,Standard Category
PRD-02938,FAM-01218,Prayer accessories - Standard Category,Generic Brand 2,Manufacturer Direct,Standard Category
PRD-02939,FAM-01219,Prayer mats - Standard Category,Generic Brand 1,Manufacturer Direct,Standard Category
PRD-02940,FAM-01219,Prayer mats - Standard Category,Generic Brand 2,Manufacturer Direct,Standard Category
PRD-02941,FAM-01220,Rosaries - Standard Category,Generic Brand 1,Manufacturer Direct,Standard Category
PRD-02942,FAM-01220,Rosaries - Standard Category,Generic Brand 2,Manufacturer Direct,Standard Category
PRD-02943,FAM-01221,Decorative religious items - Standard Category,Generic Brand 1,Manufacturer Direct,Standard Category
PRD-02944,FAM-01221,Decorative religious items - Standard Category,Generic Brand 2,Manufacturer Direct,Standard Category
PRD-02945,FAM-01222,Festival-specific items - Standard Category,Generic Brand 1,Manufacturer Direct,Standard Category
PRD-02946,FAM-01222,Festival-specific items - Standard Category,Generic Brand 2,Manufacturer Direct,Standard Category
PRD-02947,FAM-01223,Cultural handicrafts - Standard Category,Generic Brand 1,Manufacturer Direct,Standard Category
PRD-02948,FAM-01223,Cultural handicrafts - Standard Category,Generic Brand 2,Manufacturer Direct,Standard Category
PRD-02949,FAM-01224,Door locks - Standard Category,Generic Brand 1,Manufacturer Direct,Standard Category
PRD-02950,FAM-01224,Door locks - Standard Category,Generic Brand 2,Manufacturer Direct,Standard Category
PRD-02951,FAM-01225,Padlocks - Standard Category,Generic Brand 1,Manufacturer Direct,Standard Category
PRD-02952,FAM-01225,Padlocks - Standard Category,Generic Brand 2,Manufacturer Direct,Standard Category
PRD-02953,FAM-01226,Safes - Standard Category,Generic Brand 1,Manufacturer Direct,Standard Category
PRD-02954,FAM-01226,Safes - Standard Category,Generic Brand 2,Manufacturer Direct,Standard Category
PRD-02955,FAM-01227,Security cameras - Standard Category,Generic Brand 1,Manufacturer Direct,Standard Category
PRD-02956,FAM-01227,Security cameras - Standard Category,Generic Brand 2,Manufacturer Direct,Standard Category
PRD-02957,FAM-01228,Alarms - Standard Category,Generic Brand 1,Manufacturer Direct,Standard Category
PRD-02958,FAM-01228,Alarms - Standard Category,Generic Brand 2,Manufacturer Direct,Standard Category
PRD-02959,FAM-01229,Smoke detectors - Standard Category,Generic Brand 1,Manufacturer Direct,Standard Category
PRD-02960,FAM-01229,Smoke detectors - Standard Category,Generic Brand 2,Manufacturer Direct,Standard Category
PRD-02961,FAM-01230,Carbon monoxide detectors - Standard Category,Generic Brand 1,Manufacturer Direct,Standard Category
PRD-02962,FAM-01230,Carbon monoxide detectors - Standard Category,Generic Brand 2,Manufacturer Direct,Standard Category
PRD-02963,FAM-01231,Fire extinguishers - Standard Category,Generic Brand 1,Manufacturer Direct,Standard Category
PRD-02964,FAM-01231,Fire extinguishers - Standard Category,Generic Brand 2,Manufacturer Direct,Standard Category
PRD-02965,FAM-01232,Emergency lights - Standard Category,Generic Brand 1,Manufacturer Direct,Standard Category
PRD-02966,FAM-01232,Emergency lights - Standard Category,Generic Brand 2,Manufacturer Direct,Standard Category
PRD-02967,FAM-01233,Reflective products - Standard Category,Generic Brand 1,Manufacturer Direct,Standard Category
PRD-02968,FAM-01233,Reflective products - Standard Category,Generic Brand 2,Manufacturer Direct,Standard Category
PRD-02969,FAM-01234,Personal safety equipment - Standard Category,Generic Brand 1,Manufacturer Direct,Standard Category
PRD-02970,FAM-01234,Personal safety equipment - Standard Category,Generic Brand 2,Manufacturer Direct,Standard Category
PRD-02971,FAM-01235,Tailoring - Standard Category,Generic Brand 1,Manufacturer Direct,Standard Category
PRD-02972,FAM-01235,Tailoring - Standard Category,Generic Brand 2,Manufacturer Direct,Standard Category
PRD-02973,FAM-01236,Alterations - Standard Category,Generic Brand 1,Manufacturer Direct,Standard Category
PRD-02974,FAM-01236,Alterations - Standard Category,Generic Brand 2,Manufacturer Direct,Standard Category
PRD-02975,FAM-01237,Shoe repair - Standard Category,Generic Brand 1,Manufacturer Direct,Standard Category
PRD-02976,FAM-01237,Shoe repair - Standard Category,Generic Brand 2,Manufacturer Direct,Standard Category
PRD-02977,FAM-01238,Watch repair - Standard Category,Generic Brand 1,Manufacturer Direct,Standard Category
PRD-02978,FAM-01238,Watch repair - Standard Category,Generic Brand 2,Manufacturer Direct,Standard Category
PRD-02979,FAM-01239,Jewellery repair - Standard Category,Generic Brand 1,Manufacturer Direct,Standard Category
PRD-02980,FAM-01239,Jewellery repair - Standard Category,Generic Brand 2,Manufacturer Direct,Standard Category
PRD-02981,FAM-01240,Beauty services - Standard Category,Generic Brand 1,Manufacturer Direct,Standard Category
PRD-02982,FAM-01240,Beauty services - Standard Category,Generic Brand 2,Manufacturer Direct,Standard Category
PRD-02983,FAM-01241,Salon - Standard Category,Generic Brand 1,Manufacturer Direct,Standard Category
PRD-02984,FAM-01241,Salon - Standard Category,Generic Brand 2,Manufacturer Direct,Standard Category
PRD-02985,FAM-01242,Barber - Standard Category,Generic Brand 1,Manufacturer Direct,Standard Category
PRD-02986,FAM-01242,Barber - Standard Category,Generic Brand 2,Manufacturer Direct,Standard Category
PRD-02987,FAM-01243,Appliance installation - Standard Category,Generic Brand 1,Manufacturer Direct,Standard Category
PRD-02988,FAM-01243,Appliance installation - Standard Category,Generic Brand 2,Manufacturer Direct,Standard Category
PRD-02989,FAM-01244,Furniture assembly - Standard Category,Generic Brand 1,Manufacturer Direct,Standard Category
PRD-02990,FAM-01244,Furniture assembly - Standard Category,Generic Brand 2,Manufacturer Direct,Standard Category
PRD-02991,FAM-01245,Plumbing - Standard Category,Generic Brand 1,Manufacturer Direct,Standard Category
PRD-02992,FAM-01245,Plumbing - Standard Category,Generic Brand 2,Manufacturer Direct,Standard Category
PRD-02993,FAM-01246,Electrical installation - Standard Category,Generic Brand 1,Manufacturer Direct,Standard Category
PRD-02994,FAM-01246,Electrical installation - Standard Category,Generic Brand 2,Manufacturer Direct,Standard Category
PRD-02995,FAM-01247,Home delivery - Standard Category,Generic Brand 1,Manufacturer Direct,Standard Category
PRD-02996,FAM-01247,Home delivery - Standard Category,Generic Brand 2,Manufacturer Direct,Standard Category
PRD-02997,FAM-01248,Home cleaning - Standard Category,Generic Brand 1,Manufacturer Direct,Standard Category
PRD-02998,FAM-01248,Home cleaning - Standard Category,Generic Brand 2,Manufacturer Direct,Standard Category
PRD-02999,FAM-01249,Device setup - Standard Category,Generic Brand 1,Manufacturer Direct,Standard Category
PRD-03000,FAM-01249,Device setup - Standard Category,Generic Brand 2,Manufacturer Direct,Standard Category
PRD-03001,FAM-01250,Data transfer - Standard Category,Generic Brand 1,Manufacturer Direct,Standard Category
PRD-03002,FAM-01250,Data transfer - Standard Category,Generic Brand 2,Manufacturer Direct,Standard Category
PRD-03003,FAM-01251,Computer repair - Standard Category,Generic Brand 1,Manufacturer Direct,Standard Category
PRD-03004,FAM-01251,Computer repair - Standard Category,Generic Brand 2,Manufacturer Direct,Standard Category
PRD-03005,FAM-01252,Phone repair - Standard Category,Generic Brand 1,Manufacturer Direct,Standard Category
PRD-03006,FAM-01252,Phone repair - Standard Category,Generic Brand 2,Manufacturer Direct,Standard Category
PRD-03007,FAM-01253,Installation - Standard Category,Generic Brand 1,Manufacturer Direct,Standard Category
PRD-03008,FAM-01253,Installation - Standard Category,Generic Brand 2,Manufacturer Direct,Standard Category
PRD-03009,FAM-01254,Car wash - Standard Category,Generic Brand 1,Manufacturer Direct,Standard Category
PRD-03010,FAM-01254,Car wash - Standard Category,Generic Brand 2,Manufacturer Direct,Standard Category
PRD-03011,FAM-01255,Detailing - Standard Category,Generic Brand 1,Manufacturer Direct,Standard Category
PRD-03012,FAM-01255,Detailing - Standard Category,Generic Brand 2,Manufacturer Direct,Standard Category
PRD-03013,FAM-01256,Tire services - Standard Category,Generic Brand 1,Manufacturer Direct,Standard Category
PRD-03014,FAM-01256,Tire services - Standard Category,Generic Brand 2,Manufacturer Direct,Standard Category
PRD-03015,FAM-01257,Minor maintenance - Standard Category,Generic Brand 1,Manufacturer Direct,Standard Category
PRD-03016,FAM-01257,Minor maintenance - Standard Category,Generic Brand 2,Manufacturer Direct,Standard Category
PRD-03017,FAM-01258,Food court - Standard Category,Generic Brand 1,Manufacturer Direct,Standard Category
PRD-03018,FAM-01258,Food court - Standard Category,Generic Brand 2,Manufacturer Direct,Standard Category
PRD-03019,FAM-01259,Restaurants - Standard Category,Generic Brand 1,Manufacturer Direct,Standard Category
PRD-03020,FAM-01259,Restaurants - Standard Category,Generic Brand 2,Manufacturer Direct,Standard Category
PRD-03021,FAM-01260,Cafés - Standard Category,Generic Brand 1,Manufacturer Direct,Standard Category
PRD-03022,FAM-01260,Cafés - Standard Category,Generic Brand 2,Manufacturer Direct,Standard Category
PRD-03023,FAM-01261,Bakery café - Standard Category,Generic Brand 1,Manufacturer Direct,Standard Category
PRD-03024,FAM-01261,Bakery café - Standard Category,Generic Brand 2,Manufacturer Direct,Standard Category
PRD-03025,FAM-01262,Juice bar - Standard Category,Generic Brand 1,Manufacturer Direct,Standard Category
PRD-03026,FAM-01262,Juice bar - Standard Category,Generic Brand 2,Manufacturer Direct,Standard Category
PRD-03027,FAM-01263,Takeaway - Standard Category,Generic Brand 1,Manufacturer Direct,Standard Category
PRD-03028,FAM-01263,Takeaway - Standard Category,Generic Brand 2,Manufacturer Direct,Standard Category
PRD-03029,FAM-01264,Sewing machines - Standard Category,Generic Brand 1,Manufacturer Direct,Standard Category
PRD-03030,FAM-01264,Sewing machines - Standard Category,Generic Brand 2,Manufacturer Direct,Standard Category
PRD-03031,FAM-01265,Needles - Standard Category,Generic Brand 1,Manufacturer Direct,Standard Category
PRD-03032,FAM-01265,Needles - Standard Category,Generic Brand 2,Manufacturer Direct,Standard Category
PRD-03033,FAM-01266,Thread - Standard Category,Generic Brand 1,Manufacturer Direct,Standard Category
PRD-03034,FAM-01266,Thread - Standard Category,Generic Brand 2,Manufacturer Direct,Standard Category
PRD-03035,FAM-01267,Buttons - Standard Category,Generic Brand 1,Manufacturer Direct,Standard Category
PRD-03036,FAM-01267,Buttons - Standard Category,Generic Brand 2,Manufacturer Direct,Standard Category
PRD-03037,FAM-01268,Zippers - Standard Category,Generic Brand 1,Manufacturer Direct,Standard Category
PRD-03038,FAM-01268,Zippers - Standard Category,Generic Brand 2,Manufacturer Direct,Standard Category
PRD-03039,FAM-01269,Fabric - Standard Category,Generic Brand 1,Manufacturer Direct,Standard Category
PRD-03040,FAM-01269,Fabric - Standard Category,Generic Brand 2,Manufacturer Direct,Standard Category
PRD-03041,FAM-01270,Lace - Standard Category,Generic Brand 1,Manufacturer Direct,Standard Category
PRD-03042,FAM-01270,Lace - Standard Category,Generic Brand 2,Manufacturer Direct,Standard Category
PRD-03043,FAM-01271,Ribbons - Standard Category,Generic Brand 1,Manufacturer Direct,Standard Category
PRD-03044,FAM-01271,Ribbons - Standard Category,Generic Brand 2,Manufacturer Direct,Standard Category
PRD-03045,FAM-01272,Embroidery supplies - Standard Category,Generic Brand 1,Manufacturer Direct,Standard Category
PRD-03046,FAM-01272,Embroidery supplies - Standard Category,Generic Brand 2,Manufacturer Direct,Standard Category
PRD-03047,FAM-01273,Knitting needles - Standard Category,Generic Brand 1,Manufacturer Direct,Standard Category
PRD-03048,FAM-01273,Knitting needles - Standard Category,Generic Brand 2,Manufacturer Direct,Standard Category
PRD-03049,FAM-01274,Crochet hooks - Standard Category,Generic Brand 1,Manufacturer Direct,Standard Category
PRD-03050,FAM-01274,Crochet hooks - Standard Category,Generic Brand 2,Manufacturer Direct,Standard Category
PRD-03051,FAM-01275,Yarn - Standard Category,Generic Brand 1,Manufacturer Direct,Standard Category
PRD-03052,FAM-01275,Yarn - Standard Category,Generic Brand 2,Manufacturer Direct,Standard Category
PRD-03053,FAM-01276,Textile dyes - Standard Category,Generic Brand 1,Manufacturer Direct,Standard Category
PRD-03054,FAM-01276,Textile dyes - Standard Category,Generic Brand 2,Manufacturer Direct,Standard Category
PRD-03055,FAM-01277,Mattresses - Standard Category,Generic Brand 1,Manufacturer Direct,Standard Category
PRD-03056,FAM-01277,Mattresses - Standard Category,Generic Brand 2,Manufacturer Direct,Standard Category
PRD-03057,FAM-01278,Pillows - Standard Category,Generic Brand 1,Manufacturer Direct,Standard Category
PRD-03058,FAM-01278,Pillows - Standard Category,Generic Brand 2,Manufacturer Direct,Standard Category
PRD-03059,FAM-01279,Orthopedic pillows - Standard Category,Generic Brand 1,Manufacturer Direct,Standard Category
PRD-03060,FAM-01279,Orthopedic pillows - Standard Category,Generic Brand 2,Manufacturer Direct,Standard Category
PRD-03061,FAM-01280,Sleep masks - Standard Category,Generic Brand 1,Manufacturer Direct,Standard Category
PRD-03062,FAM-01280,Sleep masks - Standard Category,Generic Brand 2,Manufacturer Direct,Standard Category
PRD-03063,FAM-01281,Weighted blankets - Standard Category,Generic Brand 1,Manufacturer Direct,Standard Category
PRD-03064,FAM-01281,Weighted blankets - Standard Category,Generic Brand 2,Manufacturer Direct,Standard Category
PRD-03065,FAM-01282,Humidifiers - Standard Category,Generic Brand 1,Manufacturer Direct,Standard Category
PRD-03066,FAM-01282,Humidifiers - Standard Category,Generic Brand 2,Manufacturer Direct,Standard Category
PRD-03067,FAM-01283,Aromatherapy diffusers - Standard Category,Generic Brand 1,Manufacturer Direct,Standard Category
PRD-03068,FAM-01283,Aromatherapy diffusers - Standard Category,Generic Brand 2,Manufacturer Direct,Standard Category
PRD-03069,FAM-01284,Essential oils where permitted - Standard Category,Generic Brand 1,Manufacturer Direct,Standard Category
PRD-03070,FAM-01284,Essential oils where permitted - Standard Category,Generic Brand 2,Manufacturer Direct,Standard Category
PRD-03071,FAM-01285,Relaxation products - Standard Category,Generic Brand 1,Manufacturer Direct,Standard Category
PRD-03072,FAM-01285,Relaxation products - Standard Category,Generic Brand 2,Manufacturer Direct,Standard Category
PRD-03073,FAM-01286,Massage devices - Standard Category,Generic Brand 1,Manufacturer Direct,Standard Category
PRD-03074,FAM-01286,Massage devices - Standard Category,Generic Brand 2,Manufacturer Direct,Standard Category
PRD-03075,FAM-01287,Smart bulbs - Standard Model,TechBrand X,Manufacturer Direct,Standard Model
PRD-03076,FAM-01287,Smart bulbs - Standard Model,TechBrand Y,Manufacturer Direct,Standard Model
PRD-03077,FAM-01287,Smart bulbs - Compact Model,TechBrand X,Manufacturer Direct,Compact Model
PRD-03078,FAM-01287,Smart bulbs - Compact Model,TechBrand Y,Manufacturer Direct,Compact Model
PRD-03079,FAM-01288,Smart switches - Standard Model,TechBrand X,Manufacturer Direct,Standard Model
PRD-03080,FAM-01288,Smart switches - Standard Model,TechBrand Y,Manufacturer Direct,Standard Model
PRD-03081,FAM-01288,Smart switches - Compact Model,TechBrand X,Manufacturer Direct,Compact Model
PRD-03082,FAM-01288,Smart switches - Compact Model,TechBrand Y,Manufacturer Direct,Compact Model
PRD-03083,FAM-01289,Smart plugs - Standard Model,TechBrand X,Manufacturer Direct,Standard Model
PRD-03084,FAM-01289,Smart plugs - Standard Model,TechBrand Y,Manufacturer Direct,Standard Model
PRD-03085,FAM-01289,Smart plugs - Compact Model,TechBrand X,Manufacturer Direct,Compact Model
PRD-03086,FAM-01289,Smart plugs - Compact Model,TechBrand Y,Manufacturer Direct,Compact Model
PRD-03087,FAM-01290,Smart speakers - Standard Model,TechBrand X,Manufacturer Direct,Standard Model
PRD-03088,FAM-01290,Smart speakers - Standard Model,TechBrand Y,Manufacturer Direct,Standard Model
PRD-03089,FAM-01290,Smart speakers - Compact Model,TechBrand X,Manufacturer Direct,Compact Model
PRD-03090,FAM-01290,Smart speakers - Compact Model,TechBrand Y,Manufacturer Direct,Compact Model
PRD-03091,FAM-01291,Smart displays - Standard Model,TechBrand X,Manufacturer Direct,Standard Model
PRD-03092,FAM-01291,Smart displays - Standard Model,TechBrand Y,Manufacturer Direct,Standard Model
PRD-03093,FAM-01291,Smart displays - Compact Model,TechBrand X,Manufacturer Direct,Compact Model
PRD-03094,FAM-01291,Smart displays - Compact Model,TechBrand Y,Manufacturer Direct,Compact Model
PRD-03095,FAM-01292,Smart cameras - Standard Model,TechBrand X,Manufacturer Direct,Standard Model
PRD-03096,FAM-01292,Smart cameras - Standard Model,TechBrand Y,Manufacturer Direct,Standard Model
PRD-03097,FAM-01292,Smart cameras - Compact Model,TechBrand X,Manufacturer Direct,Compact Model
PRD-03098,FAM-01292,Smart cameras - Compact Model,TechBrand Y,Manufacturer Direct,Compact Model
PRD-03099,FAM-01293,Video doorbells - Standard Model,TechBrand X,Manufacturer Direct,Standard Model
PRD-03100,FAM-01293,Video doorbells - Standard Model,TechBrand Y,Manufacturer Direct,Standard Model
PRD-03101,FAM-01293,Video doorbells - Compact Model,TechBrand X,Manufacturer Direct,Compact Model
PRD-03102,FAM-01293,Video doorbells - Compact Model,TechBrand Y,Manufacturer Direct,Compact Model
PRD-03103,FAM-01294,Smart locks - Standard Model,TechBrand X,Manufacturer Direct,Standard Model
PRD-03104,FAM-01294,Smart locks - Standard Model,TechBrand Y,Manufacturer Direct,Standard Model
PRD-03105,FAM-01294,Smart locks - Compact Model,TechBrand X,Manufacturer Direct,Compact Model
PRD-03106,FAM-01294,Smart locks - Compact Model,TechBrand Y,Manufacturer Direct,Compact Model
PRD-03107,FAM-01295,Sensors - Standard Model,TechBrand X,Manufacturer Direct,Standard Model
PRD-03108,FAM-01295,Sensors - Standard Model,TechBrand Y,Manufacturer Direct,Standard Model
PRD-03109,FAM-01295,Sensors - Compact Model,TechBrand X,Manufacturer Direct,Compact Model
PRD-03110,FAM-01295,Sensors - Compact Model,TechBrand Y,Manufacturer Direct,Compact Model
PRD-03111,FAM-01296,Smart thermostats - Standard Model,TechBrand X,Manufacturer Direct,Standard Model
PRD-03112,FAM-01296,Smart thermostats - Standard Model,TechBrand Y,Manufacturer Direct,Standard Model
PRD-03113,FAM-01296,Smart thermostats - Compact Model,TechBrand X,Manufacturer Direct,Compact Model
PRD-03114,FAM-01296,Smart thermostats - Compact Model,TechBrand Y,Manufacturer Direct,Compact Model
PRD-03115,FAM-01297,Smart curtains - Standard Model,TechBrand X,Manufacturer Direct,Standard Model
PRD-03116,FAM-01297,Smart curtains - Standard Model,TechBrand Y,Manufacturer Direct,Standard Model
PRD-03117,FAM-01297,Smart curtains - Compact Model,TechBrand X,Manufacturer Direct,Compact Model
PRD-03118,FAM-01297,Smart curtains - Compact Model,TechBrand Y,Manufacturer Direct,Compact Model
PRD-03119,FAM-01298,Home automation hubs - Standard Model,TechBrand X,Manufacturer Direct,Standard Model
PRD-03120,FAM-01298,Home automation hubs - Standard Model,TechBrand Y,Manufacturer Direct,Standard Model
PRD-03121,FAM-01298,Home automation hubs - Compact Model,TechBrand X,Manufacturer Direct,Compact Model
PRD-03122,FAM-01298,Home automation hubs - Compact Model,TechBrand Y,Manufacturer Direct,Compact Model
PRD-03123,FAM-01299,Chips - Standard,Snack Brand A,Distributor X,Standard
PRD-03124,FAM-01299,Chips - Standard,Snack Brand B,Distributor X,Standard
PRD-03125,FAM-01300,Nachos - Standard,Brand A,Supplier X,Standard
PRD-03126,FAM-01300,Nachos - Standard,Brand B,Supplier X,Standard
PRD-03127,FAM-01301,Popcorn - Standard,Brand A,Supplier X,Standard
PRD-03128,FAM-01301,Popcorn - Standard,Brand B,Supplier X,Standard
PRD-03129,FAM-01302,Namkeen - Standard,Brand A,Supplier X,Standard
PRD-03130,FAM-01302,Namkeen - Standard,Brand B,Supplier X,Standard
PRD-03131,FAM-01303,Mixtures - Standard,Brand A,Supplier X,Standard
PRD-03132,FAM-01303,Mixtures - Standard,Brand B,Supplier X,Standard
PRD-03133,FAM-01304,Pretzels - Standard,Brand A,Supplier X,Standard
PRD-03134,FAM-01304,Pretzels - Standard,Brand B,Supplier X,Standard
PRD-03135,FAM-01305,Nuts - Standard,Brand A,Supplier X,Standard
PRD-03136,FAM-01305,Nuts - Standard,Brand B,Supplier X,Standard
PRD-03137,FAM-01306,Seeds - Standard,Brand A,Supplier X,Standard
PRD-03138,FAM-01306,Seeds - Standard,Brand B,Supplier X,Standard
PRD-03139,FAM-01307,Trail mix - Standard,Brand A,Supplier X,Standard
PRD-03140,FAM-01307,Trail mix - Standard,Brand B,Supplier X,Standard
PRD-03141,FAM-01308,Protein bars - Standard,Brand A,Supplier X,Standard
PRD-03142,FAM-01308,Protein bars - Standard,Brand B,Supplier X,Standard
PRD-03143,FAM-01309,Granola bars - Standard,Brand A,Supplier X,Standard
PRD-03144,FAM-01309,Granola bars - Standard,Brand B,Supplier X,Standard
PRD-03145,FAM-01310,Energy bars - Standard,Brand A,Supplier X,Standard
PRD-03146,FAM-01310,Energy bars - Standard,Brand B,Supplier X,Standard
PRD-03147,FAM-01311,Dried fruit - Standard,Brand A,Supplier X,Standard
PRD-03148,FAM-01311,Dried fruit - Standard,Brand B,Supplier X,Standard
PRD-03149,FAM-01312,Roasted snacks - Standard,Brand A,Supplier X,Standard
PRD-03150,FAM-01312,Roasted snacks - Standard,Brand B,Supplier X,Standard
PRD-03151,FAM-01313,Healthy snacks - Standard,Brand A,Supplier X,Standard
PRD-03152,FAM-01313,Healthy snacks - Standard,Brand B,Supplier X,Standard
PRD-03153,FAM-01314,Solar lamps - Standard Category,Generic Brand 1,Manufacturer Direct,Standard Category
PRD-03154,FAM-01314,Solar lamps - Standard Category,Generic Brand 2,Manufacturer Direct,Standard Category
PRD-03155,FAM-01315,Solar panels - Standard Category,Generic Brand 1,Manufacturer Direct,Standard Category
PRD-03156,FAM-01315,Solar panels - Standard Category,Generic Brand 2,Manufacturer Direct,Standard Category
PRD-03157,FAM-01316,Solar chargers - Standard Category,Generic Brand 1,Manufacturer Direct,Standard Category
PRD-03158,FAM-01316,Solar chargers - Standard Category,Generic Brand 2,Manufacturer Direct,Standard Category
PRD-03159,FAM-01317,Solar garden lights - Standard Category,Generic Brand 1,Manufacturer Direct,Standard Category
PRD-03160,FAM-01317,Solar garden lights - Standard Category,Generic Brand 2,Manufacturer Direct,Standard Category
PRD-03161,FAM-01318,Rechargeable batteries - Standard Category,Generic Brand 1,Manufacturer Direct,Standard Category
PRD-03162,FAM-01318,Rechargeable batteries - Standard Category,Generic Brand 2,Manufacturer Direct,Standard Category
PRD-03163,FAM-01319,Reusable bottles - Standard Category,Generic Brand 1,Manufacturer Direct,Standard Category
PRD-03164,FAM-01319,Reusable bottles - Standard Category,Generic Brand 2,Manufacturer Direct,Standard Category
PRD-03165,FAM-01320,Reusable bags - Standard Category,Generic Brand 1,Manufacturer Direct,Standard Category
PRD-03166,FAM-01320,Reusable bags - Standard Category,Generic Brand 2,Manufacturer Direct,Standard Category
PRD-03167,FAM-01321,Compostable products - Standard Category,Generic Brand 1,Manufacturer Direct,Standard Category
PRD-03168,FAM-01321,Compostable products - Standard Category,Generic Brand 2,Manufacturer Direct,Standard Category
PRD-03169,FAM-01322,Reusable containers - Standard Category,Generic Brand 1,Manufacturer Direct,Standard Category
PRD-03170,FAM-01322,Reusable containers - Standard Category,Generic Brand 2,Manufacturer Direct,Standard Category
PRD-03171,FAM-01323,Water-saving products - Standard Category,Generic Brand 1,Manufacturer Direct,Standard Category
PRD-03172,FAM-01323,Water-saving products - Standard Category,Generic Brand 2,Manufacturer Direct,Standard Category
PRD-03173,FAM-01324,Energy-efficient appliances - Standard Category,Generic Brand 1,Manufacturer Direct,Standard Category
PRD-03174,FAM-01324,Energy-efficient appliances - Standard Category,Generic Brand 2,Manufacturer Direct,Standard Category
PRD-03175,FAM-01325,Walking canes - Standard Category,Generic Brand 1,Manufacturer Direct,Standard Category
PRD-03176,FAM-01325,Walking canes - Standard Category,Generic Brand 2,Manufacturer Direct,Standard Category
PRD-03177,FAM-01326,Walkers - Standard Category,Generic Brand 1,Manufacturer Direct,Standard Category
PRD-03178,FAM-01326,Walkers - Standard Category,Generic Brand 2,Manufacturer Direct,Standard Category
PRD-03179,FAM-01327,Wheelchairs - Standard Category,Generic Brand 1,Manufacturer Direct,Standard Category
PRD-03180,FAM-01327,Wheelchairs - Standard Category,Generic Brand 2,Manufacturer Direct,Standard Category
PRD-03181,FAM-01328,Mobility aids - Standard Category,Generic Brand 1,Manufacturer Direct,Standard Category
PRD-03182,FAM-01328,Mobility aids - Standard Category,Generic Brand 2,Manufacturer Direct,Standard Category
PRD-03183,FAM-01329,Grab bars - Standard Category,Generic Brand 1,Manufacturer Direct,Standard Category
PRD-03184,FAM-01329,Grab bars - Standard Category,Generic Brand 2,Manufacturer Direct,Standard Category
PRD-03185,FAM-01330,Accessibility accessories - Standard Category,Generic Brand 1,Manufacturer Direct,Standard Category
PRD-03186,FAM-01330,Accessibility accessories - Standard Category,Generic Brand 2,Manufacturer Direct,Standard Category
PRD-03187,FAM-01331,Hearing-related consumer devices - Standard Category,Generic Brand 1,Manufacturer Direct,Standard Category
PRD-03188,FAM-01331,Hearing-related consumer devices - Standard Category,Generic Brand 2,Manufacturer Direct,Standard Category
PRD-03189,FAM-01332,Magnifying aids - Standard Category,Generic Brand 1,Manufacturer Direct,Standard Category
PRD-03190,FAM-01332,Magnifying aids - Standard Category,Generic Brand 2,Manufacturer Direct,Standard Category
PRD-03191,FAM-01333,Adaptive household tools - Standard Category,Generic Brand 1,Manufacturer Direct,Standard Category
PRD-03192,FAM-01333,Adaptive household tools - Standard Category,Generic Brand 2,Manufacturer Direct,Standard Category
PRD-03193,FAM-01334,Restaurant utensils - Standard Category,Generic Brand 1,Manufacturer Direct,Standard Category
PRD-03194,FAM-01334,Restaurant utensils - Standard Category,Generic Brand 2,Manufacturer Direct,Standard Category
PRD-03195,FAM-01335,Commercial cookware - Standard Category,Generic Brand 1,Manufacturer Direct,Standard Category
PRD-03196,FAM-01335,Commercial cookware - Standard Category,Generic Brand 2,Manufacturer Direct,Standard Category
PRD-03197,FAM-01336,Serving equipment - Standard Category,Generic Brand 1,Manufacturer Direct,Standard Category
PRD-03198,FAM-01336,Serving equipment - Standard Category,Generic Brand 2,Manufacturer Direct,Standard Category
PRD-03199,FAM-01337,Food containers - Standard Category,Generic Brand 1,Manufacturer Direct,Standard Category
PRD-03200,FAM-01337,Food containers - Standard Category,Generic Brand 2,Manufacturer Direct,Standard Category
PRD-03201,FAM-01338,Commercial cleaning chemicals - Standard Category,Generic Brand 1,Manufacturer Direct,Standard Category
PRD-03202,FAM-01338,Commercial cleaning chemicals - Standard Category,Generic Brand 2,Manufacturer Direct,Standard Category
PRD-03203,FAM-01339,Mop systems - Standard Category,Generic Brand 1,Manufacturer Direct,Standard Category
PRD-03204,FAM-01339,Mop systems - Standard Category,Generic Brand 2,Manufacturer Direct,Standard Category
PRD-03205,FAM-01340,Janitorial equipment - Standard Category,Generic Brand 1,Manufacturer Direct,Standard Category
PRD-03206,FAM-01340,Janitorial equipment - Standard Category,Generic Brand 2,Manufacturer Direct,Standard Category
PRD-03207,FAM-01341,Industrial bins - Standard Category,Generic Brand 1,Manufacturer Direct,Standard Category
PRD-03208,FAM-01341,Industrial bins - Standard Category,Generic Brand 2,Manufacturer Direct,Standard Category
PRD-03209,FAM-01342,POS equipment - Standard Category,Generic Brand 1,Manufacturer Direct,Standard Category
PRD-03210,FAM-01342,POS equipment - Standard Category,Generic Brand 2,Manufacturer Direct,Standard Category
PRD-03211,FAM-01343,Barcode scanners - Standard Category,Generic Brand 1,Manufacturer Direct,Standard Category
PRD-03212,FAM-01343,Barcode scanners - Standard Category,Generic Brand 2,Manufacturer Direct,Standard Category
PRD-03213,FAM-01344,Cash drawers - Standard Category,Generic Brand 1,Manufacturer Direct,Standard Category
PRD-03214,FAM-01344,Cash drawers - Standard Category,Generic Brand 2,Manufacturer Direct,Standard Category
PRD-03215,FAM-01345,Receipt printers - Standard Category,Generic Brand 1,Manufacturer Direct,Standard Category
PRD-03216,FAM-01345,Receipt printers - Standard Category,Generic Brand 2,Manufacturer Direct,Standard Category
PRD-03217,FAM-01346,Display fixtures - Standard Category,Generic Brand 1,Manufacturer Direct,Standard Category
PRD-03218,FAM-01346,Display fixtures - Standard Category,Generic Brand 2,Manufacturer Direct,Standard Category
PRD-03219,FAM-01347,Tools - Standard Category,Generic Brand 1,Manufacturer Direct,Standard Category
PRD-03220,FAM-01347,Tools - Standard Category,Generic Brand 2,Manufacturer Direct,Standard Category
PRD-03221,FAM-01348,Safety equipment - Standard Category,Generic Brand 1,Manufacturer Direct,Standard Category
PRD-03222,FAM-01348,Safety equipment - Standard Category,Generic Brand 2,Manufacturer Direct,Standard Category
PRD-03223,FAM-01349,Storage systems - Standard Category,Generic Brand 1,Manufacturer Direct,Standard Category
PRD-03224,FAM-01349,Storage systems - Standard Category,Generic Brand 2,Manufacturer Direct,Standard Category
PRD-03225,FAM-01350,Consumables - Standard Category,Generic Brand 1,Manufacturer Direct,Standard Category
PRD-03226,FAM-01350,Consumables - Standard Category,Generic Brand 2,Manufacturer Direct,Standard Category
PRD-03227,FAM-01351,Dumbbells - Standard Category,Generic Brand 1,Manufacturer Direct,Standard Category
PRD-03228,FAM-01351,Dumbbells - Standard Category,Generic Brand 2,Manufacturer Direct,Standard Category
PRD-03229,FAM-01352,Barbells - Standard Category,Generic Brand 1,Manufacturer Direct,Standard Category
PRD-03230,FAM-01352,Barbells - Standard Category,Generic Brand 2,Manufacturer Direct,Standard Category
PRD-03231,FAM-01353,Weight plates - Standard Category,Generic Brand 1,Manufacturer Direct,Standard Category
PRD-03232,FAM-01353,Weight plates - Standard Category,Generic Brand 2,Manufacturer Direct,Standard Category
PRD-03233,FAM-01354,Resistance bands - Standard Category,Generic Brand 1,Manufacturer Direct,Standard Category
PRD-03234,FAM-01354,Resistance bands - Standard Category,Generic Brand 2,Manufacturer Direct,Standard Category
PRD-03235,FAM-01355,Yoga mats - Standard Category,Generic Brand 1,Manufacturer Direct,Standard Category
PRD-03236,FAM-01355,Yoga mats - Standard Category,Generic Brand 2,Manufacturer Direct,Standard Category
PRD-03237,FAM-01356,Benches - Standard Category,Generic Brand 1,Manufacturer Direct,Standard Category
PRD-03238,FAM-01356,Benches - Standard Category,Generic Brand 2,Manufacturer Direct,Standard Category
PRD-03239,FAM-01357,Exercise machines - Standard Category,Generic Brand 1,Manufacturer Direct,Standard Category
PRD-03240,FAM-01357,Exercise machines - Standard Category,Generic Brand 2,Manufacturer Direct,Standard Category
PRD-03241,FAM-01358,Running shoes - Standard Category,Generic Brand 1,Manufacturer Direct,Standard Category
PRD-03242,FAM-01358,Running shoes - Standard Category,Generic Brand 2,Manufacturer Direct,Standard Category
PRD-03243,FAM-01359,Running clothes - Standard Category,Generic Brand 1,Manufacturer Direct,Standard Category
PRD-03244,FAM-01359,Running clothes - Standard Category,Generic Brand 2,Manufacturer Direct,Standard Category
PRD-03245,FAM-01360,Hydration products - Standard Category,Generic Brand 1,Manufacturer Direct,Standard Category
PRD-03246,FAM-01360,Hydration products - Standard Category,Generic Brand 2,Manufacturer Direct,Standard Category
PRD-03247,FAM-01361,Fitness watches - Standard Category,Generic Brand 1,Manufacturer Direct,Standard Category
PRD-03248,FAM-01361,Fitness watches - Standard Category,Generic Brand 2,Manufacturer Direct,Standard Category
PRD-03249,FAM-01362,Football - Standard Category,Generic Brand 1,Manufacturer Direct,Standard Category
PRD-03250,FAM-01362,Football - Standard Category,Generic Brand 2,Manufacturer Direct,Standard Category
PRD-03251,FAM-01363,Cricket - Standard Category,Generic Brand 1,Manufacturer Direct,Standard Category
PRD-03252,FAM-01363,Cricket - Standard Category,Generic Brand 2,Manufacturer Direct,Standard Category
PRD-03253,FAM-01364,Basketball - Standard Category,Generic Brand 1,Manufacturer Direct,Standard Category
PRD-03254,FAM-01364,Basketball - Standard Category,Generic Brand 2,Manufacturer Direct,Standard Category
PRD-03255,FAM-01365,Volleyball - Standard Category,Generic Brand 1,Manufacturer Direct,Standard Category
PRD-03256,FAM-01365,Volleyball - Standard Category,Generic Brand 2,Manufacturer Direct,Standard Category
PRD-03257,FAM-01366,Baseball - Standard Category,Generic Brand 1,Manufacturer Direct,Standard Category
PRD-03258,FAM-01366,Baseball - Standard Category,Generic Brand 2,Manufacturer Direct,Standard Category
PRD-03259,FAM-01367,Hockey - Standard Category,Generic Brand 1,Manufacturer Direct,Standard Category
PRD-03260,FAM-01367,Hockey - Standard Category,Generic Brand 2,Manufacturer Direct,Standard Category
PRD-03261,FAM-01368,Tennis - Standard Category,Generic Brand 1,Manufacturer Direct,Standard Category
PRD-03262,FAM-01368,Tennis - Standard Category,Generic Brand 2,Manufacturer Direct,Standard Category
PRD-03263,FAM-01369,Badminton - Standard Category,Generic Brand 1,Manufacturer Direct,Standard Category
PRD-03264,FAM-01369,Badminton - Standard Category,Generic Brand 2,Manufacturer Direct,Standard Category
PRD-03265,FAM-01370,Squash - Standard Category,Generic Brand 1,Manufacturer Direct,Standard Category
PRD-03266,FAM-01370,Squash - Standard Category,Generic Brand 2,Manufacturer Direct,Standard Category
PRD-03267,FAM-01371,Table tennis - Standard Category,Generic Brand 1,Manufacturer Direct,Standard Category
PRD-03268,FAM-01371,Table tennis - Standard Category,Generic Brand 2,Manufacturer Direct,Standard Category
PRD-03269,FAM-01372,Boxing gloves - Standard Category,Generic Brand 1,Manufacturer Direct,Standard Category
PRD-03270,FAM-01372,Boxing gloves - Standard Category,Generic Brand 2,Manufacturer Direct,Standard Category
PRD-03271,FAM-01373,Protective equipment - Standard Category,Generic Brand 1,Manufacturer Direct,Standard Category
PRD-03272,FAM-01373,Protective equipment - Standard Category,Generic Brand 2,Manufacturer Direct,Standard Category
PRD-03273,FAM-01374,Training gear - Standard Category,Generic Brand 1,Manufacturer Direct,Standard Category
PRD-03274,FAM-01374,Training gear - Standard Category,Generic Brand 2,Manufacturer Direct,Standard Category
PRD-03275,FAM-01375,Camping gear - Standard Category,Generic Brand 1,Manufacturer Direct,Standard Category
PRD-03276,FAM-01375,Camping gear - Standard Category,Generic Brand 2,Manufacturer Direct,Standard Category
PRD-03277,FAM-01376,Hiking gear - Standard Category,Generic Brand 1,Manufacturer Direct,Standard Category
PRD-03278,FAM-01376,Hiking gear - Standard Category,Generic Brand 2,Manufacturer Direct,Standard Category
PRD-03279,FAM-01377,Trekking gear - Standard Category,Generic Brand 1,Manufacturer Direct,Standard Category
PRD-03280,FAM-01377,Trekking gear - Standard Category,Generic Brand 2,Manufacturer Direct,Standard Category
PRD-03281,FAM-01378,Sleeping bags - Standard Category,Generic Brand 1,Manufacturer Direct,Standard Category
PRD-03282,FAM-01378,Sleeping bags - Standard Category,Generic Brand 2,Manufacturer Direct,Standard Category
PRD-03283,FAM-01379,Tents - Standard Category,Generic Brand 1,Manufacturer Direct,Standard Category
PRD-03284,FAM-01379,Tents - Standard Category,Generic Brand 2,Manufacturer Direct,Standard Category
PRD-03285,FAM-01380,Backpacks - Standard Category,Generic Brand 1,Manufacturer Direct,Standard Category
PRD-03286,FAM-01380,Backpacks - Standard Category,Generic Brand 2,Manufacturer Direct,Standard Category
PRD-03287,FAM-01381,Compasses - Standard Category,Generic Brand 1,Manufacturer Direct,Standard Category
PRD-03288,FAM-01381,Compasses - Standard Category,Generic Brand 2,Manufacturer Direct,Standard Category
PRD-03289,FAM-01382,Pens - Standard Category,Generic Brand 1,Manufacturer Direct,Standard Category
PRD-03290,FAM-01382,Pens - Standard Category,Generic Brand 2,Manufacturer Direct,Standard Category
PRD-03291,FAM-01383,Pencils - Standard Category,Generic Brand 1,Manufacturer Direct,Standard Category
PRD-03292,FAM-01383,Pencils - Standard Category,Generic Brand 2,Manufacturer Direct,Standard Category
PRD-03293,FAM-01384,Markers - Standard Category,Generic Brand 1,Manufacturer Direct,Standard Category
PRD-03294,FAM-01384,Markers - Standard Category,Generic Brand 2,Manufacturer Direct,Standard Category
PRD-03295,FAM-01385,Highlighters - Standard Category,Generic Brand 1,Manufacturer Direct,Standard Category
PRD-03296,FAM-01385,Highlighters - Standard Category,Generic Brand 2,Manufacturer Direct,Standard Category
PRD-03297,FAM-01386,Fountain pens - Standard Category,Generic Brand 1,Manufacturer Direct,Standard Category
PRD-03298,FAM-01386,Fountain pens - Standard Category,Generic Brand 2,Manufacturer Direct,Standard Category
PRD-03299,FAM-01387,Notebooks - Standard Category,Generic Brand 1,Manufacturer Direct,Standard Category
PRD-03300,FAM-01387,Notebooks - Standard Category,Generic Brand 2,Manufacturer Direct,Standard Category
PRD-03301,FAM-01388,Diaries - Standard Category,Generic Brand 1,Manufacturer Direct,Standard Category
PRD-03302,FAM-01388,Diaries - Standard Category,Generic Brand 2,Manufacturer Direct,Standard Category
PRD-03303,FAM-01389,Journals - Standard Category,Generic Brand 1,Manufacturer Direct,Standard Category
PRD-03304,FAM-01389,Journals - Standard Category,Generic Brand 2,Manufacturer Direct,Standard Category
PRD-03305,FAM-01390,Printing paper - Standard Category,Generic Brand 1,Manufacturer Direct,Standard Category
PRD-03306,FAM-01390,Printing paper - Standard Category,Generic Brand 2,Manufacturer Direct,Standard Category
PRD-03307,FAM-01391,Drawing paper - Standard Category,Generic Brand 1,Manufacturer Direct,Standard Category
PRD-03308,FAM-01391,Drawing paper - Standard Category,Generic Brand 2,Manufacturer Direct,Standard Category
PRD-03309,FAM-01392,Sticky notes - Standard Category,Generic Brand 1,Manufacturer Direct,Standard Category
PRD-03310,FAM-01392,Sticky notes - Standard Category,Generic Brand 2,Manufacturer Direct,Standard Category
PRD-03311,FAM-01393,Files - Standard Category,Generic Brand 1,Manufacturer Direct,Standard Category
PRD-03312,FAM-01393,Files - Standard Category,Generic Brand 2,Manufacturer Direct,Standard Category
PRD-03313,FAM-01394,Folders - Standard Category,Generic Brand 1,Manufacturer Direct,Standard Category
PRD-03314,FAM-01394,Folders - Standard Category,Generic Brand 2,Manufacturer Direct,Standard Category
PRD-03315,FAM-01395,Staplers - Standard Category,Generic Brand 1,Manufacturer Direct,Standard Category
PRD-03316,FAM-01395,Staplers - Standard Category,Generic Brand 2,Manufacturer Direct,Standard Category
PRD-03317,FAM-01396,Paper clips - Standard Category,Generic Brand 1,Manufacturer Direct,Standard Category
PRD-03318,FAM-01396,Paper clips - Standard Category,Generic Brand 2,Manufacturer Direct,Standard Category
PRD-03319,FAM-01397,Scissors - Standard Category,Generic Brand 1,Manufacturer Direct,Standard Category
PRD-03320,FAM-01397,Scissors - Standard Category,Generic Brand 2,Manufacturer Direct,Standard Category
PRD-03321,FAM-01398,Tape - Standard Category,Generic Brand 1,Manufacturer Direct,Standard Category
PRD-03322,FAM-01398,Tape - Standard Category,Generic Brand 2,Manufacturer Direct,Standard Category
PRD-03323,FAM-01399,Envelopes - Standard Category,Generic Brand 1,Manufacturer Direct,Standard Category
PRD-03324,FAM-01399,Envelopes - Standard Category,Generic Brand 2,Manufacturer Direct,Standard Category
PRD-03325,FAM-01400,Labels - Standard Category,Generic Brand 1,Manufacturer Direct,Standard Category
PRD-03326,FAM-01400,Labels - Standard Category,Generic Brand 2,Manufacturer Direct,Standard Category
PRD-03327,FAM-01401,Desk organizers - Standard Category,Generic Brand 1,Manufacturer Direct,Standard Category
PRD-03328,FAM-01401,Desk organizers - Standard Category,Generic Brand 2,Manufacturer Direct,Standard Category
PRD-03329,FAM-01402,Pen stands - Standard Category,Generic Brand 1,Manufacturer Direct,Standard Category
PRD-03330,FAM-01402,Pen stands - Standard Category,Generic Brand 2,Manufacturer Direct,Standard Category
PRD-03331,FAM-01403,Calendars - Standard Category,Generic Brand 1,Manufacturer Direct,Standard Category
PRD-03332,FAM-01403,Calendars - Standard Category,Generic Brand 2,Manufacturer Direct,Standard Category
PRD-03333,FAM-01404,Document trays - Standard Category,Generic Brand 1,Manufacturer Direct,Standard Category
PRD-03334,FAM-01404,Document trays - Standard Category,Generic Brand 2,Manufacturer Direct,Standard Category
PRD-03335,FAM-01405,Rattles - Standard Category,Generic Brand 1,Manufacturer Direct,Standard Category
PRD-03336,FAM-01405,Rattles - Standard Category,Generic Brand 2,Manufacturer Direct,Standard Category
PRD-03337,FAM-01406,Teethers - Standard Category,Generic Brand 1,Manufacturer Direct,Standard Category
PRD-03338,FAM-01406,Teethers - Standard Category,Generic Brand 2,Manufacturer Direct,Standard Category
PRD-03339,FAM-01407,Activity toys - Standard Category,Generic Brand 1,Manufacturer Direct,Standard Category
PRD-03340,FAM-01407,Activity toys - Standard Category,Generic Brand 2,Manufacturer Direct,Standard Category
PRD-03341,FAM-01408,Building blocks - Standard Category,Generic Brand 1,Manufacturer Direct,Standard Category
PRD-03342,FAM-01408,Building blocks - Standard Category,Generic Brand 2,Manufacturer Direct,Standard Category
PRD-03343,FAM-01409,STEM kits - Standard Category,Generic Brand 1,Manufacturer Direct,Standard Category
PRD-03344,FAM-01409,STEM kits - Standard Category,Generic Brand 2,Manufacturer Direct,Standard Category
PRD-03345,FAM-01410,Science kits - Standard Category,Generic Brand 1,Manufacturer Direct,Standard Category
PRD-03346,FAM-01410,Science kits - Standard Category,Generic Brand 2,Manufacturer Direct,Standard Category
PRD-03347,FAM-01411,Math toys - Standard Category,Generic Brand 1,Manufacturer Direct,Standard Category
PRD-03348,FAM-01411,Math toys - Standard Category,Generic Brand 2,Manufacturer Direct,Standard Category
PRD-03349,FAM-01412,Puzzle toys - Standard Category,Generic Brand 1,Manufacturer Direct,Standard Category
PRD-03350,FAM-01412,Puzzle toys - Standard Category,Generic Brand 2,Manufacturer Direct,Standard Category
PRD-03351,FAM-01413,Learning boards - Standard Category,Generic Brand 1,Manufacturer Direct,Standard Category
PRD-03352,FAM-01413,Learning boards - Standard Category,Generic Brand 2,Manufacturer Direct,Standard Category
PRD-03353,FAM-01414,Drawing kits - Standard Category,Generic Brand 1,Manufacturer Direct,Standard Category
PRD-03354,FAM-01414,Drawing kits - Standard Category,Generic Brand 2,Manufacturer Direct,Standard Category
PRD-03355,FAM-01415,Painting kits - Standard Category,Generic Brand 1,Manufacturer Direct,Standard Category
PRD-03356,FAM-01415,Painting kits - Standard Category,Generic Brand 2,Manufacturer Direct,Standard Category
PRD-03357,FAM-01416,Clay - Standard Category,Generic Brand 1,Manufacturer Direct,Standard Category
PRD-03358,FAM-01416,Clay - Standard Category,Generic Brand 2,Manufacturer Direct,Standard Category
PRD-03359,FAM-01417,Craft kits - Standard Category,Generic Brand 1,Manufacturer Direct,Standard Category
PRD-03360,FAM-01417,Craft kits - Standard Category,Generic Brand 2,Manufacturer Direct,Standard Category
PRD-03361,FAM-01418,Kitchen sets - Standard Category,Generic Brand 1,Manufacturer Direct,Standard Category
PRD-03362,FAM-01418,Kitchen sets - Standard Category,Generic Brand 2,Manufacturer Direct,Standard Category
PRD-03363,FAM-01419,Doctor sets - Standard Category,Generic Brand 1,Manufacturer Direct,Standard Category
PRD-03364,FAM-01419,Doctor sets - Standard Category,Generic Brand 2,Manufacturer Direct,Standard Category
PRD-03365,FAM-01420,Tool sets - Standard Category,Generic Brand 1,Manufacturer Direct,Standard Category
PRD-03366,FAM-01420,Tool sets - Standard Category,Generic Brand 2,Manufacturer Direct,Standard Category
PRD-03367,FAM-01421,Doll houses - Standard Category,Generic Brand 1,Manufacturer Direct,Standard Category
PRD-03368,FAM-01421,Doll houses - Standard Category,Generic Brand 2,Manufacturer Direct,Standard Category
PRD-03369,FAM-01422,Role-play costumes - Standard Category,Generic Brand 1,Manufacturer Direct,Standard Category
PRD-03370,FAM-01422,Role-play costumes - Standard Category,Generic Brand 2,Manufacturer Direct,Standard Category
PRD-03371,FAM-01423,Action figures - Standard Category,Generic Brand 1,Manufacturer Direct,Standard Category
PRD-03372,FAM-01423,Action figures - Standard Category,Generic Brand 2,Manufacturer Direct,Standard Category
PRD-03373,FAM-01424,Dolls - Standard Category,Generic Brand 1,Manufacturer Direct,Standard Category
PRD-03374,FAM-01424,Dolls - Standard Category,Generic Brand 2,Manufacturer Direct,Standard Category
PRD-03375,FAM-01425,Collectible figures - Standard Category,Generic Brand 1,Manufacturer Direct,Standard Category
PRD-03376,FAM-01425,Collectible figures - Standard Category,Generic Brand 2,Manufacturer Direct,Standard Category
PRD-03377,FAM-01426,Character toys - Standard Category,Generic Brand 1,Manufacturer Direct,Standard Category
PRD-03378,FAM-01426,Character toys - Standard Category,Generic Brand 2,Manufacturer Direct,Standard Category
PRD-03379,FAM-01427,Suitcases - Standard Category,Generic Brand 1,Manufacturer Direct,Standard Category
PRD-03380,FAM-01427,Suitcases - Standard Category,Generic Brand 2,Manufacturer Direct,Standard Category
PRD-03381,FAM-01428,Backpacks - Standard Category,Generic Brand 1,Manufacturer Direct,Standard Category
PRD-03382,FAM-01428,Backpacks - Standard Category,Generic Brand 2,Manufacturer Direct,Standard Category
PRD-03383,FAM-01429,Travel bags - Standard Category,Generic Brand 1,Manufacturer Direct,Standard Category
PRD-03384,FAM-01429,Travel bags - Standard Category,Generic Brand 2,Manufacturer Direct,Standard Category
PRD-03385,FAM-01430,Neck pillows - Standard Category,Generic Brand 1,Manufacturer Direct,Standard Category
PRD-03386,FAM-01430,Neck pillows - Standard Category,Generic Brand 2,Manufacturer Direct,Standard Category
PRD-03387,FAM-01431,Travel blankets - Standard Category,Generic Brand 1,Manufacturer Direct,Standard Category
PRD-03388,FAM-01431,Travel blankets - Standard Category,Generic Brand 2,Manufacturer Direct,Standard Category
PRD-03389,FAM-01432,Packing cubes - Standard Category,Generic Brand 1,Manufacturer Direct,Standard Category
PRD-03390,FAM-01432,Packing cubes - Standard Category,Generic Brand 2,Manufacturer Direct,Standard Category
PRD-03391,FAM-01433,Passport holders - Standard Category,Generic Brand 1,Manufacturer Direct,Standard Category
PRD-03392,FAM-01433,Passport holders - Standard Category,Generic Brand 2,Manufacturer Direct,Standard Category
PRD-03393,FAM-01434,Travel wallets - Standard Category,Generic Brand 1,Manufacturer Direct,Standard Category
PRD-03394,FAM-01434,Travel wallets - Standard Category,Generic Brand 2,Manufacturer Direct,Standard Category
PRD-03395,FAM-01435,Luggage locks - Standard Category,Generic Brand 1,Manufacturer Direct,Standard Category
PRD-03396,FAM-01435,Luggage locks - Standard Category,Generic Brand 2,Manufacturer Direct,Standard Category
PRD-03397,FAM-01436,Toiletry bags - Standard Category,Generic Brand 1,Manufacturer Direct,Standard Category
PRD-03398,FAM-01436,Toiletry bags - Standard Category,Generic Brand 2,Manufacturer Direct,Standard Category
PRD-03399,FAM-01437,Travel adapters - Standard Category,Generic Brand 1,Manufacturer Direct,Standard Category
PRD-03400,FAM-01437,Travel adapters - Standard Category,Generic Brand 2,Manufacturer Direct,Standard Category
PRD-03401,FAM-01438,Travel bottles - Standard Category,Generic Brand 1,Manufacturer Direct,Standard Category
PRD-03402,FAM-01438,Travel bottles - Standard Category,Generic Brand 2,Manufacturer Direct,Standard Category
PRD-03403,FAM-01439,Travel organizers - Standard Category,Generic Brand 1,Manufacturer Direct,Standard Category
PRD-03404,FAM-01439,Travel organizers - Standard Category,Generic Brand 2,Manufacturer Direct,Standard Category
PRD-03405,FAM-01440,Portable chargers - Standard Category,Generic Brand 1,Manufacturer Direct,Standard Category
PRD-03406,FAM-01440,Portable chargers - Standard Category,Generic Brand 2,Manufacturer Direct,Standard Category
PRD-03407,FAM-01441,Analog watches - Standard Fit,Brand X,Manufacturer Direct,Standard Fit
PRD-03408,FAM-01441,Analog watches - Standard Fit,Brand Y,Manufacturer Direct,Standard Fit
PRD-03409,FAM-01441,Analog watches - Premium Style,Brand X,Manufacturer Direct,Premium Style
PRD-03410,FAM-01441,Analog watches - Premium Style,Brand Y,Manufacturer Direct,Premium Style
PRD-03411,FAM-01442,Digital watches - Standard Fit,Brand X,Manufacturer Direct,Standard Fit
PRD-03412,FAM-01442,Digital watches - Standard Fit,Brand Y,Manufacturer Direct,Standard Fit
PRD-03413,FAM-01442,Digital watches - Premium Style,Brand X,Manufacturer Direct,Premium Style
PRD-03414,FAM-01442,Digital watches - Premium Style,Brand Y,Manufacturer Direct,Premium Style
PRD-03415,FAM-01443,Smart watches - Standard Fit,Brand X,Manufacturer Direct,Standard Fit
PRD-03416,FAM-01443,Smart watches - Standard Fit,Brand Y,Manufacturer Direct,Standard Fit
PRD-03417,FAM-01443,Smart watches - Premium Style,Brand X,Manufacturer Direct,Premium Style
PRD-03418,FAM-01443,Smart watches - Premium Style,Brand Y,Manufacturer Direct,Premium Style
PRD-03419,FAM-01444,Luxury watches - Standard Fit,Brand X,Manufacturer Direct,Standard Fit
PRD-03420,FAM-01444,Luxury watches - Standard Fit,Brand Y,Manufacturer Direct,Standard Fit
PRD-03421,FAM-01444,Luxury watches - Premium Style,Brand X,Manufacturer Direct,Premium Style
PRD-03422,FAM-01444,Luxury watches - Premium Style,Brand Y,Manufacturer Direct,Premium Style
PRD-03423,FAM-01445,Sports watches - Standard Fit,Brand X,Manufacturer Direct,Standard Fit
PRD-03424,FAM-01445,Sports watches - Standard Fit,Brand Y,Manufacturer Direct,Standard Fit
PRD-03425,FAM-01445,Sports watches - Premium Style,Brand X,Manufacturer Direct,Premium Style
PRD-03426,FAM-01445,Sports watches - Premium Style,Brand Y,Manufacturer Direct,Premium Style
PRD-03427,FAM-01446,Kids' watches - Standard Fit,Brand X,Manufacturer Direct,Standard Fit
PRD-03428,FAM-01446,Kids' watches - Standard Fit,Brand Y,Manufacturer Direct,Standard Fit
PRD-03429,FAM-01446,Kids' watches - Premium Style,Brand X,Manufacturer Direct,Premium Style
PRD-03430,FAM-01446,Kids' watches - Premium Style,Brand Y,Manufacturer Direct,Premium Style
PRD-03431,FAM-01447,Fitness trackers - Standard Fit,Brand X,Manufacturer Direct,Standard Fit
PRD-03432,FAM-01447,Fitness trackers - Standard Fit,Brand Y,Manufacturer Direct,Standard Fit
PRD-03433,FAM-01447,Fitness trackers - Premium Style,Brand X,Manufacturer Direct,Premium Style
PRD-03434,FAM-01447,Fitness trackers - Premium Style,Brand Y,Manufacturer Direct,Premium Style
PRD-03435,FAM-01448,Watch straps - Standard Fit,Brand X,Manufacturer Direct,Standard Fit
PRD-03436,FAM-01448,Watch straps - Standard Fit,Brand Y,Manufacturer Direct,Standard Fit
PRD-03437,FAM-01448,Watch straps - Premium Style,Brand X,Manufacturer Direct,Premium Style
PRD-03438,FAM-01448,Watch straps - Premium Style,Brand Y,Manufacturer Direct,Premium Style
PRD-03439,FAM-01449,Watch accessories - Standard Fit,Brand X,Manufacturer Direct,Standard Fit
PRD-03440,FAM-01449,Watch accessories - Standard Fit,Brand Y,Manufacturer Direct,Standard Fit
PRD-03441,FAM-01449,Watch accessories - Premium Style,Brand X,Manufacturer Direct,Premium Style
PRD-03442,FAM-01449,Watch accessories - Premium Style,Brand Y,Manufacturer Direct,Premium Style
PRD-03443,FAM-01450,Clocks - Standard Fit,Brand X,Manufacturer Direct,Standard Fit
PRD-03444,FAM-01450,Clocks - Standard Fit,Brand Y,Manufacturer Direct,Standard Fit
PRD-03445,FAM-01450,Clocks - Premium Style,Brand X,Manufacturer Direct,Premium Style
PRD-03446,FAM-01450,Clocks - Premium Style,Brand Y,Manufacturer Direct,Premium Style
PRD-03447,FAM-01451,Wall clocks - Standard Fit,Brand X,Manufacturer Direct,Standard Fit
PRD-03448,FAM-01451,Wall clocks - Standard Fit,Brand Y,Manufacturer Direct,Standard Fit
PRD-03449,FAM-01451,Wall clocks - Premium Style,Brand X,Manufacturer Direct,Premium Style
PRD-03450,FAM-01451,Wall clocks - Premium Style,Brand Y,Manufacturer Direct,Premium Style
PRD-03451,FAM-01452,Alarm clocks - Standard Fit,Brand X,Manufacturer Direct,Standard Fit
PRD-03452,FAM-01452,Alarm clocks - Standard Fit,Brand Y,Manufacturer Direct,Standard Fit
PRD-03453,FAM-01452,Alarm clocks - Premium Style,Brand X,Manufacturer Direct,Premium Style
PRD-03454,FAM-01452,Alarm clocks - Premium Style,Brand Y,Manufacturer Direct,Premium Style
PRD-03455,FAM-01453,Travel clocks - Standard Fit,Brand X,Manufacturer Direct,Standard Fit
PRD-03456,FAM-01453,Travel clocks - Standard Fit,Brand Y,Manufacturer Direct,Standard Fit
PRD-03457,FAM-01453,Travel clocks - Premium Style,Brand X,Manufacturer Direct,Premium Style
PRD-03458,FAM-01453,Travel clocks - Premium Style,Brand Y,Manufacturer Direct,Premium Style
